att_id,candidate_cwe,score,rationale,feature_scores
T1055.011,CWE-590,0.2455,boost_common_term:memory,"{""title_sim"": 0.5084745762711864, ""desc_sim"": 0.11705329253129093, ""kw_tactic_jaccard"": 0.0, ""mitigation_overlap"": 0.03932584269662921}"
T1055.011,CWE-591,0.2356,boost_common_term:memory,"{""title_sim"": 0.4810126582278481, ""desc_sim"": 0.10883295052491926, ""kw_tactic_jaccard"": 0.0, ""mitigation_overlap"": 0.043010752688172046}"
T1055.011,CWE-788,0.2339,boost_common_term:memory,"{""title_sim"": 0.5070422535211268, ""desc_sim"": 0.09094426774378597, ""kw_tactic_jaccard"": 0.0, ""mitigation_overlap"": 0.022598870056497175}"
T1053.005,CWE-1109,0.1476,boost_common_term:task,"{""title_sim"": 0.2142857142857143, ""desc_sim"": 0.09483263978472004, ""kw_tactic_jaccard"": 0.0, ""mitigation_overlap"": 0.024390243902439025}"
T1053.005,CWE-23,0.1437,,"{""title_sim"": 0.4324324324324324, ""desc_sim"": 0.02649517789896833, ""kw_tactic_jaccard"": 0.0, ""mitigation_overlap"": 0.029940119760479042}"
T1053.005,CWE-252,0.1319,,"{""title_sim"": 0.38888888888888884, ""desc_sim"": 0.03402569743075239, ""kw_tactic_jaccard"": 0.0, ""mitigation_overlap"": 0.025}"
T1205.002,CWE-790,0.1973,boost_common_term:filters,"{""title_sim"": 0.34615384615384615, ""desc_sim"": 0.12078728766704422, ""kw_tactic_jaccard"": 0.0, ""mitigation_overlap"": 0.036231884057971016}"
T1205.002,CWE-793,0.1733,boost_common_term:filters,"{""title_sim"": 0.32258064516129037, ""desc_sim"": 0.07409452450540466, ""kw_tactic_jaccard"": 0.0, ""mitigation_overlap"": 0.02158273381294964}"
T1205.002,CWE-182,0.1640,boost_common_term:filters,"{""title_sim"": 0.25, ""desc_sim"": 0.11038030767520189, ""kw_tactic_jaccard"": 0.0, ""mitigation_overlap"": 0.029197080291970802}"
T1066,CWE-1301,0.1825,boost_common_term:removal,"{""title_sim"": 0.4, ""desc_sim"": 0.04159984810424834, ""kw_tactic_jaccard"": 0.0, ""mitigation_overlap"": 0.0}"
T1066,CWE-14,0.1668,,"{""title_sim"": 0.49275362318840576, ""desc_sim"": 0.0535546357671601, ""kw_tactic_jaccard"": 0.0, ""mitigation_overlap"": 0.014492753623188406}"
T1066,CWE-343,0.1650,,"{""title_sim"": 0.5, ""desc_sim"": 0.021561755081758, ""kw_tactic_jaccard"": 0.0, ""mitigation_overlap"": 0.04285714285714286}"
T1560.001,CWE-1220,0.1680,boost_common_term:via,"{""title_sim"": 0.36065573770491804, ""desc_sim"": 0.03270146448026319, ""kw_tactic_jaccard"": 0.0, ""mitigation_overlap"": 0.0}"
T1560.001,CWE-603,0.1613,boost_common_term:via,"{""title_sim"": 0.34615384615384615, ""desc_sim"": 0.017433313318268986, ""kw_tactic_jaccard"": 0.0, ""mitigation_overlap"": 0.010869565217391304}"
T1560.001,CWE-912,0.1514,,"{""title_sim"": 0.4615384615384615, ""desc_sim"": 0.035815641126922704, ""kw_tactic_jaccard"": 0.0, ""mitigation_overlap"": 0.01098901098901099}"
T1021.005,CWE-561,0.0531,,"{""title_sim"": 0.1666666666666667, ""desc_sim"": 0.004420563184075557, ""kw_tactic_jaccard"": 0.0, ""mitigation_overlap"": 0.008771929824561403}"
T1021.005,CWE-62,0.0511,,"{""title_sim"": 0.11764705882352942, ""desc_sim"": 0.03207374576552552, ""kw_tactic_jaccard"": 0.0, ""mitigation_overlap"": 0.03076923076923077}"
T1021.005,CWE-522,0.0494,,"{""title_sim"": 0.05128205128205124, ""desc_sim"": 0.07869756459218956, ""kw_tactic_jaccard"": 0.0, ""mitigation_overlap"": 0.05217391304347826}"
T1047,CWE-58,0.2113,boost_common_term:windows,"{""title_sim"": 0.4722222222222222, ""desc_sim"": 0.046045041027141076, ""kw_tactic_jaccard"": 0.0, ""mitigation_overlap"": 0.028985507246376812}"
T1047,CWE-245,0.2102,boost_common_term:management,"{""title_sim"": 0.48837209302325585, ""desc_sim"": 0.03547257794755617, ""kw_tactic_jaccard"": 0.0, ""mitigation_overlap"": 0.015384615384615385}"
T1047,CWE-67,0.2063,boost_common_term:windows,"{""title_sim"": 0.45333333333333337, ""desc_sim"": 0.045034841545133555, ""kw_tactic_jaccard"": 0.0, ""mitigation_overlap"": 0.033783783783783786}"
T1156,CWE-508,0.2604,boost_common_term:malicious,"{""title_sim"": 0.6206896551724138, ""desc_sim"": 0.06157820620924411, ""kw_tactic_jaccard"": 0.0, ""mitigation_overlap"": 0.02857142857142857}"
T1156,CWE-473,0.2497,boost_common_term:modification,"{""title_sim"": 0.6, ""desc_sim"": 0.04369765555727484, ""kw_tactic_jaccard"": 0.0, ""mitigation_overlap"": 0.03296703296703297}"
T1156,CWE-553,0.2453,boost_common_term:shell,"{""title_sim"": 0.4210526315789474, ""desc_sim"": 0.19929924036186142, ""kw_tactic_jaccard"": 0.0, ""mitigation_overlap"": 0.04597701149425287}"
T1113,CWE-1164,0.1612,,"{""title_sim"": 0.48275862068965514, ""desc_sim"": 0.03358378233598102, ""kw_tactic_jaccard"": 0.0, ""mitigation_overlap"": 0.03125}"
T1113,CWE-448,0.1601,,"{""title_sim"": 0.5, ""desc_sim"": 0.03351129534826773, ""kw_tactic_jaccard"": 0.0, ""mitigation_overlap"": 0.0}"
T1113,CWE-415,0.1574,,"{""title_sim"": 0.48, ""desc_sim"": 0.030621082718893702, ""kw_tactic_jaccard"": 0.0, ""mitigation_overlap"": 0.02127659574468085}"
T1027.011,CWE-515,0.2914,boost_common_term:storage;boost_subtech_title_match,"{""title_sim"": 0.6086956521739131, ""desc_sim"": 0.08082759035415887, ""kw_tactic_jaccard"": 0.0, ""mitigation_overlap"": 0.022598870056497175}"
T1027.011,CWE-591,0.2596,boost_subtech_title_match,"{""title_sim"": 0.6086956521739131, ""desc_sim"": 0.1225087812958994, ""kw_tactic_jaccard"": 0.0, ""mitigation_overlap"": 0.05142857142857143}"
T1027.011,CWE-921,0.2439,boost_subtech_title_match,"{""title_sim"": 0.6086956521739131, ""desc_sim"": 0.08438192355624304, ""kw_tactic_jaccard"": 0.0, ""mitigation_overlap"": 0.030120481927710843}"
T1067,CWE-511,0.1277,,"{""title_sim"": 0.36363636363636365, ""desc_sim"": 0.047844789645161034, ""kw_tactic_jaccard"": 0.0, ""mitigation_overlap"": 0.021505376344086023}"
T1067,CWE-1071,0.1163,,"{""title_sim"": 0.34782608695652173, ""desc_sim"": 0.032347971626580915, ""kw_tactic_jaccard"": 0.0, ""mitigation_overlap"": 0.011363636363636364}"
T1067,CWE-667,0.1099,,"{""title_sim"": 0.34782608695652173, ""desc_sim"": 0.01857301657443818, ""kw_tactic_jaccard"": 0.0, ""mitigation_overlap"": 0.0}"
T1037,CWE-455,0.2812,boost_common_term:initialization,"{""title_sim"": 0.6376811594202898, ""desc_sim"": 0.0999264415531295, ""kw_tactic_jaccard"": 0.0, ""mitigation_overlap"": 0.04950495049504951}"
T1037,CWE-665,0.2485,,"{""title_sim"": 0.7567567567567568, ""desc_sim"": 0.06364680335509267, ""kw_tactic_jaccard"": 0.0, ""mitigation_overlap"": 0.011904761904761904}"
T1037,CWE-1204,0.2465,boost_common_term:initialization,"{""title_sim"": 0.5679012345679013, ""desc_sim"": 0.0794517824004858, ""kw_tactic_jaccard"": 0.0, ""mitigation_overlap"": 0.011363636363636364}"
T1557,CWE-617,0.1365,,"{""title_sim"": 0.38095238095238093, ""desc_sim"": 0.04820255903590741, ""kw_tactic_jaccard"": 0.0, ""mitigation_overlap"": 0.03896103896103896}"
T1557,CWE-437,0.1353,,"{""title_sim"": 0.33333333333333326, ""desc_sim"": 0.08429041740143862, ""kw_tactic_jaccard"": 0.0, ""mitigation_overlap"": 0.05}"
T1557,CWE-1164,0.1263,,"{""title_sim"": 0.368421052631579, ""desc_sim"": 0.03600513672183828, ""kw_tactic_jaccard"": 0.0, ""mitigation_overlap"": 0.024691358024691357}"
T1033,CWE-1007,0.2060,boost_common_term:user,"{""title_sim"": 0.37777777777777777, ""desc_sim"": 0.116690741358952, ""kw_tactic_jaccard"": 0.0, ""mitigation_overlap"": 0.038461538461538464}"
T1033,CWE-446,0.1998,boost_common_term:user,"{""title_sim"": 0.41935483870967744, ""desc_sim"": 0.06339039673867676, ""kw_tactic_jaccard"": 0.0, ""mitigation_overlap"": 0.024793388429752067}"
T1033,CWE-356,0.1991,boost_common_term:user,"{""title_sim"": 0.3513513513513513, ""desc_sim"": 0.10787915690261406, ""kw_tactic_jaccard"": 0.0, ""mitigation_overlap"": 0.056451612903225805}"
T1583,CWE-682,0.1493,,"{""title_sim"": 0.46511627906976744, ""desc_sim"": 0.0198451165041825, ""kw_tactic_jaccard"": 0.0, ""mitigation_overlap"": 0.018867924528301886}"
T1583,CWE-696,0.1483,,"{""title_sim"": 0.4782608695652174, ""desc_sim"": 0.009990520623426136, ""kw_tactic_jaccard"": 0.0, ""mitigation_overlap"": 0.009259259259259259}"
T1583,CWE-1420,0.1472,,"{""title_sim"": 0.4146341463414634, ""desc_sim"": 0.057413417421316316, ""kw_tactic_jaccard"": 0.0, ""mitigation_overlap"": 0.028037383177570093}"
T1218.011,CWE-252,0.1144,,"{""title_sim"": 0.33333333333333326, ""desc_sim"": 0.030386129005688663, ""kw_tactic_jaccard"": 0.0, ""mitigation_overlap"": 0.026595744680851064}"
T1218.011,CWE-674,0.1090,,"{""title_sim"": 0.33333333333333326, ""desc_sim"": 0.016238338698583668, ""kw_tactic_jaccard"": 0.0, ""mitigation_overlap"": 0.020833333333333332}"
T1218.011,CWE-1041,0.0981,,"{""title_sim"": 0.2758620689655173, ""desc_sim"": 0.03299213208624485, ""kw_tactic_jaccard"": 0.0, ""mitigation_overlap"": 0.02702702702702703}"
T1613,CWE-1229,0.2473,boost_common_term:resource,"{""title_sim"": 0.5573770491803279, ""desc_sim"": 0.0722453222605843, ""kw_tactic_jaccard"": 0.0, ""mitigation_overlap"": 0.04225352112676056}"
T1613,CWE-908,0.2386,boost_common_term:resource,"{""title_sim"": 0.5901639344262295, ""desc_sim"": 0.02823365390701306, ""kw_tactic_jaccard"": 0.0, ""mitigation_overlap"": 0.015384615384615385}"
T1613,CWE-226,0.2368,boost_common_term:resource,"{""title_sim"": 0.4666666666666666, ""desc_sim"": 0.10417669502762286, ""kw_tactic_jaccard"": 0.0, ""mitigation_overlap"": 0.07792207792207792}"
T1583.007,CWE-126,0.1471,,"{""title_sim"": 0.4615384615384615, ""desc_sim"": 0.013314005488354297, ""kw_tactic_jaccard"": 0.0, ""mitigation_overlap"": 0.023255813953488372}"
T1583.007,CWE-416,0.1384,,"{""title_sim"": 0.41666666666666663, ""desc_sim"": 0.0253997490523788, ""kw_tactic_jaccard"": 0.0, ""mitigation_overlap"": 0.028846153846153848}"
T1583.007,CWE-114,0.1345,,"{""title_sim"": 0.4, ""desc_sim"": 0.032496069760662154, ""kw_tactic_jaccard"": 0.0, ""mitigation_overlap"": 0.023529411764705882}"
T1143,CWE-912,0.2306,,"{""title_sim"": 0.631578947368421, ""desc_sim"": 0.11434971910210634, ""kw_tactic_jaccard"": 0.0, ""mitigation_overlap"": 0.03418803418803419}"
T1143,CWE-65,0.2282,,"{""title_sim"": 0.6666666666666665, ""desc_sim"": 0.06787061763402177, ""kw_tactic_jaccard"": 0.0, ""mitigation_overlap"": 0.03937007874015748}"
T1143,CWE-507,0.1957,boost_common_term:hidden,"{""title_sim"": 0.32, ""desc_sim"": 0.12037416117337996, ""kw_tactic_jaccard"": 0.0, ""mitigation_overlap"": 0.06779661016949153}"
T1161,CWE-464,0.2235,boost_common_term:addition,"{""title_sim"": 0.5333333333333333, ""desc_sim"": 0.036348332887521526, ""kw_tactic_jaccard"": 0.0, ""mitigation_overlap"": 0.013157894736842105}"
T1161,CWE-216,0.1308,boost_common_term:addition,"{""title_sim"": 0.22535211267605632, ""desc_sim"": 0.0372003514401811, ""kw_tactic_jaccard"": 0.0, ""mitigation_overlap"": 0.010309278350515464}"
T1161,CWE-287,0.1297,,"{""title_sim"": 0.35555555555555557, ""desc_sim"": 0.051610812985236336, ""kw_tactic_jaccard"": 0.0, ""mitigation_overlap"": 0.0379746835443038}"
T1132.001,CWE-838,0.3782,boost_common_term:encoding;boost_subtech_title_match,"{""title_sim"": 0.64, ""desc_sim"": 0.33067696832205423, ""kw_tactic_jaccard"": 0.0, ""mitigation_overlap"": 0.03508771929824561}"
T1132.001,CWE-261,0.3581,boost_common_term:encoding;boost_subtech_title_match,"{""title_sim"": 0.64, ""desc_sim"": 0.2736318692955329, ""kw_tactic_jaccard"": 0.0, ""mitigation_overlap"": 0.02}"
T1132.001,CWE-116,0.3562,boost_common_term:encoding;boost_subtech_title_match,"{""title_sim"": 0.64, ""desc_sim"": 0.24723441364741525, ""kw_tactic_jaccard"": 0.0, ""mitigation_overlap"": 0.05}"
T1027.009,CWE-506,0.2558,boost_subtech_title_match,"{""title_sim"": 0.65, ""desc_sim"": 0.09745174586932324, ""kw_tactic_jaccard"": 0.0, ""mitigation_overlap"": 0.007936507936507936}"
T1027.009,CWE-114,0.1559,boost_common_term:payloads,"{""title_sim"": 0.25, ""desc_sim"": 0.09290830513084823, ""kw_tactic_jaccard"": 0.0, ""mitigation_overlap"": 0.015037593984962405}"
T1027.009,CWE-259,0.1431,,"{""title_sim"": 0.46511627906976744, ""desc_sim"": 0.011995843222202787, ""kw_tactic_jaccard"": 0.0, ""mitigation_overlap"": 0.0}"
T1150,CWE-473,0.3080,boost_common_term:modification,"{""title_sim"": 0.8, ""desc_sim"": 0.03860531945019079, ""kw_tactic_jaccard"": 0.0, ""mitigation_overlap"": 0.031914893617021274}"
T1150,CWE-1037,0.2633,,"{""title_sim"": 0.8, ""desc_sim"": 0.05432397982363636, ""kw_tactic_jaccard"": 0.0, ""mitigation_overlap"": 0.03488372093023256}"
T1150,CWE-733,0.2618,,"{""title_sim"": 0.8, ""desc_sim"": 0.04912375277801039, ""kw_tactic_jaccard"": 0.0, ""mitigation_overlap"": 0.03529411764705882}"
T1556.003,CWE-1390,0.3647,boost_common_term:authentication;boost_subtech_title_match,"{""title_sim"": 0.8484848484848484, ""desc_sim"": 0.06990915827089085, ""kw_tactic_jaccard"": 0.0, ""mitigation_overlap"": 0.04597701149425287}"
T1556.003,CWE-306,0.2986,boost_common_term:authentication;boost_subtech_title_match,"{""title_sim"": 0.6086956521739131, ""desc_sim"": 0.08863699839077538, ""kw_tactic_jaccard"": 0.0, ""mitigation_overlap"": 0.047058823529411764}"
T1556.003,CWE-603,0.2936,boost_common_term:authentication;boost_subtech_title_match,"{""title_sim"": 0.6086956521739131, ""desc_sim"": 0.08017951632917028, ""kw_tactic_jaccard"": 0.0, ""mitigation_overlap"": 0.034482758620689655}"
T1578.004,CWE-1063,0.2452,boost_common_term:instance,"{""title_sim"": 0.5517241379310345, ""desc_sim"": 0.0898557880358411, ""kw_tactic_jaccard"": 0.0, ""mitigation_overlap"": 0.0136986301369863}"
T1578.004,CWE-1082,0.2432,boost_common_term:instance,"{""title_sim"": 0.5517241379310345, ""desc_sim"": 0.08358618168679048, ""kw_tactic_jaccard"": 0.0, ""mitigation_overlap"": 0.01282051282051282}"
T1578.004,CWE-793,0.2402,boost_common_term:instance,"{""title_sim"": 0.5517241379310345, ""desc_sim"": 0.06610412641675062, ""kw_tactic_jaccard"": 0.0, ""mitigation_overlap"": 0.024390243902439025}"
T1148,CWE-564,0.0840,,"{""title_sim"": 0.22857142857142862, ""desc_sim"": 0.034277154529144094, ""kw_tactic_jaccard"": 0.0, ""mitigation_overlap"": 0.02564102564102564}"
T1148,CWE-62,0.0821,,"{""title_sim"": 0.16, ""desc_sim"": 0.0580442869767827, ""kw_tactic_jaccard"": 0.0, ""mitigation_overlap"": 0.08333333333333333}"
T1148,CWE-589,0.0807,,"{""title_sim"": 0.16216216216216212, ""desc_sim"": 0.057364653473614614, ""kw_tactic_jaccard"": 0.0, ""mitigation_overlap"": 0.07407407407407407}"
T1592,CWE-541,0.2468,boost_common_term:information,"{""title_sim"": 0.5365853658536586, ""desc_sim"": 0.09010829969932134, ""kw_tactic_jaccard"": 0.0, ""mitigation_overlap"": 0.04411764705882353}"
T1592,CWE-221,0.2459,boost_common_term:information,"{""title_sim"": 0.5862068965517241, ""desc_sim"": 0.05718277835740204, ""kw_tactic_jaccard"": 0.0, ""mitigation_overlap"": 0.014184397163120567}"
T1592,CWE-213,0.2456,boost_common_term:information,"{""title_sim"": 0.5365853658536586, ""desc_sim"": 0.09292435155768801, ""kw_tactic_jaccard"": 0.0, ""mitigation_overlap"": 0.03355704697986577}"
T1596.003,CWE-298,0.2447,boost_common_term:certificates,"{""title_sim"": 0.49230769230769234, ""desc_sim"": 0.12989252502824894, ""kw_tactic_jaccard"": 0.0, ""mitigation_overlap"": 0.04}"
T1596.003,CWE-599,0.1989,,"{""title_sim"": 0.5245901639344263, ""desc_sim"": 0.12553606485912436, ""kw_tactic_jaccard"": 0.0, ""mitigation_overlap"": 0.019417475728155338}"
T1596.003,CWE-295,0.1977,,"{""title_sim"": 0.5490196078431372, ""desc_sim"": 0.11006870171340967, ""kw_tactic_jaccard"": 0.0, ""mitigation_overlap"": 0.0}"
T1056.001,CWE-778,0.1472,,"{""title_sim"": 0.4666666666666666, ""desc_sim"": 0.013271298327269879, ""kw_tactic_jaccard"": 0.0, ""mitigation_overlap"": 0.016}"
T1056.001,CWE-779,0.1392,,"{""title_sim"": 0.4, ""desc_sim"": 0.05353139439021435, ""kw_tactic_jaccard"": 0.0, ""mitigation_overlap"": 0.015625}"
T1056.001,CWE-385,0.1314,,"{""title_sim"": 0.3870967741935484, ""desc_sim"": 0.03002390383843655, ""kw_tactic_jaccard"": 0.0, ""mitigation_overlap"": 0.03125}"
T1564.012,CWE-73,0.2095,boost_common_term:file,"{""title_sim"": 0.4210526315789474, ""desc_sim"": 0.09793229780124112, ""kw_tactic_jaccard"": 0.0, ""mitigation_overlap"": 0.01904761904761905}"
T1564.012,CWE-260,0.1967,boost_common_term:file,"{""title_sim"": 0.44, ""desc_sim"": 0.042834100856799714, ""kw_tactic_jaccard"": 0.0, ""mitigation_overlap"": 0.009433962264150943}"
T1564.012,CWE-41,0.1781,"boost_common_term:path,file","{""title_sim"": 0.33898305084745756, ""desc_sim"": 0.07074166465675771, ""kw_tactic_jaccard"": 0.0, ""mitigation_overlap"": 0.02608695652173913}"
T1222.002,CWE-379,0.3438,"boost_common_term:directory,file,permissions;boost_subtech_title_match","{""title_sim"": 0.6582278481012659, ""desc_sim"": 0.18452692164625273, ""kw_tactic_jaccard"": 0.0, ""mitigation_overlap"": 0.0546875}"
T1222.002,CWE-276,0.2706,"boost_common_term:file,permissions","{""title_sim"": 0.55, ""desc_sim"": 0.1531244109294733, ""kw_tactic_jaccard"": 0.0, ""mitigation_overlap"": 0.04838709677419355}"
T1222.002,CWE-378,0.2641,boost_common_term:file,"{""title_sim"": 0.5714285714285715, ""desc_sim"": 0.1169829655312363, ""kw_tactic_jaccard"": 0.0, ""mitigation_overlap"": 0.03787878787878788}"
T1110.001,CWE-620,0.3241,boost_common_term:password;boost_subtech_title_match,"{""title_sim"": 0.64, ""desc_sim"": 0.15322575350373088, ""kw_tactic_jaccard"": 0.0, ""mitigation_overlap"": 0.03067484662576687}"
T1110.001,CWE-640,0.3053,boost_common_term:password;boost_subtech_title_match,"{""title_sim"": 0.64, ""desc_sim"": 0.09869450193423007, ""kw_tactic_jaccard"": 0.0, ""mitigation_overlap"": 0.018292682926829267}"
T1110.001,CWE-261,0.3034,boost_common_term:password;boost_subtech_title_match,"{""title_sim"": 0.64, ""desc_sim"": 0.09612152066278823, ""kw_tactic_jaccard"": 0.0, ""mitigation_overlap"": 0.012578616352201259}"
T1216.001,CWE-415,0.1097,,"{""title_sim"": 0.35294117647058826, ""desc_sim"": 0.012695579628693558, ""kw_tactic_jaccard"": 0.0, ""mitigation_overlap"": 0.0}"
T1216.001,CWE-62,0.0914,,"{""title_sim"": 0.2, ""desc_sim"": 0.05108517169113638, ""kw_tactic_jaccard"": 0.0, ""mitigation_overlap"": 0.08035714285714286}"
T1216.001,CWE-127,0.0896,,"{""title_sim"": 0.26086956521739124, ""desc_sim"": 0.025523881648624368, ""kw_tactic_jaccard"": 0.0, ""mitigation_overlap"": 0.018518518518518517}"
T1597.002,CWE-1059,0.2511,boost_common_term:technical,"{""title_sim"": 0.576271186440678, ""desc_sim"": 0.0719898802898759, ""kw_tactic_jaccard"": 0.0, ""mitigation_overlap"": 0.03305785123966942}"
T1597.002,CWE-1067,0.1984,boost_common_term:data,"{""title_sim"": 0.43037974683544306, ""desc_sim"": 0.03980885787763885, ""kw_tactic_jaccard"": 0.0, ""mitigation_overlap"": 0.03669724770642202}"
T1597.002,CWE-1314,0.1929,boost_common_term:data,"{""title_sim"": 0.40540540540540543, ""desc_sim"": 0.04718536789307095, ""kw_tactic_jaccard"": 0.0, ""mitigation_overlap"": 0.035398230088495575}"
T1003,CWE-1273,0.2280,,"{""title_sim"": 0.6451612903225806, ""desc_sim"": 0.0813884900689412, ""kw_tactic_jaccard"": 0.0, ""mitigation_overlap"": 0.05}"
T1003,CWE-1392,0.2034,,"{""title_sim"": 0.5957446808510638, ""desc_sim"": 0.07118136039023025, ""kw_tactic_jaccard"": 0.0, ""mitigation_overlap"": 0.01639344262295082}"
T1003,CWE-1391,0.1987,,"{""title_sim"": 0.5454545454545454, ""desc_sim"": 0.09632130844934861, ""kw_tactic_jaccard"": 0.0, ""mitigation_overlap"": 0.03076923076923077}"
T1129,CWE-1047,0.2939,boost_common_term:modules,"{""title_sim"": 0.6666666666666665, ""desc_sim"": 0.11640573433500266, ""kw_tactic_jaccard"": 0.0, ""mitigation_overlap"": 0.044642857142857144}"
T1129,CWE-567,0.2765,boost_common_term:shared,"{""title_sim"": 0.6, ""desc_sim"": 0.13186630001272054, ""kw_tactic_jaccard"": 0.0, ""mitigation_overlap"": 0.034482758620689655}"
T1129,CWE-362,0.2746,boost_common_term:shared,"{""title_sim"": 0.6, ""desc_sim"": 0.1145864754770685, ""kw_tactic_jaccard"": 0.0, ""mitigation_overlap"": 0.05128205128205128}"
T1602,CWE-1051,0.2846,boost_common_term:data,"{""title_sim"": 0.6923076923076923, ""desc_sim"": 0.07882294100520804, ""kw_tactic_jaccard"": 0.0, ""mitigation_overlap"": 0.016129032258064516}"
T1602,CWE-15,0.2607,boost_common_term:configuration,"{""title_sim"": 0.5531914893617021, ""desc_sim"": 0.11526646685011788, ""kw_tactic_jaccard"": 0.0, ""mitigation_overlap"": 0.05084745762711865}"
T1602,CWE-260,0.2548,boost_common_term:configuration,"{""title_sim"": 0.6046511627906976, ""desc_sim"": 0.06774776250785332, ""kw_tactic_jaccard"": 0.0, ""mitigation_overlap"": 0.015625}"
T1561.002,CWE-495,0.2876,boost_common_term:structure;boost_subtech_title_match,"{""title_sim"": 0.6428571428571428, ""desc_sim"": 0.03951348219108546, ""kw_tactic_jaccard"": 0.0, ""mitigation_overlap"": 0.014598540145985401}"
T1561.002,CWE-228,0.2368,boost_subtech_title_match,"{""title_sim"": 0.6428571428571428, ""desc_sim"": 0.04158088005613904, ""kw_tactic_jaccard"": 0.0, ""mitigation_overlap"": 0.007518796992481203}"
T1561.002,CWE-464,0.2346,boost_subtech_title_match,"{""title_sim"": 0.6428571428571428, ""desc_sim"": 0.039186955682645075, ""kw_tactic_jaccard"": 0.0, ""mitigation_overlap"": 0.0}"
T1498.001,CWE-406,0.2827,boost_common_term:network,"{""title_sim"": 0.5185185185185186, ""desc_sim"": 0.21544477977573392, ""kw_tactic_jaccard"": 0.0, ""mitigation_overlap"": 0.0625}"
T1498.001,CWE-1331,0.2318,boost_common_term:network,"{""title_sim"": 0.5185185185185186, ""desc_sim"": 0.06762080114712612, ""kw_tactic_jaccard"": 0.0, ""mitigation_overlap"": 0.02962962962962963}"
T1498.001,CWE-1051,0.2272,boost_common_term:network,"{""title_sim"": 0.5185185185185186, ""desc_sim"": 0.06138488766262764, ""kw_tactic_jaccard"": 0.0, ""mitigation_overlap"": 0.016}"
T1492,CWE-1282,0.2704,"boost_common_term:stored,data","{""title_sim"": 0.6285714285714286, ""desc_sim"": 0.07639930779848647, ""kw_tactic_jaccard"": 0.0, ""mitigation_overlap"": 0.044444444444444446}"
T1492,CWE-502,0.2552,boost_common_term:data,"{""title_sim"": 0.5964912280701754, ""desc_sim"": 0.06380583682502561, ""kw_tactic_jaccard"": 0.0, ""mitigation_overlap"": 0.03571428571428571}"
T1492,CWE-217,0.2222,,"{""title_sim"": 0.6285714285714286, ""desc_sim"": 0.11218535338553516, ""kw_tactic_jaccard"": 0.0, ""mitigation_overlap"": 0.0}"
T1574.007,CWE-526,0.3398,"boost_common_term:environment,variable;boost_subtech_title_match","{""title_sim"": 0.6060606060606061, ""desc_sim"": 0.24972408263033724, ""kw_tactic_jaccard"": 0.0, ""mitigation_overlap"": 0.015267175572519083}"
T1574.007,CWE-563,0.2683,boost_common_term:variable,"{""title_sim"": 0.55, ""desc_sim"": 0.1676735461947369, ""kw_tactic_jaccard"": 0.0, ""mitigation_overlap"": 0.015151515151515152}"
T1574.007,CWE-427,0.2586,boost_common_term:path,"{""title_sim"": 0.48717948717948717, ""desc_sim"": 0.18413846179944365, ""kw_tactic_jaccard"": 0.0, ""mitigation_overlap"": 0.036231884057971016}"
T1213.002,CWE-512,0.1712,,"{""title_sim"": 0.4705882352941177, ""desc_sim"": 0.058960768976686485, ""kw_tactic_jaccard"": 0.0, ""mitigation_overlap"": 0.06172839506172839}"
T1213.002,CWE-507,0.1485,,"{""title_sim"": 0.36363636363636365, ""desc_sim"": 0.06732410970468575, ""kw_tactic_jaccard"": 0.0, ""mitigation_overlap"": 0.0958904109589041}"
T1213.002,CWE-385,0.1438,,"{""title_sim"": 0.3870967741935484, ""desc_sim"": 0.056775479179075834, ""kw_tactic_jaccard"": 0.0, ""mitigation_overlap"": 0.05333333333333334}"
T1006,CWE-921,0.2480,boost_common_term:access,"{""title_sim"": 0.4615384615384615, ""desc_sim"": 0.14868966884016513, ""kw_tactic_jaccard"": 0.0, ""mitigation_overlap"": 0.07462686567164178}"
T1006,CWE-1220,0.2413,boost_common_term:access,"{""title_sim"": 0.4615384615384615, ""desc_sim"": 0.14585447665666237, ""kw_tactic_jaccard"": 0.0, ""mitigation_overlap"": 0.045454545454545456}"
T1006,CWE-284,0.2382,boost_common_term:access,"{""title_sim"": 0.5581395348837209, ""desc_sim"": 0.0591374650910757, ""kw_tactic_jaccard"": 0.0, ""mitigation_overlap"": 0.014925373134328358}"
T1044,CWE-379,0.2844,"boost_common_term:file,permissions","{""title_sim"": 0.6666666666666665, ""desc_sim"": 0.09611574990381096, ""kw_tactic_jaccard"": 0.0, ""mitigation_overlap"": 0.027932960893854747}"
T1044,CWE-378,0.2779,boost_common_term:file,"{""title_sim"": 0.6666666666666665, ""desc_sim"": 0.07468806038935345, ""kw_tactic_jaccard"": 0.0, ""mitigation_overlap"": 0.027624309392265192}"
T1044,CWE-276,0.2654,"boost_common_term:file,permissions","{""title_sim"": 0.5573770491803279, ""desc_sim"": 0.141498408943539, ""kw_tactic_jaccard"": 0.0, ""mitigation_overlap"": 0.028735632183908046}"
T1588.007,CWE-407,0.1503,,"{""title_sim"": 0.456140350877193, ""desc_sim"": 0.03407444420540737, ""kw_tactic_jaccard"": 0.0, ""mitigation_overlap"": 0.016129032258064516}"
T1588.007,CWE-766,0.1488,,"{""title_sim"": 0.4666666666666666, ""desc_sim"": 0.029495871237677256, ""kw_tactic_jaccard"": 0.0, ""mitigation_overlap"": 0.0}"
T1588.007,CWE-295,0.1463,,"{""title_sim"": 0.48148148148148145, ""desc_sim"": 0.006144573427629755, ""kw_tactic_jaccard"": 0.0, ""mitigation_overlap"": 0.0}"
T1666,CWE-1229,0.2529,boost_common_term:resource,"{""title_sim"": 0.5666666666666667, ""desc_sim"": 0.09007233091262974, ""kw_tactic_jaccard"": 0.0, ""mitigation_overlap"": 0.029197080291970802}"
T1666,CWE-668,0.2382,boost_common_term:resource,"{""title_sim"": 0.5373134328358209, ""desc_sim"": 0.07482078265590182, ""kw_tactic_jaccard"": 0.0, ""mitigation_overlap"": 0.022556390977443608}"
T1666,CWE-764,0.2378,boost_common_term:resource,"{""title_sim"": 0.5588235294117647, ""desc_sim"": 0.06234151160018368, ""kw_tactic_jaccard"": 0.0, ""mitigation_overlap"": 0.007407407407407408}"
T1564.008,CWE-710,0.1781,boost_common_term:rules,"{""title_sim"": 0.2857142857142857, ""desc_sim"": 0.13262870783361103, ""kw_tactic_jaccard"": 0.0, ""mitigation_overlap"": 0.012903225806451613}"
T1564.008,CWE-231,0.1459,,"{""title_sim"": 0.4705882352941177, ""desc_sim"": 0.011483175948417105, ""kw_tactic_jaccard"": 0.0, ""mitigation_overlap"": 0.006622516556291391}"
T1564.008,CWE-268,0.1448,,"{""title_sim"": 0.4444444444444444, ""desc_sim"": 0.029758192275674205, ""kw_tactic_jaccard"": 0.0, ""mitigation_overlap"": 0.012658227848101266}"
T1491.002,CWE-473,0.2521,boost_common_term:external,"{""title_sim"": 0.5925925925925926, ""desc_sim"": 0.06814715478579186, ""kw_tactic_jaccard"": 0.0, ""mitigation_overlap"": 0.019230769230769232}"
T1491.002,CWE-673,0.2513,boost_common_term:external,"{""title_sim"": 0.5925925925925926, ""desc_sim"": 0.0711159145353036, ""kw_tactic_jaccard"": 0.0, ""mitigation_overlap"": 0.011111111111111112}"
T1491.002,CWE-15,0.2035,,"{""title_sim"": 0.5925925925925926, ""desc_sim"": 0.07838061491632002, ""kw_tactic_jaccard"": 0.0, ""mitigation_overlap"": 0.01098901098901099}"
T1027.013,CWE-646,0.2146,boost_common_term:file,"{""title_sim"": 0.379746835443038, ""desc_sim"": 0.15163635315643065, ""kw_tactic_jaccard"": 0.0, ""mitigation_overlap"": 0.025806451612903226}"
T1027.013,CWE-910,0.2106,boost_common_term:file,"{""title_sim"": 0.4615384615384615, ""desc_sim"": 0.069347690549591, ""kw_tactic_jaccard"": 0.0, ""mitigation_overlap"": 0.006802721088435374}"
T1027.013,CWE-260,0.2032,boost_common_term:file,"{""title_sim"": 0.4230769230769231, ""desc_sim"": 0.07421283525300593, ""kw_tactic_jaccard"": 0.0, ""mitigation_overlap"": 0.020134228187919462}"
T1171,CWE-486,0.1440,,"{""title_sim"": 0.3278688524590164, ""desc_sim"": 0.1261707216656866, ""kw_tactic_jaccard"": 0.0, ""mitigation_overlap"": 0.03896103896103896}"
T1171,CWE-257,0.1434,,"{""title_sim"": 0.32876712328767127, ""desc_sim"": 0.09565240075428848, ""kw_tactic_jaccard"": 0.0, ""mitigation_overlap"": 0.08045977011494253}"
T1171,CWE-820,0.1310,,"{""title_sim"": 0.36363636363636365, ""desc_sim"": 0.05559824871833742, ""kw_tactic_jaccard"": 0.0, ""mitigation_overlap"": 0.025974025974025976}"
T1590.005,CWE-1327,0.1693,,"{""title_sim"": 0.4897959183673469, ""desc_sim"": 0.06243604227242556, ""kw_tactic_jaccard"": 0.0, ""mitigation_overlap"": 0.01834862385321101}"
T1590.005,CWE-291,0.1535,,"{""title_sim"": 0.41509433962264153, ""desc_sim"": 0.09656702964672449, ""kw_tactic_jaccard"": 0.0, ""mitigation_overlap"": 0.0}"
T1590.005,CWE-1222,0.1510,boost_common_term:addresses,"{""title_sim"": 0.26506024096385544, ""desc_sim"": 0.050438898281426336, ""kw_tactic_jaccard"": 0.0, ""mitigation_overlap"": 0.031746031746031744}"
T1499.001,CWE-674,0.1597,,"{""title_sim"": 0.4390243902439025, ""desc_sim"": 0.06921987287760423, ""kw_tactic_jaccard"": 0.0, ""mitigation_overlap"": 0.036231884057971016}"
T1499.001,CWE-260,0.1515,,"{""title_sim"": 0.4489795918367347, ""desc_sim"": 0.046352394944814204, ""kw_tactic_jaccard"": 0.0, ""mitigation_overlap"": 0.014705882352941176}"
T1499.001,CWE-768,0.1510,,"{""title_sim"": 0.41509433962264153, ""desc_sim"": 0.07035363381831315, ""kw_tactic_jaccard"": 0.0, ""mitigation_overlap"": 0.02702702702702703}"
T1014,CWE-667,0.1095,,"{""title_sim"": 0.34782608695652173, ""desc_sim"": 0.017065434802417283, ""kw_tactic_jaccard"": 0.0, ""mitigation_overlap"": 0.0}"
T1014,CWE-546,0.1039,,"{""title_sim"": 0.24, ""desc_sim"": 0.07848796674086517, ""kw_tactic_jaccard"": 0.0, ""mitigation_overlap"": 0.041666666666666664}"
T1014,CWE-787,0.1004,,"{""title_sim"": 0.3076923076923077, ""desc_sim"": 0.02712180000526896, ""kw_tactic_jaccard"": 0.0, ""mitigation_overlap"": 0.0}"
T1546.013,CWE-114,0.1635,,"{""title_sim"": 0.48484848484848486, ""desc_sim"": 0.03389779783748583, ""kw_tactic_jaccard"": 0.0, ""mitigation_overlap"": 0.0392156862745098}"
T1546.013,CWE-283,0.1491,,"{""title_sim"": 0.4736842105263158, ""desc_sim"": 0.016638194236510508, ""kw_tactic_jaccard"": 0.0, ""mitigation_overlap"": 0.009900990099009901}"
T1546.013,CWE-648,0.1433,,"{""title_sim"": 0.4, ""desc_sim"": 0.05940285782079332, ""kw_tactic_jaccard"": 0.0, ""mitigation_overlap"": 0.027522935779816515}"
T1059.007,CWE-83,0.1527,boost_common_term:javascript,"{""title_sim"": 0.23529411764705885, ""desc_sim"": 0.09463032776888942, ""kw_tactic_jaccard"": 0.0, ""mitigation_overlap"": 0.018518518518518517}"
T1059.007,CWE-514,0.1152,,"{""title_sim"": 0.33333333333333326, ""desc_sim"": 0.033727470101693496, ""kw_tactic_jaccard"": 0.0, ""mitigation_overlap"": 0.02564102564102564}"
T1059.007,CWE-623,0.1114,,"{""title_sim"": 0.2758620689655173, ""desc_sim"": 0.09109578475598631, ""kw_tactic_jaccard"": 0.0, ""mitigation_overlap"": 0.00641025641025641}"
T1590.002,CWE-350,0.4290,boost_common_term:dns;boost_subtech_title_match,"{""title_sim"": 1.0, ""desc_sim"": 0.15259240432972665, ""kw_tactic_jaccard"": 0.0, ""mitigation_overlap"": 0.015873015873015872}"
T1590.002,CWE-292,0.3632,boost_subtech_title_match,"{""title_sim"": 1.0, ""desc_sim"": 0.09947284205057161, ""kw_tactic_jaccard"": 0.0, ""mitigation_overlap"": 0.01694915254237288}"
T1590.002,CWE-247,0.3611,boost_subtech_title_match,"{""title_sim"": 1.0, ""desc_sim"": 0.09251521965469038, ""kw_tactic_jaccard"": 0.0, ""mitigation_overlap"": 0.01694915254237288}"
T1501,CWE-67,0.1672,boost_common_term:service,"{""title_sim"": 0.3214285714285714, ""desc_sim"": 0.049584654044892866, ""kw_tactic_jaccard"": 0.0, ""mitigation_overlap"": 0.029411764705882353}"
T1501,CWE-1245,0.1624,boost_common_term:service,"{""title_sim"": 0.2857142857142857, ""desc_sim"": 0.06346918293964962, ""kw_tactic_jaccard"": 0.0, ""mitigation_overlap"": 0.03821656050955414}"
T1501,CWE-426,0.1606,,"{""title_sim"": 0.5, ""desc_sim"": 0.02228589249533233, ""kw_tactic_jaccard"": 0.0, ""mitigation_overlap"": 0.01935483870967742}"
T1485.001,CWE-463,0.2175,boost_common_term:deletion,"{""title_sim"": 0.4761904761904762, ""desc_sim"": 0.07465459124709678, ""kw_tactic_jaccard"": 0.0, ""mitigation_overlap"": 0.01098901098901099}"
T1485.001,CWE-650,0.1802,boost_common_term:deletion,"{""title_sim"": 0.32911392405063294, ""desc_sim"": 0.07579297005076693, ""kw_tactic_jaccard"": 0.0, ""mitigation_overlap"": 0.043859649122807015}"
T1485.001,CWE-837,0.1437,,"{""title_sim"": 0.34666666666666673, ""desc_sim"": 0.08356926664486708, ""kw_tactic_jaccard"": 0.0, ""mitigation_overlap"": 0.07291666666666667}"
T1514,CWE-250,0.2117,,"{""title_sim"": 0.6363636363636364, ""desc_sim"": 0.05911523998829587, ""kw_tactic_jaccard"": 0.0, ""mitigation_overlap"": 0.015503875968992248}"
T1514,CWE-362,0.2098,,"{""title_sim"": 0.6363636363636364, ""desc_sim"": 0.03724377444463639, ""kw_tactic_jaccard"": 0.0, ""mitigation_overlap"": 0.038461538461538464}"
T1514,CWE-768,0.1980,boost_common_term:execution,"{""title_sim"": 0.40625, ""desc_sim"": 0.06752743232041383, ""kw_tactic_jaccard"": 0.0, ""mitigation_overlap"": 0.029411764705882353}"
T1123,CWE-294,0.1741,,"{""title_sim"": 0.4615384615384615, ""desc_sim"": 0.1187663665350884, ""kw_tactic_jaccard"": 0.0, ""mitigation_overlap"": 0.0}"
T1123,CWE-1039,0.1489,boost_common_term:audio,"{""title_sim"": 0.20869565217391298, ""desc_sim"": 0.10371827156996143, ""kw_tactic_jaccard"": 0.0, ""mitigation_overlap"": 0.02564102564102564}"
T1123,CWE-549,0.1475,boost_common_term:capture,"{""title_sim"": 0.23255813953488372, ""desc_sim"": 0.0812026450364887, ""kw_tactic_jaccard"": 0.0, ""mitigation_overlap"": 0.01694915254237288}"
T1543,CWE-214,0.2245,boost_common_term:process,"{""title_sim"": 0.4772727272727273, ""desc_sim"": 0.0755604470861606, ""kw_tactic_jaccard"": 0.0, ""mitigation_overlap"": 0.043010752688172046}"
T1543,CWE-114,0.2145,,"{""title_sim"": 0.6363636363636364, ""desc_sim"": 0.050090715334523646, ""kw_tactic_jaccard"": 0.0, ""mitigation_overlap"": 0.043010752688172046}"
T1543,CWE-15,0.2129,boost_common_term:system,"{""title_sim"": 0.4634146341463415, ""desc_sim"": 0.0647492470576028, ""kw_tactic_jaccard"": 0.0, ""mitigation_overlap"": 0.022222222222222223}"
T1133,CWE-473,0.2315,boost_common_term:external,"{""title_sim"": 0.5172413793103449, ""desc_sim"": 0.06266189047272906, ""kw_tactic_jaccard"": 0.0, ""mitigation_overlap"": 0.03773584905660377}"
T1133,CWE-673,0.2309,boost_common_term:external,"{""title_sim"": 0.5396825396825397, ""desc_sim"": 0.05878091614431337, ""kw_tactic_jaccard"": 0.0, ""mitigation_overlap"": 0.006711409395973154}"
T1133,CWE-134,0.2122,boost_common_term:external,"{""title_sim"": 0.48484848484848486, ""desc_sim"": 0.04702822894367671, ""kw_tactic_jaccard"": 0.0, ""mitigation_overlap"": 0.013245033112582781}"
T1109,CWE-1277,0.3198,boost_common_term:firmware,"{""title_sim"": 0.6153846153846154, ""desc_sim"": 0.23880251107732128, ""kw_tactic_jaccard"": 0.0, ""mitigation_overlap"": 0.06756756756756757}"
T1109,CWE-1357,0.2802,boost_common_term:component,"{""title_sim"": 0.6666666666666665, ""desc_sim"": 0.06541524407112834, ""kw_tactic_jaccard"": 0.0, ""mitigation_overlap"": 0.05263157894736842}"
T1109,CWE-1057,0.2778,boost_common_term:component,"{""title_sim"": 0.6666666666666665, ""desc_sim"": 0.0494342830234011, ""kw_tactic_jaccard"": 0.0, ""mitigation_overlap"": 0.06493506493506493}"
T1546.006,CWE-464,0.2216,boost_common_term:addition,"{""title_sim"": 0.5333333333333333, ""desc_sim"": 0.03092550786126459, ""kw_tactic_jaccard"": 0.0, ""mitigation_overlap"": 0.011363636363636364}"
T1546.006,CWE-216,0.1315,boost_common_term:addition,"{""title_sim"": 0.22535211267605632, ""desc_sim"": 0.04033314838172675, ""kw_tactic_jaccard"": 0.0, ""mitigation_overlap"": 0.009174311926605505}"
T1546.006,CWE-638,0.1297,,"{""title_sim"": 0.28, ""desc_sim"": 0.10263373088011234, ""kw_tactic_jaccard"": 0.0, ""mitigation_overlap"": 0.07446808510638298}"
T1539,CWE-614,0.3048,,"{""title_sim"": 0.736842105263158, ""desc_sim"": 0.25981115932332655, ""kw_tactic_jaccard"": 0.0, ""mitigation_overlap"": 0.029197080291970802}"
T1539,CWE-384,0.2948,"boost_common_term:steal,session","{""title_sim"": 0.6086956521739131, ""desc_sim"": 0.18422282663103776, ""kw_tactic_jaccard"": 0.0, ""mitigation_overlap"": 0.034482758620689655}"
T1539,CWE-539,0.2838,boost_common_term:web,"{""title_sim"": 0.4146341463414634, ""desc_sim"": 0.34549826923125654, ""kw_tactic_jaccard"": 0.0, ""mitigation_overlap"": 0.028985507246376812}"
T1053.007,CWE-216,0.2021,boost_common_term:container,"{""title_sim"": 0.4210526315789474, ""desc_sim"": 0.06406633041522619, ""kw_tactic_jaccard"": 0.0, ""mitigation_overlap"": 0.03260869565217391}"
T1053.007,CWE-245,0.1941,boost_common_term:container,"{""title_sim"": 0.43037974683544306, ""desc_sim"": 0.04084774092912262, ""kw_tactic_jaccard"": 0.0, ""mitigation_overlap"": 0.013513513513513514}"
T1053.007,CWE-436,0.1915,,"{""title_sim"": 0.6, ""desc_sim"": 0.029653544943361455, ""kw_tactic_jaccard"": 0.0, ""mitigation_overlap"": 0.01282051282051282}"
T1568.002,CWE-329,0.2354,boost_common_term:algorithms,"{""title_sim"": 0.5263157894736842, ""desc_sim"": 0.0723378686858266, ""kw_tactic_jaccard"": 0.0, ""mitigation_overlap"": 0.028985507246376812}"
T1568.002,CWE-1176,0.2006,boost_common_term:algorithms,"{""title_sim"": 0.4, ""desc_sim"": 0.07664813839323883, ""kw_tactic_jaccard"": 0.0, ""mitigation_overlap"": 0.03816793893129771}"
T1568.002,CWE-407,0.1851,,"{""title_sim"": 0.5806451612903225, ""desc_sim"": 0.017196561058475536, ""kw_tactic_jaccard"": 0.0, ""mitigation_overlap"": 0.02877697841726619}"
T1036.007,CWE-646,0.4097,"boost_common_term:extension,file;boost_subtech_title_match","{""title_sim"": 0.8, ""desc_sim"": 0.2645937112529463, ""kw_tactic_jaccard"": 0.0, ""mitigation_overlap"": 0.051470588235294115}"
T1036.007,CWE-415,0.2578,boost_subtech_title_match,"{""title_sim"": 0.7058823529411765, ""desc_sim"": 0.053357715016589966, ""kw_tactic_jaccard"": 0.0, ""mitigation_overlap"": 0.0}"
T1036.007,CWE-73,0.2323,boost_common_term:file,"{""title_sim"": 0.48275862068965514, ""desc_sim"": 0.10454936782666073, ""kw_tactic_jaccard"": 0.0, ""mitigation_overlap"": 0.030303030303030304}"
T1548.002,CWE-114,0.2389,boost_subtech_title_match,"{""title_sim"": 0.6363636363636364, ""desc_sim"": 0.04877590542058535, ""kw_tactic_jaccard"": 0.0, ""mitigation_overlap"": 0.016853932584269662}"
T1548.002,CWE-294,0.2378,"boost_common_term:bypass,user","{""title_sim"": 0.5151515151515151, ""desc_sim"": 0.09645606188034894, ""kw_tactic_jaccard"": 0.0, ""mitigation_overlap"": 0.021505376344086023}"
T1548.002,CWE-639,0.2353,boost_common_term:user,"{""title_sim"": 0.5066666666666666, ""desc_sim"": 0.09248466222665214, ""kw_tactic_jaccard"": 0.0, ""mitigation_overlap"": 0.027932960893854747}"
T1099,CWE-284,0.1259,,"{""title_sim"": 0.375, ""desc_sim"": 0.023856358436567793, ""kw_tactic_jaccard"": 0.0, ""mitigation_overlap"": 0.03125}"
T1099,CWE-459,0.1173,,"{""title_sim"": 0.29629629629629634, ""desc_sim"": 0.05418827247942425, ""kw_tactic_jaccard"": 0.0, ""mitigation_overlap"": 0.06060606060606061}"
T1099,CWE-1277,0.1172,,"{""title_sim"": 0.3125, ""desc_sim"": 0.049613438927425535, ""kw_tactic_jaccard"": 0.0, ""mitigation_overlap"": 0.04285714285714286}"
T1496.003,CWE-667,0.1136,,"{""title_sim"": 0.3703703703703704, ""desc_sim"": 0.008170673829726357, ""kw_tactic_jaccard"": 0.0, ""mitigation_overlap"": 0.0}"
T1496.003,CWE-187,0.1080,,"{""title_sim"": 0.33333333333333326, ""desc_sim"": 0.012678274356362892, ""kw_tactic_jaccard"": 0.0, ""mitigation_overlap"": 0.021052631578947368}"
T1496.003,CWE-697,0.1073,,"{""title_sim"": 0.32258064516129037, ""desc_sim"": 0.02055598961751385, ""kw_tactic_jaccard"": 0.0, ""mitigation_overlap"": 0.02197802197802198}"
T1016.001,CWE-192,0.2252,boost_subtech_title_match,"{""title_sim"": 0.6274509803921569, ""desc_sim"": 0.02316484691625913, ""kw_tactic_jaccard"": 0.0, ""mitigation_overlap"": 0.0}"
T1016.001,CWE-1072,0.2203,boost_common_term:connection,"{""title_sim"": 0.5128205128205129, ""desc_sim"": 0.044519423662764054, ""kw_tactic_jaccard"": 0.0, ""mitigation_overlap"": 0.015625}"
T1016.001,CWE-245,0.2011,boost_common_term:connection,"{""title_sim"": 0.46913580246913583, ""desc_sim"": 0.02427011262051215, ""kw_tactic_jaccard"": 0.0, ""mitigation_overlap"": 0.015625}"
T1548.003,CWE-620,0.1668,,"{""title_sim"": 0.42857142857142855, ""desc_sim"": 0.10323245483075154, ""kw_tactic_jaccard"": 0.0, ""mitigation_overlap"": 0.03626943005181347}"
T1548.003,CWE-525,0.1667,boost_common_term:caching,"{""title_sim"": 0.3013698630136986, ""desc_sim"": 0.06049548403157237, ""kw_tactic_jaccard"": 0.0, ""mitigation_overlap"": 0.04081632653061224}"
T1548.003,CWE-384,0.1517,,"{""title_sim"": 0.4375, ""desc_sim"": 0.05115340890970886, ""kw_tactic_jaccard"": 0.0, ""mitigation_overlap"": 0.025380710659898477}"
T1560.003,CWE-767,0.2498,boost_common_term:method,"{""title_sim"": 0.5714285714285715, ""desc_sim"": 0.08022580501258131, ""kw_tactic_jaccard"": 0.0, ""mitigation_overlap"": 0.02127659574468085}"
T1560.003,CWE-756,0.2417,boost_common_term:custom,"{""title_sim"": 0.48, ""desc_sim"": 0.14556010540703035, ""kw_tactic_jaccard"": 0.0, ""mitigation_overlap"": 0.02}"
T1560.003,CWE-939,0.2174,boost_common_term:custom,"{""title_sim"": 0.425, ""desc_sim"": 0.1084206690160593, ""kw_tactic_jaccard"": 0.0, ""mitigation_overlap"": 0.037037037037037035}"
T1578,CWE-393,0.1944,boost_common_term:modify,"{""title_sim"": 0.41935483870967744, ""desc_sim"": 0.04133311167843298, ""kw_tactic_jaccard"": 0.0, ""mitigation_overlap"": 0.03076923076923077}"
T1578,CWE-179,0.1940,boost_common_term:modify,"{""title_sim"": 0.36363636363636365, ""desc_sim"": 0.07403182996703622, ""kw_tactic_jaccard"": 0.0, ""mitigation_overlap"": 0.06349206349206349}"
T1578,CWE-368,0.1929,boost_common_term:modify,"{""title_sim"": 0.41791044776119407, ""desc_sim"": 0.0384714680595298, ""kw_tactic_jaccard"": 0.0, ""mitigation_overlap"": 0.029850746268656716}"
T1584.008,CWE-406,0.3044,boost_common_term:network;boost_subtech_title_match,"{""title_sim"": 0.6363636363636364, ""desc_sim"": 0.08327410542778184, ""kw_tactic_jaccard"": 0.0, ""mitigation_overlap"": 0.042735042735042736}"
T1584.008,CWE-1331,0.2903,boost_common_term:network;boost_subtech_title_match,"{""title_sim"": 0.6363636363636364, ""desc_sim"": 0.04252792506464371, ""kw_tactic_jaccard"": 0.0, ""mitigation_overlap"": 0.03305785123966942}"
T1584.008,CWE-1051,0.2900,boost_common_term:network;boost_subtech_title_match,"{""title_sim"": 0.6363636363636364, ""desc_sim"": 0.051704050288128627, ""kw_tactic_jaccard"": 0.0, ""mitigation_overlap"": 0.018018018018018018}"
T1583.008,CWE-431,0.2320,boost_subtech_title_match,"{""title_sim"": 0.6666666666666665, ""desc_sim"": 0.002796835980845287, ""kw_tactic_jaccard"": 0.0, ""mitigation_overlap"": 0.005988023952095809}"
T1583.008,CWE-385,0.2211,boost_subtech_title_match,"{""title_sim"": 0.6060606060606061, ""desc_sim"": 0.019808382008977155, ""kw_tactic_jaccard"": 0.0, ""mitigation_overlap"": 0.016574585635359115}"
T1583.008,CWE-508,0.1611,,"{""title_sim"": 0.38095238095238093, ""desc_sim"": 0.12493782719907763, ""kw_tactic_jaccard"": 0.0, ""mitigation_overlap"": 0.046511627906976744}"
T1069,CWE-650,0.1859,,"{""title_sim"": 0.5405405405405406, ""desc_sim"": 0.06194228580767802, ""kw_tactic_jaccard"": 0.0, ""mitigation_overlap"": 0.02564102564102564}"
T1069,CWE-732,0.1822,,"{""title_sim"": 0.5405405405405406, ""desc_sim"": 0.0544446836520617, ""kw_tactic_jaccard"": 0.0, ""mitigation_overlap"": 0.018518518518518517}"
T1069,CWE-276,0.1801,,"{""title_sim"": 0.5714285714285715, ""desc_sim"": 0.028852880595181075, ""kw_tactic_jaccard"": 0.0, ""mitigation_overlap"": 0.0}"
T1114,CWE-621,0.1611,,"{""title_sim"": 0.4878048780487805, ""desc_sim"": 0.01987734927617167, ""kw_tactic_jaccard"": 0.0, ""mitigation_overlap"": 0.04411764705882353}"
T1114,CWE-1390,0.1585,,"{""title_sim"": 0.45714285714285713, ""desc_sim"": 0.05031517795116017, ""kw_tactic_jaccard"": 0.0, ""mitigation_overlap"": 0.03125}"
T1114,CWE-617,0.1576,,"{""title_sim"": 0.45714285714285713, ""desc_sim"": 0.036868305897735106, ""kw_tactic_jaccard"": 0.0, ""mitigation_overlap"": 0.046875}"
T1003.002,CWE-1083,0.2348,boost_common_term:manager,"{""title_sim"": 0.5066666666666666, ""desc_sim"": 0.07190481683681153, ""kw_tactic_jaccard"": 0.0, ""mitigation_overlap"": 0.056179775280898875}"
T1003.002,CWE-645,0.2344,boost_common_term:account,"{""title_sim"": 0.5294117647058824, ""desc_sim"": 0.05614119749964054, ""kw_tactic_jaccard"": 0.0, ""mitigation_overlap"": 0.043478260869565216}"
T1003.002,CWE-671,0.2316,boost_common_term:security,"{""title_sim"": 0.5074626865671642, ""desc_sim"": 0.06849126002816854, ""kw_tactic_jaccard"": 0.0, ""mitigation_overlap"": 0.04395604395604396}"
T1596.002,CWE-512,0.0865,,"{""title_sim"": 0.1666666666666667, ""desc_sim"": 0.08905381927170145, ""kw_tactic_jaccard"": 0.0, ""mitigation_overlap"": 0.049019607843137254}"
T1596.002,CWE-62,0.0686,,"{""title_sim"": 0.2105263157894737, ""desc_sim"": 0.011746989333286066, ""kw_tactic_jaccard"": 0.0, ""mitigation_overlap"": 0.009433962264150943}"
T1596.002,CWE-564,0.0666,,"{""title_sim"": 0.20689655172413793, ""desc_sim"": 0.008232401426254666, ""kw_tactic_jaccard"": 0.0, ""mitigation_overlap"": 0.010526315789473684}"
T1542.001,CWE-1277,0.3709,boost_common_term:firmware;boost_subtech_title_match,"{""title_sim"": 0.6956521739130435, ""desc_sim"": 0.24216163121029008, ""kw_tactic_jaccard"": 0.0, ""mitigation_overlap"": 0.047619047619047616}"
T1542.001,CWE-1276,0.2530,boost_common_term:system,"{""title_sim"": 0.5714285714285715, ""desc_sim"": 0.07013557115537922, ""kw_tactic_jaccard"": 0.0, ""mitigation_overlap"": 0.05263157894736842}"
T1542.001,CWE-1249,0.2510,boost_common_term:system,"{""title_sim"": 0.5714285714285715, ""desc_sim"": 0.06031084616026294, ""kw_tactic_jaccard"": 0.0, ""mitigation_overlap"": 0.05714285714285714}"
T1594,CWE-426,0.2211,boost_common_term:search,"{""title_sim"": 0.4897959183673469, ""desc_sim"": 0.058838514178950564, ""kw_tactic_jaccard"": 0.0, ""mitigation_overlap"": 0.032520325203252036}"
T1594,CWE-427,0.1981,boost_common_term:search,"{""title_sim"": 0.4, ""desc_sim"": 0.06714252978193455, ""kw_tactic_jaccard"": 0.0, ""mitigation_overlap"": 0.04}"
T1594,CWE-428,0.1981,boost_common_term:search,"{""title_sim"": 0.4067796610169491, ""desc_sim"": 0.04914863247916044, ""kw_tactic_jaccard"": 0.0, ""mitigation_overlap"": 0.056451612903225805}"
T1069.003,CWE-1099,0.1499,boost_common_term:groups,"{""title_sim"": 0.2033898305084746, ""desc_sim"": 0.1140996787365803, ""kw_tactic_jaccard"": 0.0, ""mitigation_overlap"": 0.023076923076923078}"
T1069.003,CWE-114,0.1477,,"{""title_sim"": 0.4444444444444444, ""desc_sim"": 0.031549665530637004, ""kw_tactic_jaccard"": 0.0, ""mitigation_overlap"": 0.024390243902439025}"
T1069.003,CWE-589,0.1366,,"{""title_sim"": 0.368421052631579, ""desc_sim"": 0.05572887534807358, ""kw_tactic_jaccard"": 0.0, ""mitigation_overlap"": 0.046875}"
T1574.011,CWE-281,0.2493,boost_common_term:permissions,"{""title_sim"": 0.5675675675675675, ""desc_sim"": 0.07974288741717728, ""kw_tactic_jaccard"": 0.0, ""mitigation_overlap"": 0.025510204081632654}"
T1574.011,CWE-278,0.2468,boost_common_term:permissions,"{""title_sim"": 0.5641025641025641, ""desc_sim"": 0.0743412499938957, ""kw_tactic_jaccard"": 0.0, ""mitigation_overlap"": 0.02631578947368421}"
T1574.011,CWE-276,0.2446,boost_common_term:permissions,"{""title_sim"": 0.55, ""desc_sim"": 0.08069041682352386, ""kw_tactic_jaccard"": 0.0, ""mitigation_overlap"": 0.026881720430107527}"
T1596.001,CWE-350,0.1911,boost_common_term:dns,"{""title_sim"": 0.33333333333333326, ""desc_sim"": 0.12427093697719799, ""kw_tactic_jaccard"": 0.0, ""mitigation_overlap"": 0.019230769230769232}"
T1596.001,CWE-292,0.1233,,"{""title_sim"": 0.33333333333333326, ""desc_sim"": 0.07775103790572904, ""kw_tactic_jaccard"": 0.0, ""mitigation_overlap"": 0.0}"
T1596.001,CWE-247,0.1211,,"{""title_sim"": 0.33333333333333326, ""desc_sim"": 0.0701913182057959, ""kw_tactic_jaccard"": 0.0, ""mitigation_overlap"": 0.0}"
T1499.003,CWE-926,0.2572,boost_common_term:application,"{""title_sim"": 0.5641025641025641, ""desc_sim"": 0.08722878481393606, ""kw_tactic_jaccard"": 0.0, ""mitigation_overlap"": 0.058823529411764705}"
T1499.003,CWE-1065,0.2541,boost_common_term:application,"{""title_sim"": 0.5641025641025641, ""desc_sim"": 0.09007582067933487, ""kw_tactic_jaccard"": 0.0, ""mitigation_overlap"": 0.0392156862745098}"
T1499.003,CWE-698,0.1956,boost_common_term:application,"{""title_sim"": 0.41379310344827586, ""desc_sim"": 0.042460619353513786, ""kw_tactic_jaccard"": 0.0, ""mitigation_overlap"": 0.043478260869565216}"
T1163,CWE-553,0.1135,,"{""title_sim"": 0.2456140350877193, ""desc_sim"": 0.08880246570621535, ""kw_tactic_jaccard"": 0.0, ""mitigation_overlap"": 0.06578947368421052}"
T1163,CWE-507,0.1125,,"{""title_sim"": 0.2857142857142857, ""desc_sim"": 0.03786808411266791, ""kw_tactic_jaccard"": 0.0, ""mitigation_overlap"": 0.07692307692307693}"
T1163,CWE-1116,0.1094,,"{""title_sim"": 0.2857142857142857, ""desc_sim"": 0.042569085538305504, ""kw_tactic_jaccard"": 0.0, ""mitigation_overlap"": 0.0547945205479452}"
T1195.001,CWE-149,0.1960,boost_common_term:compromise,"{""title_sim"": 0.3789473684210526, ""desc_sim"": 0.08799578898681822, ""kw_tactic_jaccard"": 0.0, ""mitigation_overlap"": 0.02976190476190476}"
T1195.001,CWE-1047,0.1862,,"{""title_sim"": 0.5227272727272727, ""desc_sim"": 0.0898315102597259, ""kw_tactic_jaccard"": 0.0, ""mitigation_overlap"": 0.011976047904191617}"
T1195.001,CWE-1247,0.1861,boost_common_term:software,"{""title_sim"": 0.4074074074074074, ""desc_sim"": 0.04252342001567477, ""kw_tactic_jaccard"": 0.0, ""mitigation_overlap"": 0.005813953488372093}"
T1588.004,CWE-298,0.2819,boost_common_term:certificates,"{""title_sim"": 0.49230769230769234, ""desc_sim"": 0.2541606232990921, ""kw_tactic_jaccard"": 0.0, ""mitigation_overlap"": 0.03968253968253968}"
T1588.004,CWE-599,0.2593,,"{""title_sim"": 0.5245901639344263, ""desc_sim"": 0.3188471530868761, ""kw_tactic_jaccard"": 0.0, ""mitigation_overlap"": 0.03125}"
T1588.004,CWE-296,0.2424,,"{""title_sim"": 0.49275362318840576, ""desc_sim"": 0.2896167382152098, ""kw_tactic_jaccard"": 0.0, ""mitigation_overlap"": 0.038461538461538464}"
T1583.002,CWE-650,0.3267,boost_common_term:server;boost_subtech_title_match,"{""title_sim"": 0.75, ""desc_sim"": 0.05182578394462611, ""kw_tactic_jaccard"": 0.0, ""mitigation_overlap"": 0.030927835051546393}"
T1583.002,CWE-533,0.2594,boost_subtech_title_match,"{""title_sim"": 0.75, ""desc_sim"": 0.01462469924587962, ""kw_tactic_jaccard"": 0.0, ""mitigation_overlap"": 0.0}"
T1583.002,CWE-350,0.2414,boost_common_term:dns,"{""title_sim"": 0.4615384615384615, ""desc_sim"": 0.16011133819444293, ""kw_tactic_jaccard"": 0.0, ""mitigation_overlap"": 0.024691358024691357}"
T1561,CWE-594,0.2846,boost_common_term:disk,"{""title_sim"": 0.6153846153846154, ""desc_sim"": 0.14624804899441757, ""kw_tactic_jaccard"": 0.0, ""mitigation_overlap"": 0.030303030303030304}"
T1561,CWE-313,0.2168,,"{""title_sim"": 0.6153846153846154, ""desc_sim"": 0.10712965555907475, ""kw_tactic_jaccard"": 0.0, ""mitigation_overlap"": 0.0}"
T1561,CWE-591,0.1275,boost_common_term:disk,"{""title_sim"": 0.16949152542372886, ""desc_sim"": 0.07093112931589679, ""kw_tactic_jaccard"": 0.0, ""mitigation_overlap"": 0.02702702702702703}"
T1071.004,CWE-350,0.4344,boost_common_term:dns;boost_subtech_title_match,"{""title_sim"": 1.0, ""desc_sim"": 0.17594934674908233, ""kw_tactic_jaccard"": 0.0, ""mitigation_overlap"": 0.007936507936507936}"
T1071.004,CWE-292,0.3638,boost_subtech_title_match,"{""title_sim"": 1.0, ""desc_sim"": 0.10701676132334713, ""kw_tactic_jaccard"": 0.0, ""mitigation_overlap"": 0.00847457627118644}"
T1071.004,CWE-247,0.3621,boost_subtech_title_match,"{""title_sim"": 1.0, ""desc_sim"": 0.10137505541223674, ""kw_tactic_jaccard"": 0.0, ""mitigation_overlap"": 0.00847457627118644}"
T1552.005,CWE-1230,0.2519,boost_common_term:metadata,"{""title_sim"": 0.45714285714285713, ""desc_sim"": 0.18461073158506952, ""kw_tactic_jaccard"": 0.0, ""mitigation_overlap"": 0.04672897196261682}"
T1552.005,CWE-1063,0.2438,boost_common_term:instance,"{""title_sim"": 0.5, ""desc_sim"": 0.1393971034532005, ""kw_tactic_jaccard"": 0.0, ""mitigation_overlap"": 0.010101010101010102}"
T1552.005,CWE-1082,0.2306,boost_common_term:instance,"{""title_sim"": 0.45714285714285713, ""desc_sim"": 0.1320439078365196, ""kw_tactic_jaccard"": 0.0, ""mitigation_overlap"": 0.019417475728155338}"
T1555.002,CWE-591,0.2533,boost_common_term:memory,"{""title_sim"": 0.5454545454545454, ""desc_sim"": 0.09141163042976722, ""kw_tactic_jaccard"": 0.0, ""mitigation_overlap"": 0.06140350877192982}"
T1555.002,CWE-119,0.2470,boost_common_term:memory,"{""title_sim"": 0.5454545454545454, ""desc_sim"": 0.07082247541245142, ""kw_tactic_jaccard"": 0.0, ""mitigation_overlap"": 0.0603448275862069}"
T1555.002,CWE-1257,0.2449,boost_common_term:memory,"{""title_sim"": 0.5454545454545454, ""desc_sim"": 0.06904583199030663, ""kw_tactic_jaccard"": 0.0, ""mitigation_overlap"": 0.05263157894736842}"
T1615,CWE-942,0.2488,boost_common_term:policy,"{""title_sim"": 0.42857142857142855, ""desc_sim"": 0.2145452148058903, ""kw_tactic_jaccard"": 0.0, ""mitigation_overlap"": 0.02912621359223301}"
T1615,CWE-213,0.1960,boost_common_term:policy,"{""title_sim"": 0.33333333333333326, ""desc_sim"": 0.1150817708088838, ""kw_tactic_jaccard"": 0.0, ""mitigation_overlap"": 0.05714285714285714}"
T1615,CWE-157,0.1802,boost_common_term:group,"{""title_sim"": 0.30508474576271183, ""desc_sim"": 0.10181611601357332, ""kw_tactic_jaccard"": 0.0, ""mitigation_overlap"": 0.04081632653061224}"
T1542.003,CWE-511,0.1322,,"{""title_sim"": 0.36363636363636365, ""desc_sim"": 0.061620133848214305, ""kw_tactic_jaccard"": 0.0, ""mitigation_overlap"": 0.023255813953488372}"
T1542.003,CWE-1071,0.1221,,"{""title_sim"": 0.34782608695652173, ""desc_sim"": 0.04850243839173196, ""kw_tactic_jaccard"": 0.0, ""mitigation_overlap"": 0.016129032258064516}"
T1542.003,CWE-510,0.1151,,"{""title_sim"": 0.2666666666666667, ""desc_sim"": 0.08613818879228036, ""kw_tactic_jaccard"": 0.0, ""mitigation_overlap"": 0.046511627906976744}"
T1025,CWE-1266,0.2392,boost_common_term:data,"{""title_sim"": 0.5294117647058824, ""desc_sim"": 0.08044745527567478, ""kw_tactic_jaccard"": 0.0, ""mitigation_overlap"": 0.03125}"
T1025,CWE-188,0.2228,boost_common_term:data,"{""title_sim"": 0.509090909090909, ""desc_sim"": 0.04579778657380063, ""kw_tactic_jaccard"": 0.0, ""mitigation_overlap"": 0.031746031746031744}"
T1025,CWE-1083,0.2207,boost_common_term:data,"{""title_sim"": 0.5294117647058824, ""desc_sim"": 0.03014514746626157, ""kw_tactic_jaccard"": 0.0, ""mitigation_overlap"": 0.014285714285714285}"
T1116,CWE-1291,0.4131,boost_common_term:signing,"{""title_sim"": 1.0, ""desc_sim"": 0.190004220403361, ""kw_tactic_jaccard"": 0.0, ""mitigation_overlap"": 0.030303030303030304}"
T1116,CWE-561,0.2594,boost_common_term:code,"{""title_sim"": 0.6153846153846154, ""desc_sim"": 0.062127859177802974, ""kw_tactic_jaccard"": 0.0, ""mitigation_overlap"": 0.03076923076923077}"
T1116,CWE-508,0.2384,boost_common_term:code,"{""title_sim"": 0.5, ""desc_sim"": 0.0905980763597031, ""kw_tactic_jaccard"": 0.0, ""mitigation_overlap"": 0.056338028169014086}"
T1218.013,CWE-696,0.1323,,"{""title_sim"": 0.4242424242424242, ""desc_sim"": 0.010181233763615398, ""kw_tactic_jaccard"": 0.0, ""mitigation_overlap"": 0.009615384615384616}"
T1218.013,CWE-697,0.1301,,"{""title_sim"": 0.41379310344827586, ""desc_sim"": 0.013447301142832581, ""kw_tactic_jaccard"": 0.0, ""mitigation_overlap"": 0.009708737864077669}"
T1218.013,CWE-508,0.1265,,"{""title_sim"": 0.358974358974359, ""desc_sim"": 0.04335250016874777, ""kw_tactic_jaccard"": 0.0, ""mitigation_overlap"": 0.02912621359223301}"
T1522,CWE-1230,0.2526,boost_common_term:metadata,"{""title_sim"": 0.45714285714285713, ""desc_sim"": 0.18350111369703462, ""kw_tactic_jaccard"": 0.0, ""mitigation_overlap"": 0.052083333333333336}"
T1522,CWE-1063,0.2461,boost_common_term:instance,"{""title_sim"": 0.5, ""desc_sim"": 0.146076283180428, ""kw_tactic_jaccard"": 0.0, ""mitigation_overlap"": 0.011363636363636364}"
T1522,CWE-1082,0.2332,boost_common_term:instance,"{""title_sim"": 0.45714285714285713, ""desc_sim"": 0.13889474310305802, ""kw_tactic_jaccard"": 0.0, ""mitigation_overlap"": 0.021739130434782608}"
T1093,CWE-214,0.2602,boost_common_term:process,"{""title_sim"": 0.5833333333333334, ""desc_sim"": 0.1036006490036414, ""kw_tactic_jaccard"": 0.0, ""mitigation_overlap"": 0.02040816326530612}"
T1093,CWE-114,0.2102,,"{""title_sim"": 0.6363636363636364, ""desc_sim"": 0.05073185790699229, ""kw_tactic_jaccard"": 0.0, ""mitigation_overlap"": 0.02040816326530612}"
T1093,CWE-67,0.1862,boost_common_term:process,"{""title_sim"": 0.3793103448275862, ""desc_sim"": 0.05420511333998987, ""kw_tactic_jaccard"": 0.0, ""mitigation_overlap"": 0.03076923076923077}"
T1074.001,CWE-182,0.2218,boost_common_term:data,"{""title_sim"": 0.4230769230769231, ""desc_sim"": 0.129929090647619, ""kw_tactic_jaccard"": 0.0, ""mitigation_overlap"": 0.029411764705882353}"
T1074.001,CWE-591,0.2132,boost_common_term:data,"{""title_sim"": 0.4411764705882353, ""desc_sim"": 0.086075388903346, ""kw_tactic_jaccard"": 0.0, ""mitigation_overlap"": 0.025}"
T1074.001,CWE-1093,0.2046,boost_common_term:data,"{""title_sim"": 0.456140350877193, ""desc_sim"": 0.049400403908386945, ""kw_tactic_jaccard"": 0.0, ""mitigation_overlap"": 0.014925373134328358}"
T1036.005,CWE-764,0.2782,boost_common_term:resource;boost_subtech_title_match,"{""title_sim"": 0.6075949367088608, ""desc_sim"": 0.04352082215404519, ""kw_tactic_jaccard"": 0.0, ""mitigation_overlap"": 0.014492753623188406}"
T1036.005,CWE-289,0.2759,"boost_common_term:resource,name","{""title_sim"": 0.49382716049382713, ""desc_sim"": 0.22371249805852067, ""kw_tactic_jaccard"": 0.0, ""mitigation_overlap"": 0.05333333333333334}"
T1036.005,CWE-1229,0.2580,boost_common_term:resource,"{""title_sim"": 0.5633802816901409, ""desc_sim"": 0.09238635730159117, ""kw_tactic_jaccard"": 0.0, ""mitigation_overlap"": 0.056338028169014086}"
T1172,CWE-187,0.1766,,"{""title_sim"": 0.55, ""desc_sim"": 0.024618656189536885, ""kw_tactic_jaccard"": 0.0, ""mitigation_overlap"": 0.021052631578947368}"
T1172,CWE-830,0.1687,boost_common_term:domain,"{""title_sim"": 0.25714285714285706, ""desc_sim"": 0.12457525613735294, ""kw_tactic_jaccard"": 0.0, ""mitigation_overlap"": 0.020833333333333332}"
T1172,CWE-638,0.1652,,"{""title_sim"": 0.5116279069767442, ""desc_sim"": 0.02549511551769237, ""kw_tactic_jaccard"": 0.0, ""mitigation_overlap"": 0.020202020202020204}"
T1587.003,CWE-298,0.2730,boost_common_term:certificates,"{""title_sim"": 0.49230769230769234, ""desc_sim"": 0.2162059658325067, ""kw_tactic_jaccard"": 0.0, ""mitigation_overlap"": 0.052083333333333336}"
T1587.003,CWE-296,0.2402,,"{""title_sim"": 0.49275362318840576, ""desc_sim"": 0.2746850320464339, ""kw_tactic_jaccard"": 0.0, ""mitigation_overlap"": 0.05}"
T1587.003,CWE-599,0.2348,,"{""title_sim"": 0.5245901639344263, ""desc_sim"": 0.2377338649965731, ""kw_tactic_jaccard"": 0.0, ""mitigation_overlap"": 0.030303030303030304}"
T1565.001,CWE-1282,0.3009,"boost_common_term:stored,data;boost_subtech_title_match","{""title_sim"": 0.6285714285714286, ""desc_sim"": 0.0796071271588502, ""kw_tactic_jaccard"": 0.0, ""mitigation_overlap"": 0.042105263157894736}"
T1565.001,CWE-502,0.2581,boost_common_term:data,"{""title_sim"": 0.5964912280701754, ""desc_sim"": 0.07464096871496984, ""kw_tactic_jaccard"": 0.0, ""mitigation_overlap"": 0.033707865168539325}"
T1565.001,CWE-217,0.2526,boost_subtech_title_match,"{""title_sim"": 0.6285714285714286, ""desc_sim"": 0.11339338369958907, ""kw_tactic_jaccard"": 0.0, ""mitigation_overlap"": 0.0}"
T1110.002,CWE-836,0.3553,boost_common_term:password;boost_subtech_title_match,"{""title_sim"": 0.64, ""desc_sim"": 0.2462894474851306, ""kw_tactic_jaccard"": 0.0, ""mitigation_overlap"": 0.047058823529411764}"
T1110.002,CWE-916,0.3442,"boost_common_term:cracking,password;boost_subtech_title_match","{""title_sim"": 0.64, ""desc_sim"": 0.21214935822764544, ""kw_tactic_jaccard"": 0.0, ""mitigation_overlap"": 0.043010752688172046}"
T1110.002,CWE-256,0.3312,boost_common_term:password;boost_subtech_title_match,"{""title_sim"": 0.64, ""desc_sim"": 0.1643775452532355, ""kw_tactic_jaccard"": 0.0, ""mitigation_overlap"": 0.04938271604938271}"
T1178,CWE-1319,0.2413,boost_common_term:injection,"{""title_sim"": 0.6, ""desc_sim"": 0.030946551816264174, ""kw_tactic_jaccard"": 0.0, ""mitigation_overlap"": 0.010309278350515464}"
T1178,CWE-91,0.2002,,"{""title_sim"": 0.6, ""desc_sim"": 0.04777019969058865, ""kw_tactic_jaccard"": 0.0, ""mitigation_overlap"": 0.029411764705882353}"
T1178,CWE-1334,0.1926,,"{""title_sim"": 0.6, ""desc_sim"": 0.02828288303350562, ""kw_tactic_jaccard"": 0.0, ""mitigation_overlap"": 0.02040816326530612}"
T1114.001,CWE-1108,0.1731,boost_common_term:local,"{""title_sim"": 0.36666666666666664, ""desc_sim"": 0.0350623746847927, ""kw_tactic_jaccard"": 0.0, ""mitigation_overlap"": 0.012987012987012988}"
T1114.001,CWE-192,0.1568,,"{""title_sim"": 0.45454545454545453, ""desc_sim"": 0.04824809864391166, ""kw_tactic_jaccard"": 0.0, ""mitigation_overlap"": 0.029850746268656716}"
T1114.001,CWE-1250,0.1560,boost_common_term:local,"{""title_sim"": 0.2429906542056075, ""desc_sim"": 0.06861029126896032, ""kw_tactic_jaccard"": 0.0, ""mitigation_overlap"": 0.0625}"
T1555.001,CWE-662,0.1431,,"{""title_sim"": 0.4375, ""desc_sim"": 0.011146476080944719, ""kw_tactic_jaccard"": 0.0, ""mitigation_overlap"": 0.0423728813559322}"
T1555.001,CWE-821,0.1359,,"{""title_sim"": 0.4242424242424242, ""desc_sim"": 0.01595727993165279, ""kw_tactic_jaccard"": 0.0, ""mitigation_overlap"": 0.019417475728155338}"
T1555.001,CWE-820,0.1253,,"{""title_sim"": 0.3870967741935484, ""desc_sim"": 0.017494056213967452, ""kw_tactic_jaccard"": 0.0, ""mitigation_overlap"": 0.019417475728155338}"
T1547,CWE-1283,0.2123,boost_common_term:boot,"{""title_sim"": 0.4390243902439025, ""desc_sim"": 0.09397920076995127, ""kw_tactic_jaccard"": 0.0, ""mitigation_overlap"": 0.012048192771084338}"
T1547,CWE-1326,0.2035,boost_common_term:boot,"{""title_sim"": 0.368421052631579, ""desc_sim"": 0.12731475661039748, ""kw_tactic_jaccard"": 0.0, ""mitigation_overlap"": 0.023809523809523808}"
T1547,CWE-1112,0.1998,,"{""title_sim"": 0.5641025641025641, ""desc_sim"": 0.0780855689081831, ""kw_tactic_jaccard"": 0.0, ""mitigation_overlap"": 0.03571428571428571}"
T1003.004,CWE-416,0.1310,,"{""title_sim"": 0.4, ""desc_sim"": 0.028613871150511627, ""kw_tactic_jaccard"": 0.0, ""mitigation_overlap"": 0.011904761904761904}"
T1003.004,CWE-1038,0.1263,,"{""title_sim"": 0.37209302325581395, ""desc_sim"": 0.02088113632196838, ""kw_tactic_jaccard"": 0.0, ""mitigation_overlap"": 0.04225352112676056}"
T1003.004,CWE-348,0.1198,,"{""title_sim"": 0.3783783783783784, ""desc_sim"": 0.01086366570610877, ""kw_tactic_jaccard"": 0.0, ""mitigation_overlap"": 0.014925373134328358}"
T1013,CWE-605,0.2631,boost_common_term:port,"{""title_sim"": 0.4705882352941177, ""desc_sim"": 0.2215628326907992, ""kw_tactic_jaccard"": 0.0, ""mitigation_overlap"": 0.02702702702702703}"
T1013,CWE-114,0.1680,,"{""title_sim"": 0.5, ""desc_sim"": 0.03323595968148626, ""kw_tactic_jaccard"": 0.0, ""mitigation_overlap"": 0.04}"
T1013,CWE-589,0.1543,,"{""title_sim"": 0.4102564102564103, ""desc_sim"": 0.06285617128001023, ""kw_tactic_jaccard"": 0.0, ""mitigation_overlap"": 0.06172839506172839}"
T1600,CWE-326,0.3197,boost_common_term:encryption,"{""title_sim"": 0.7407407407407408, ""desc_sim"": 0.14017104372759517, ""kw_tactic_jaccard"": 0.0, ""mitigation_overlap"": 0.02727272727272727}"
T1600,CWE-649,0.3104,boost_common_term:encryption,"{""title_sim"": 0.7407407407407408, ""desc_sim"": 0.10961889041933826, ""kw_tactic_jaccard"": 0.0, ""mitigation_overlap"": 0.02654867256637168}"
T1600,CWE-323,0.2714,,"{""title_sim"": 0.7407407407407408, ""desc_sim"": 0.1573961244557905, ""kw_tactic_jaccard"": 0.0, ""mitigation_overlap"": 0.009900990099009901}"
T1606.002,CWE-1270,0.3318,boost_common_term:tokens;boost_subtech_title_match,"{""title_sim"": 0.7058823529411765, ""desc_sim"": 0.12345693651698897, ""kw_tactic_jaccard"": 0.0, ""mitigation_overlap"": 0.015151515151515152}"
T1606.002,CWE-1259,0.1614,boost_common_term:tokens,"{""title_sim"": 0.23333333333333328, ""desc_sim"": 0.12797705636605777, ""kw_tactic_jaccard"": 0.0, ""mitigation_overlap"": 0.015151515151515152}"
T1606.002,CWE-416,0.1184,,"{""title_sim"": 0.32, ""desc_sim"": 0.04198198827352726, ""kw_tactic_jaccard"": 0.0, ""mitigation_overlap"": 0.04895104895104895}"
T1192,CWE-65,0.2312,boost_common_term:link,"{""title_sim"": 0.5142857142857143, ""desc_sim"": 0.06995194316876104, ""kw_tactic_jaccard"": 0.0, ""mitigation_overlap"": 0.029411764705882353}"
T1192,CWE-62,0.2104,boost_common_term:link,"{""title_sim"": 0.4444444444444444, ""desc_sim"": 0.07048266963450796, ""kw_tactic_jaccard"": 0.0, ""mitigation_overlap"": 0.029411764705882353}"
T1192,CWE-59,0.1888,boost_common_term:link,"{""title_sim"": 0.36363636363636365, ""desc_sim"": 0.08354878199045783, ""kw_tactic_jaccard"": 0.0, ""mitigation_overlap"": 0.0234375}"
T1036.008,CWE-434,0.3352,boost_common_term:file;boost_subtech_title_match,"{""title_sim"": 0.6206896551724138, ""desc_sim"": 0.20364713617721358, ""kw_tactic_jaccard"": 0.0, ""mitigation_overlap"": 0.03968253968253968}"
T1036.008,CWE-646,0.2476,boost_common_term:file,"{""title_sim"": 0.33766233766233766, ""desc_sim"": 0.2959338803101742, ""kw_tactic_jaccard"": 0.0, ""mitigation_overlap"": 0.03759398496240601}"
T1036.008,CWE-66,0.2196,boost_common_term:file,"{""title_sim"": 0.33333333333333326, ""desc_sim"": 0.21239763136398368, ""kw_tactic_jaccard"": 0.0, ""mitigation_overlap"": 0.029411764705882353}"
T1489,CWE-1327,0.1722,boost_common_term:service,"{""title_sim"": 0.3265306122448979, ""desc_sim"": 0.06447473746299592, ""kw_tactic_jaccard"": 0.0, ""mitigation_overlap"": 0.024390243902439025}"
T1489,CWE-1245,0.1631,boost_common_term:service,"{""title_sim"": 0.2686567164179104, ""desc_sim"": 0.0818925973911203, ""kw_tactic_jaccard"": 0.0, ""mitigation_overlap"": 0.03968253968253968}"
T1489,CWE-67,0.1603,boost_common_term:service,"{""title_sim"": 0.3018867924528301, ""desc_sim"": 0.04673255470541454, ""kw_tactic_jaccard"": 0.0, ""mitigation_overlap"": 0.02877697841726619}"
T1587.001,CWE-512,0.1844,,"{""title_sim"": 0.5714285714285715, ""desc_sim"": 0.02966950114663381, ""kw_tactic_jaccard"": 0.0, ""mitigation_overlap"": 0.02027027027027027}"
T1587.001,CWE-23,0.1157,,"{""title_sim"": 0.33333333333333326, ""desc_sim"": 0.03833192331626828, ""kw_tactic_jaccard"": 0.0, ""mitigation_overlap"": 0.020833333333333332}"
T1587.001,CWE-682,0.1143,,"{""title_sim"": 0.3571428571428571, ""desc_sim"": 0.01407454360487266, ""kw_tactic_jaccard"": 0.0, ""mitigation_overlap"": 0.014705882352941176}"
T1121,CWE-23,0.1223,,"{""title_sim"": 0.32432432432432434, ""desc_sim"": 0.04676613115496988, ""kw_tactic_jaccard"": 0.0, ""mitigation_overlap"": 0.0547945205479452}"
T1121,CWE-111,0.1074,,"{""title_sim"": 0.26315789473684204, ""desc_sim"": 0.05781830567943531, ""kw_tactic_jaccard"": 0.0, ""mitigation_overlap"": 0.05555555555555555}"
T1121,CWE-908,0.1072,,"{""title_sim"": 0.32558139534883723, ""desc_sim"": 0.020993081117381768, ""kw_tactic_jaccard"": 0.0, ""mitigation_overlap"": 0.016129032258064516}"
T1652,CWE-1273,0.2127,boost_common_term:device,"{""title_sim"": 0.41379310344827586, ""desc_sim"": 0.1137531010975268, ""kw_tactic_jaccard"": 0.0, ""mitigation_overlap"": 0.022222222222222223}"
T1652,CWE-67,0.2110,boost_common_term:device,"{""title_sim"": 0.41379310344827586, ""desc_sim"": 0.0983111493790031, ""kw_tactic_jaccard"": 0.0, ""mitigation_overlap"": 0.037037037037037035}"
T1652,CWE-1190,0.2040,boost_common_term:device,"{""title_sim"": 0.41379310344827586, ""desc_sim"": 0.08602670937869189, ""kw_tactic_jaccard"": 0.0, ""mitigation_overlap"": 0.020202020202020204}"
T1206,CWE-525,0.1594,boost_common_term:caching,"{""title_sim"": 0.2898550724637681, ""desc_sim"": 0.05182528389582167, ""kw_tactic_jaccard"": 0.0, ""mitigation_overlap"": 0.034482758620689655}"
T1206,CWE-384,0.1546,,"{""title_sim"": 0.42857142857142855, ""desc_sim"": 0.06328602423293544, ""kw_tactic_jaccard"": 0.0, ""mitigation_overlap"": 0.03496503496503497}"
T1206,CWE-172,0.1474,,"{""title_sim"": 0.4615384615384615, ""desc_sim"": 0.02007313407269658, ""kw_tactic_jaccard"": 0.0, ""mitigation_overlap"": 0.014388489208633094}"
T1087.002,CWE-645,0.3040,boost_common_term:account;boost_subtech_title_match,"{""title_sim"": 0.6666666666666665, ""desc_sim"": 0.045461355895506886, ""kw_tactic_jaccard"": 0.0, ""mitigation_overlap"": 0.05194805194805195}"
T1087.002,CWE-830,0.1704,boost_common_term:domain,"{""title_sim"": 0.26086956521739124, ""desc_sim"": 0.11308067687517845, ""kw_tactic_jaccard"": 0.0, ""mitigation_overlap"": 0.0410958904109589}"
T1087.002,CWE-618,0.1525,boost_common_term:domain,"{""title_sim"": 0.2790697674418605, ""desc_sim"": 0.05357789990798433, ""kw_tactic_jaccard"": 0.0, ""mitigation_overlap"": 0.013333333333333334}"
T1547.014,CWE-489,0.2671,boost_subtech_title_match,"{""title_sim"": 0.6666666666666665, ""desc_sim"": 0.12381080175255604, ""kw_tactic_jaccard"": 0.0, ""mitigation_overlap"": 0.0}"
T1547.014,CWE-771,0.2496,boost_subtech_title_match,"{""title_sim"": 0.6666666666666665, ""desc_sim"": 0.05274850856244229, ""kw_tactic_jaccard"": 0.0, ""mitigation_overlap"": 0.018867924528301886}"
T1547.014,CWE-773,0.2453,boost_subtech_title_match,"{""title_sim"": 0.6666666666666665, ""desc_sim"": 0.03819035099985434, ""kw_tactic_jaccard"": 0.0, ""mitigation_overlap"": 0.01904761904761905}"
T1564,CWE-912,0.1739,,"{""title_sim"": 0.5294117647058824, ""desc_sim"": 0.025103808307204867, ""kw_tactic_jaccard"": 0.0, ""mitigation_overlap"": 0.0379746835443038}"
T1564,CWE-1061,0.1601,boost_common_term:hide,"{""title_sim"": 0.3, ""desc_sim"": 0.05251487542550759, ""kw_tactic_jaccard"": 0.0, ""mitigation_overlap"": 0.021739130434782608}"
T1564,CWE-397,0.1559,boost_common_term:hide,"{""title_sim"": 0.2456140350877193, ""desc_sim"": 0.08201028214069166, ""kw_tactic_jaccard"": 0.0, ""mitigation_overlap"": 0.0379746835443038}"
T1559.002,CWE-322,0.2310,boost_common_term:exchange,"{""title_sim"": 0.5517241379310345, ""desc_sim"": 0.04767908602280945, ""kw_tactic_jaccard"": 0.0, ""mitigation_overlap"": 0.006097560975609756}"
T1559.002,CWE-1083,0.1941,boost_common_term:data,"{""title_sim"": 0.38888888888888884, ""desc_sim"": 0.06813180388381065, ""kw_tactic_jaccard"": 0.0, ""mitigation_overlap"": 0.03508771929824561}"
T1559.002,CWE-502,0.1863,boost_common_term:data,"{""title_sim"": 0.4074074074074074, ""desc_sim"": 0.04287438917462508, ""kw_tactic_jaccard"": 0.0, ""mitigation_overlap"": 0.006060606060606061}"
T1204.002,CWE-509,0.3556,boost_common_term:malicious;boost_subtech_title_match,"{""title_sim"": 0.782608695652174, ""desc_sim"": 0.1037094220030771, ""kw_tactic_jaccard"": 0.0, ""mitigation_overlap"": 0.04838709677419355}"
T1204.002,CWE-508,0.3416,boost_common_term:malicious;boost_subtech_title_match,"{""title_sim"": 0.782608695652174, ""desc_sim"": 0.0677425891718289, ""kw_tactic_jaccard"": 0.0, ""mitigation_overlap"": 0.03225806451612903}"
T1204.002,CWE-506,0.3377,boost_common_term:malicious;boost_subtech_title_match,"{""title_sim"": 0.782608695652174, ""desc_sim"": 0.0590807762935972, ""kw_tactic_jaccard"": 0.0, ""mitigation_overlap"": 0.02586206896551724}"
T1591.003,CWE-66,0.1625,,"{""title_sim"": 0.5161290322580645, ""desc_sim"": 0.01898008122121249, ""kw_tactic_jaccard"": 0.0, ""mitigation_overlap"": 0.009708737864077669}"
T1591.003,CWE-377,0.1559,,"{""title_sim"": 0.4782608695652174, ""desc_sim"": 0.027037908887870672, ""kw_tactic_jaccard"": 0.0, ""mitigation_overlap"": 0.021739130434782608}"
T1591.003,CWE-531,0.1558,,"{""title_sim"": 0.4, ""desc_sim"": 0.08116367815398484, ""kw_tactic_jaccard"": 0.0, ""mitigation_overlap"": 0.05714285714285714}"
T1063,CWE-446,0.2594,boost_common_term:security,"{""title_sim"": 0.6129032258064516, ""desc_sim"": 0.05626987215794015, ""kw_tactic_jaccard"": 0.0, ""mitigation_overlap"": 0.043010752688172046}"
T1063,CWE-671,0.2353,boost_common_term:security,"{""title_sim"": 0.5142857142857143, ""desc_sim"": 0.08354440360766739, ""kw_tactic_jaccard"": 0.0, ""mitigation_overlap"": 0.03}"
T1063,CWE-1290,0.2263,boost_common_term:security,"{""title_sim"": 0.5217391304347826, ""desc_sim"": 0.05239888162875126, ""kw_tactic_jaccard"": 0.0, ""mitigation_overlap"": 0.020202020202020204}"
T1071.005,CWE-301,0.1687,boost_common_term:protocols,"{""title_sim"": 0.32432432432432434, ""desc_sim"": 0.055642599408809106, ""kw_tactic_jaccard"": 0.0, ""mitigation_overlap"": 0.023529411764705882}"
T1071.005,CWE-114,0.1300,,"{""title_sim"": 0.38095238095238093, ""desc_sim"": 0.03680671351075664, ""kw_tactic_jaccard"": 0.0, ""mitigation_overlap"": 0.023529411764705882}"
T1071.005,CWE-764,0.1254,,"{""title_sim"": 0.40625, ""desc_sim"": 0.01171924298157312, ""kw_tactic_jaccard"": 0.0, ""mitigation_overlap"": 0.0}"
T1592.001,CWE-1239,0.4390,boost_common_term:hardware;boost_subtech_title_match,"{""title_sim"": 1.0, ""desc_sim"": 0.18055142405690627, ""kw_tactic_jaccard"": 0.0, ""mitigation_overlap"": 0.024}"
T1592.001,CWE-1278,0.4314,boost_common_term:hardware;boost_subtech_title_match,"{""title_sim"": 1.0, ""desc_sim"": 0.13957452037208068, ""kw_tactic_jaccard"": 0.0, ""mitigation_overlap"": 0.047619047619047616}"
T1592.001,CWE-1313,0.4225,boost_common_term:hardware;boost_subtech_title_match,"{""title_sim"": 1.0, ""desc_sim"": 0.11694262950010309, ""kw_tactic_jaccard"": 0.0, ""mitigation_overlap"": 0.03731343283582089}"
T1080,CWE-362,0.2410,boost_common_term:shared,"{""title_sim"": 0.4615384615384615, ""desc_sim"": 0.144667420891813, ""kw_tactic_jaccard"": 0.0, ""mitigation_overlap"": 0.045454545454545456}"
T1080,CWE-567,0.2380,boost_common_term:shared,"{""title_sim"": 0.4615384615384615, ""desc_sim"": 0.14328950840212878, ""kw_tactic_jaccard"": 0.0, ""mitigation_overlap"": 0.032679738562091505}"
T1080,CWE-433,0.2370,boost_common_term:content,"{""title_sim"": 0.5185185185185186, ""desc_sim"": 0.0871976390031591, ""kw_tactic_jaccard"": 0.0, ""mitigation_overlap"": 0.026490066225165563}"
T1484.002,CWE-473,0.3397,boost_common_term:modification;boost_subtech_title_match,"{""title_sim"": 0.8, ""desc_sim"": 0.044472992792978096, ""kw_tactic_jaccard"": 0.0, ""mitigation_overlap"": 0.03164556962025317}"
T1484.002,CWE-915,0.2932,boost_subtech_title_match,"{""title_sim"": 0.8, ""desc_sim"": 0.05599248582852109, ""kw_tactic_jaccard"": 0.0, ""mitigation_overlap"": 0.03205128205128205}"
T1484.002,CWE-1321,0.2894,boost_subtech_title_match,"{""title_sim"": 0.8, ""desc_sim"": 0.05182770497906962, ""kw_tactic_jaccard"": 0.0, ""mitigation_overlap"": 0.01948051948051948}"
T1213.006,CWE-360,0.1320,,"{""title_sim"": 0.4, ""desc_sim"": 0.03996094335137957, ""kw_tactic_jaccard"": 0.0, ""mitigation_overlap"": 0.0}"
T1213.006,CWE-779,0.1225,,"{""title_sim"": 0.35294117647058826, ""desc_sim"": 0.04745627586928088, ""kw_tactic_jaccard"": 0.0, ""mitigation_overlap"": 0.011904761904761904}"
T1213.006,CWE-1393,0.1224,,"{""title_sim"": 0.375, ""desc_sim"": 0.023814236047145942, ""kw_tactic_jaccard"": 0.0, ""mitigation_overlap"": 0.0136986301369863}"
T1573.001,CWE-325,0.2193,,"{""title_sim"": 0.5833333333333334, ""desc_sim"": 0.10326299554055815, ""kw_tactic_jaccard"": 0.0, ""mitigation_overlap"": 0.06666666666666667}"
T1573.001,CWE-1394,0.1692,,"{""title_sim"": 0.5185185185185186, ""desc_sim"": 0.029279610450027936, ""kw_tactic_jaccard"": 0.0, ""mitigation_overlap"": 0.024390243902439025}"
T1573.001,CWE-326,0.1576,,"{""title_sim"": 0.3846153846153846, ""desc_sim"": 0.12756958850644948, ""kw_tactic_jaccard"": 0.0, ""mitigation_overlap"": 0.0196078431372549}"
T1087.001,CWE-645,0.3221,boost_common_term:account;boost_subtech_title_match,"{""title_sim"": 0.7, ""desc_sim"": 0.06412508894669243, ""kw_tactic_jaccard"": 0.0, ""mitigation_overlap"": 0.0641025641025641}"
T1087.001,CWE-468,0.1536,,"{""title_sim"": 0.4736842105263158, ""desc_sim"": 0.029019985189535944, ""kw_tactic_jaccard"": 0.0, ""mitigation_overlap"": 0.013888888888888888}"
T1087.001,CWE-1263,0.1520,,"{""title_sim"": 0.4888888888888889, ""desc_sim"": 0.009049848670944955, ""kw_tactic_jaccard"": 0.0, ""mitigation_overlap"": 0.013333333333333334}"
T1167,CWE-591,0.2576,boost_common_term:memory,"{""title_sim"": 0.5454545454545454, ""desc_sim"": 0.10305112272225929, ""kw_tactic_jaccard"": 0.0, ""mitigation_overlap"": 0.06542056074766354}"
T1167,CWE-789,0.2500,boost_common_term:memory,"{""title_sim"": 0.5454545454545454, ""desc_sim"": 0.08840382171640189, ""kw_tactic_jaccard"": 0.0, ""mitigation_overlap"": 0.049019607843137254}"
T1167,CWE-119,0.2481,boost_common_term:memory,"{""title_sim"": 0.5454545454545454, ""desc_sim"": 0.0785512749978622, ""kw_tactic_jaccard"": 0.0, ""mitigation_overlap"": 0.05454545454545454}"
T1586.001,CWE-645,0.2010,boost_common_term:accounts,"{""title_sim"": 0.4307692307692308, ""desc_sim"": 0.0493710573537241, ""kw_tactic_jaccard"": 0.0, ""mitigation_overlap"": 0.03496503496503497}"
T1586.001,CWE-797,0.1866,boost_common_term:accounts,"{""title_sim"": 0.39473684210526316, ""desc_sim"": 0.042125520948946844, ""kw_tactic_jaccard"": 0.0, ""mitigation_overlap"": 0.027586206896551724}"
T1586.001,CWE-796,0.1761,boost_common_term:accounts,"{""title_sim"": 0.3561643835616438, ""desc_sim"": 0.04634814932340529, ""kw_tactic_jaccard"": 0.0, ""mitigation_overlap"": 0.026845637583892617}"
T1176.001,CWE-618,0.2112,boost_common_term:browser,"{""title_sim"": 0.3404255319148936, ""desc_sim"": 0.17591775247088104, ""kw_tactic_jaccard"": 0.0, ""mitigation_overlap"": 0.03125}"
T1176.001,CWE-525,0.2075,,"{""title_sim"": 0.56, ""desc_sim"": 0.11442704210929258, ""kw_tactic_jaccard"": 0.0, ""mitigation_overlap"": 0.025906735751295335}"
T1176.001,CWE-571,0.1597,,"{""title_sim"": 0.5116279069767442, ""desc_sim"": 0.013625422449915695, ""kw_tactic_jaccard"": 0.0, ""mitigation_overlap"": 0.010810810810810811}"
T1527,CWE-926,0.2716,"boost_common_term:access,application","{""title_sim"": 0.6285714285714286, ""desc_sim"": 0.0811534774171976, ""kw_tactic_jaccard"": 0.0, ""mitigation_overlap"": 0.043478260869565216}"
T1527,CWE-1065,0.2683,boost_common_term:application,"{""title_sim"": 0.6285714285714286, ""desc_sim"": 0.08261720001374692, ""kw_tactic_jaccard"": 0.0, ""mitigation_overlap"": 0.024539877300613498}"
T1527,CWE-1259,0.2554,boost_common_term:token,"{""title_sim"": 0.4931506849315068, ""desc_sim"": 0.1712161763322178, ""kw_tactic_jaccard"": 0.0, ""mitigation_overlap"": 0.03048780487804878}"
T1562.009,CWE-329,0.2353,boost_common_term:mode,"{""title_sim"": 0.4444444444444444, ""desc_sim"": 0.16234089783764027, ""kw_tactic_jaccard"": 0.0, ""mitigation_overlap"": 0.01652892561983471}"
T1562.009,CWE-623,0.1902,,"{""title_sim"": 0.4444444444444444, ""desc_sim"": 0.18971424370759468, ""kw_tactic_jaccard"": 0.0, ""mitigation_overlap"": 0.0}"
T1562.009,CWE-183,0.1568,boost_common_term:safe,"{""title_sim"": 0.2553191489361703, ""desc_sim"": 0.08401580789075118, ""kw_tactic_jaccard"": 0.0, ""mitigation_overlap"": 0.024793388429752067}"
T1180,CWE-286,0.1491,,"{""title_sim"": 0.4444444444444444, ""desc_sim"": 0.035813440095264173, ""kw_tactic_jaccard"": 0.0, ""mitigation_overlap"": 0.025}"
T1180,CWE-416,0.1345,,"{""title_sim"": 0.4, ""desc_sim"": 0.035666053815254686, ""kw_tactic_jaccard"": 0.0, ""mitigation_overlap"": 0.018867924528301886}"
T1180,CWE-203,0.1344,,"{""title_sim"": 0.4242424242424242, ""desc_sim"": 0.017070094712899306, ""kw_tactic_jaccard"": 0.0, ""mitigation_overlap"": 0.01020408163265306}"
T1542.005,CWE-1190,0.2779,boost_subtech_title_match,"{""title_sim"": 0.6153846153846154, ""desc_sim"": 0.18202417813004448, ""kw_tactic_jaccard"": 0.0, ""mitigation_overlap"": 0.043478260869565216}"
T1542.005,CWE-1274,0.2281,boost_subtech_title_match,"{""title_sim"": 0.6153846153846154, ""desc_sim"": 0.03820333129863032, ""kw_tactic_jaccard"": 0.0, ""mitigation_overlap"": 0.010309278350515464}"
T1542.005,CWE-1326,0.1294,boost_common_term:boot,"{""title_sim"": 0.19230769230769226, ""desc_sim"": 0.06477845335096849, ""kw_tactic_jaccard"": 0.0, ""mitigation_overlap"": 0.011363636363636364}"
T1543.003,CWE-67,0.3120,"boost_common_term:service,windows;boost_subtech_title_match","{""title_sim"": 0.6363636363636364, ""desc_sim"": 0.1099667659779368, ""kw_tactic_jaccard"": 0.0, ""mitigation_overlap"": 0.04040404040404041}"
T1543.003,CWE-422,0.3015,boost_common_term:windows;boost_subtech_title_match,"{""title_sim"": 0.6363636363636364, ""desc_sim"": 0.07752690091207566, ""kw_tactic_jaccard"": 0.0, ""mitigation_overlap"": 0.03664921465968586}"
T1543.003,CWE-64,0.2903,boost_common_term:windows;boost_subtech_title_match,"{""title_sim"": 0.6363636363636364, ""desc_sim"": 0.05117671898602734, ""kw_tactic_jaccard"": 0.0, ""mitigation_overlap"": 0.02040816326530612}"
T1568.001,CWE-350,0.2324,boost_common_term:dns,"{""title_sim"": 0.375, ""desc_sim"": 0.22010773895224156, ""kw_tactic_jaccard"": 0.0, ""mitigation_overlap"": 0.019417475728155338}"
T1568.001,CWE-292,0.1370,,"{""title_sim"": 0.375, ""desc_sim"": 0.07482805678159231, ""kw_tactic_jaccard"": 0.0, ""mitigation_overlap"": 0.010416666666666666}"
T1568.001,CWE-247,0.1325,,"{""title_sim"": 0.375, ""desc_sim"": 0.059627489558152585, ""kw_tactic_jaccard"": 0.0, ""mitigation_overlap"": 0.010416666666666666}"
T1497.001,CWE-497,0.2959,boost_common_term:system;boost_subtech_title_match,"{""title_sim"": 0.631578947368421, ""desc_sim"": 0.07396938035948382, ""kw_tactic_jaccard"": 0.0, ""mitigation_overlap"": 0.02127659574468085}"
T1497.001,CWE-1276,0.2911,boost_common_term:system;boost_subtech_title_match,"{""title_sim"": 0.631578947368421, ""desc_sim"": 0.06484846564479753, ""kw_tactic_jaccard"": 0.0, ""mitigation_overlap"": 0.011049723756906077}"
T1497.001,CWE-1249,0.2900,boost_common_term:system;boost_subtech_title_match,"{""title_sim"": 0.631578947368421, ""desc_sim"": 0.05445464251888373, ""kw_tactic_jaccard"": 0.0, ""mitigation_overlap"": 0.02072538860103627}"
T1053.003,CWE-507,0.1271,,"{""title_sim"": 0.375, ""desc_sim"": 0.033377839340600665, ""kw_tactic_jaccard"": 0.0, ""mitigation_overlap"": 0.022988505747126436}"
T1053.003,CWE-1164,0.1149,,"{""title_sim"": 0.31578947368421056, ""desc_sim"": 0.05268533010035401, ""kw_tactic_jaccard"": 0.0, ""mitigation_overlap"": 0.02197802197802198}"
T1053.003,CWE-114,0.1084,,"{""title_sim"": 0.31578947368421056, ""desc_sim"": 0.028930412044446276, ""kw_tactic_jaccard"": 0.0, ""mitigation_overlap"": 0.024691358024691357}"
T1069.002,CWE-830,0.1650,boost_common_term:domain,"{""title_sim"": 0.23529411764705885, ""desc_sim"": 0.11289501968366712, ""kw_tactic_jaccard"": 0.0, ""mitigation_overlap"": 0.05263157894736842}"
T1069.002,CWE-1099,0.1506,boost_common_term:groups,"{""title_sim"": 0.23333333333333328, ""desc_sim"": 0.08022614973735313, ""kw_tactic_jaccard"": 0.0, ""mitigation_overlap"": 0.03278688524590164}"
T1069.002,CWE-1021,0.1476,boost_common_term:domain,"{""title_sim"": 0.18461538461538468, ""desc_sim"": 0.0963175172343675, ""kw_tactic_jaccard"": 0.0, ""mitigation_overlap"": 0.06666666666666667}"
T1588.006,CWE-1277,0.1578,boost_common_term:vulnerabilities,"{""title_sim"": 0.26315789473684204, ""desc_sim"": 0.07389200656173357, ""kw_tactic_jaccard"": 0.0, ""mitigation_overlap"": 0.03333333333333333}"
T1588.006,CWE-1329,0.1557,boost_common_term:vulnerabilities,"{""title_sim"": 0.2711864406779661, ""desc_sim"": 0.06557013136003303, ""kw_tactic_jaccard"": 0.0, ""mitigation_overlap"": 0.023255813953488372}"
T1588.006,CWE-912,0.1515,,"{""title_sim"": 0.45714285714285713, ""desc_sim"": 0.04045709866549496, ""kw_tactic_jaccard"": 0.0, ""mitigation_overlap"": 0.01098901098901099}"
T1566.002,CWE-65,0.2340,boost_common_term:link,"{""title_sim"": 0.5142857142857143, ""desc_sim"": 0.07825336283548914, ""kw_tactic_jaccard"": 0.0, ""mitigation_overlap"": 0.03139013452914798}"
T1566.002,CWE-62,0.2136,boost_common_term:link,"{""title_sim"": 0.4444444444444444, ""desc_sim"": 0.07990751362266905, ""kw_tactic_jaccard"": 0.0, ""mitigation_overlap"": 0.03139013452914798}"
T1566.002,CWE-59,0.1939,boost_common_term:link,"{""title_sim"": 0.36363636363636365, ""desc_sim"": 0.10694810492274187, ""kw_tactic_jaccard"": 0.0, ""mitigation_overlap"": 0.013761467889908258}"
T1165,CWE-426,0.1306,,"{""title_sim"": 0.411764705882353, ""desc_sim"": 0.016774230735588192, ""kw_tactic_jaccard"": 0.0, ""mitigation_overlap"": 0.01020408163265306}"
T1165,CWE-326,0.1243,,"{""title_sim"": 0.37209302325581395, ""desc_sim"": 0.03561177876248946, ""kw_tactic_jaccard"": 0.0, ""mitigation_overlap"": 0.009900990099009901}"
T1165,CWE-102,0.1240,,"{""title_sim"": 0.3829787234042554, ""desc_sim"": 0.023850582279317068, ""kw_tactic_jaccard"": 0.0, ""mitigation_overlap"": 0.00980392156862745}"
T1070.002,CWE-15,0.2075,boost_common_term:system,"{""title_sim"": 0.46913580246913583, ""desc_sim"": 0.04560774249860978, ""kw_tactic_jaccard"": 0.0, ""mitigation_overlap"": 0.015625}"
T1070.002,CWE-779,0.2016,boost_common_term:logs,"{""title_sim"": 0.3272727272727273, ""desc_sim"": 0.15928534886237297, ""kw_tactic_jaccard"": 0.0, ""mitigation_overlap"": 0.028169014084507043}"
T1070.002,CWE-117,0.1915,,"{""title_sim"": 0.43478260869565216, ""desc_sim"": 0.1942096399809634, ""kw_tactic_jaccard"": 0.0, ""mitigation_overlap"": 0.014084507042253521}"
T1499.004,CWE-926,0.2459,boost_common_term:application,"{""title_sim"": 0.5060240963855421, ""desc_sim"": 0.08623324639457174, ""kw_tactic_jaccard"": 0.0, ""mitigation_overlap"": 0.09090909090909091}"
T1499.004,CWE-15,0.2371,boost_common_term:system,"{""title_sim"": 0.5647058823529412, ""desc_sim"": 0.04095006576957473, ""kw_tactic_jaccard"": 0.0, ""mitigation_overlap"": 0.02702702702702703}"
T1499.004,CWE-927,0.2329,boost_common_term:application,"{""title_sim"": 0.5238095238095238, ""desc_sim"": 0.058625070363620475, ""kw_tactic_jaccard"": 0.0, ""mitigation_overlap"": 0.0410958904109589}"
T1137,CWE-926,0.2550,boost_common_term:application,"{""title_sim"": 0.5945945945945946, ""desc_sim"": 0.051118665597413356, ""kw_tactic_jaccard"": 0.0, ""mitigation_overlap"": 0.056338028169014086}"
T1137,CWE-1065,0.2443,boost_common_term:application,"{""title_sim"": 0.5945945945945946, ""desc_sim"": 0.044011007239270004, ""kw_tactic_jaccard"": 0.0, ""mitigation_overlap"": 0.0136986301369863}"
T1137,CWE-473,0.1984,boost_common_term:application,"{""title_sim"": 0.4, ""desc_sim"": 0.050848052167502586, ""kw_tactic_jaccard"": 0.0, ""mitigation_overlap"": 0.06578947368421052}"
T1218.004,CWE-912,0.1308,,"{""title_sim"": 0.3870967741935484, ""desc_sim"": 0.028940374278131977, ""kw_tactic_jaccard"": 0.0, ""mitigation_overlap"": 0.029850746268656716}"
T1218.004,CWE-665,0.1265,,"{""title_sim"": 0.411764705882353, ""desc_sim"": 0.009817491987853604, ""kw_tactic_jaccard"": 0.0, ""mitigation_overlap"": 0.0}"
T1218.004,CWE-20,0.1240,,"{""title_sim"": 0.38888888888888884, ""desc_sim"": 0.014940330209772515, ""kw_tactic_jaccard"": 0.0, ""mitigation_overlap"": 0.014492753623188406}"
T1598.003,CWE-65,0.2280,boost_common_term:link,"{""title_sim"": 0.5142857142857143, ""desc_sim"": 0.06985453892574955, ""kw_tactic_jaccard"": 0.0, ""mitigation_overlap"": 0.013605442176870748}"
T1598.003,CWE-62,0.2074,boost_common_term:link,"{""title_sim"": 0.4444444444444444, ""desc_sim"": 0.07127764434352656, ""kw_tactic_jaccard"": 0.0, ""mitigation_overlap"": 0.013605442176870748}"
T1598.003,CWE-59,0.1854,boost_common_term:link,"{""title_sim"": 0.36363636363636365, ""desc_sim"": 0.08081687871704701, ""kw_tactic_jaccard"": 0.0, ""mitigation_overlap"": 0.01048951048951049}"
T1021.004,CWE-512,0.0983,,"{""title_sim"": 0.2, ""desc_sim"": 0.09230307954565113, ""kw_tactic_jaccard"": 0.0, ""mitigation_overlap"": 0.05309734513274336}"
T1021.004,CWE-507,0.0592,,"{""title_sim"": 0.13333333333333328, ""desc_sim"": 0.05197860892949507, ""kw_tactic_jaccard"": 0.0, ""mitigation_overlap"": 0.018018018018018018}"
T1021.004,CWE-328,0.0542,,"{""title_sim"": 0.10526315789473685, ""desc_sim"": 0.053415718570689476, ""kw_tactic_jaccard"": 0.0, ""mitigation_overlap"": 0.03305785123966942}"
T1098.003,CWE-167,0.2821,boost_common_term:additional;boost_subtech_title_match,"{""title_sim"": 0.625, ""desc_sim"": 0.04354427981181283, ""kw_tactic_jaccard"": 0.0, ""mitigation_overlap"": 0.007575757575757576}"
T1098.003,CWE-268,0.1861,boost_common_term:roles,"{""title_sim"": 0.3, ""desc_sim"": 0.11206134941571512, ""kw_tactic_jaccard"": 0.0, ""mitigation_overlap"": 0.0625}"
T1098.003,CWE-184,0.1812,boost_common_term:additional,"{""title_sim"": 0.3793103448275862, ""desc_sim"": 0.03844825893394095, ""kw_tactic_jaccard"": 0.0, ""mitigation_overlap"": 0.029411764705882353}"
T1547.012,CWE-114,0.2320,boost_subtech_title_match,"{""title_sim"": 0.6451612903225806, ""desc_sim"": 0.015084408498111497, ""kw_tactic_jaccard"": 0.0, ""mitigation_overlap"": 0.0196078431372549}"
T1547.012,CWE-262,0.1520,,"{""title_sim"": 0.5, ""desc_sim"": 0.006761149155285242, ""kw_tactic_jaccard"": 0.0, ""mitigation_overlap"": 0.0}"
T1547.012,CWE-1102,0.1517,boost_common_term:processors,"{""title_sim"": 0.24615384615384614, ""desc_sim"": 0.07354965545494067, ""kw_tactic_jaccard"": 0.0, ""mitigation_overlap"": 0.028846153846153848}"
T1089,CWE-446,0.2454,boost_common_term:security,"{""title_sim"": 0.5423728813559322, ""desc_sim"": 0.06532005677460338, ""kw_tactic_jaccard"": 0.0, ""mitigation_overlap"": 0.06521739130434782}"
T1089,CWE-1318,0.2434,boost_common_term:security,"{""title_sim"": 0.5, ""desc_sim"": 0.09919415735879189, ""kw_tactic_jaccard"": 0.0, ""mitigation_overlap"": 0.06818181818181818}"
T1089,CWE-671,0.2415,boost_common_term:security,"{""title_sim"": 0.5, ""desc_sim"": 0.0998315399029229, ""kw_tactic_jaccard"": 0.0, ""mitigation_overlap"": 0.057692307692307696}"
T1487,CWE-495,0.2583,boost_common_term:structure,"{""title_sim"": 0.6428571428571428, ""desc_sim"": 0.04079684782268848, ""kw_tactic_jaccard"": 0.0, ""mitigation_overlap"": 0.015873015873015872}"
T1487,CWE-228,0.2085,,"{""title_sim"": 0.6428571428571428, ""desc_sim"": 0.04653394789636608, ""kw_tactic_jaccard"": 0.0, ""mitigation_overlap"": 0.00819672131147541}"
T1487,CWE-464,0.2054,,"{""title_sim"": 0.6428571428571428, ""desc_sim"": 0.04179762350097398, ""kw_tactic_jaccard"": 0.0, ""mitigation_overlap"": 0.0}"
T1566.001,CWE-484,0.1485,,"{""title_sim"": 0.456140350877193, ""desc_sim"": 0.029309624053500887, ""kw_tactic_jaccard"": 0.0, ""mitigation_overlap"": 0.014492753623188406}"
T1566.001,CWE-468,0.1471,,"{""title_sim"": 0.40816326530612246, ""desc_sim"": 0.0717764799035265, ""kw_tactic_jaccard"": 0.0, ""mitigation_overlap"": 0.015748031496062992}"
T1566.001,CWE-290,0.1468,,"{""title_sim"": 0.456140350877193, ""desc_sim"": 0.02240839162284758, ""kw_tactic_jaccard"": 0.0, ""mitigation_overlap"": 0.016}"
T1214,CWE-1391,0.2956,boost_common_term:credentials,"{""title_sim"": 0.6470588235294117, ""desc_sim"": 0.12383813731079293, ""kw_tactic_jaccard"": 0.0, ""mitigation_overlap"": 0.07142857142857142}"
T1214,CWE-1392,0.2900,boost_common_term:credentials,"{""title_sim"": 0.6470588235294117, ""desc_sim"": 0.1143615304153342, ""kw_tactic_jaccard"": 0.0, ""mitigation_overlap"": 0.057692307692307696}"
T1214,CWE-522,0.2822,boost_common_term:credentials,"{""title_sim"": 0.6470588235294117, ""desc_sim"": 0.0906639515650881, ""kw_tactic_jaccard"": 0.0, ""mitigation_overlap"": 0.05454545454545454}"
T1027.008,CWE-515,0.1408,,"{""title_sim"": 0.4102564102564103, ""desc_sim"": 0.034699367900650285, ""kw_tactic_jaccard"": 0.0, ""mitigation_overlap"": 0.03636363636363636}"
T1027.008,CWE-114,0.1402,boost_common_term:payloads,"{""title_sim"": 0.25, ""desc_sim"": 0.04437655447230157, ""kw_tactic_jaccard"": 0.0, ""mitigation_overlap"": 0.009615384615384616}"
T1027.008,CWE-426,0.1316,,"{""title_sim"": 0.4210526315789474, ""desc_sim"": 0.011313184831438287, ""kw_tactic_jaccard"": 0.0, ""mitigation_overlap"": 0.009615384615384616}"
T1559.001,CWE-581,0.2812,boost_subtech_title_match,"{""title_sim"": 0.7058823529411765, ""desc_sim"": 0.13148254767606174, ""kw_tactic_jaccard"": 0.0, ""mitigation_overlap"": 0.0}"
T1559.001,CWE-1083,0.2506,boost_common_term:component,"{""title_sim"": 0.5806451612903225, ""desc_sim"": 0.06063798383666327, ""kw_tactic_jaccard"": 0.0, ""mitigation_overlap"": 0.04132231404958678}"
T1559.001,CWE-1395,0.2503,boost_common_term:component,"{""title_sim"": 0.5806451612903225, ""desc_sim"": 0.06300700892192453, ""kw_tactic_jaccard"": 0.0, ""mitigation_overlap"": 0.036036036036036036}"
T1574.001,CWE-476,0.0772,,"{""title_sim"": 0.2222222222222223, ""desc_sim"": 0.029739843291929278, ""kw_tactic_jaccard"": 0.0, ""mitigation_overlap"": 0.00816326530612245}"
T1574.001,CWE-833,0.0712,,"{""title_sim"": 0.18181818181818188, ""desc_sim"": 0.04477307885338683, ""kw_tactic_jaccard"": 0.0, ""mitigation_overlap"": 0.016}"
T1574.001,CWE-62,0.0606,,"{""title_sim"": 0.11764705882352942, ""desc_sim"": 0.055566846772041045, ""kw_tactic_jaccard"": 0.0, ""mitigation_overlap"": 0.043137254901960784}"
T1119,CWE-1039,0.2610,boost_common_term:automated,"{""title_sim"": 0.6206896551724138, ""desc_sim"": 0.06592247284461271, ""kw_tactic_jaccard"": 0.0, ""mitigation_overlap"": 0.025210084033613446}"
T1119,CWE-1038,0.2070,,"{""title_sim"": 0.6206896551724138, ""desc_sim"": 0.057330768559182586, ""kw_tactic_jaccard"": 0.0, ""mitigation_overlap"": 0.018018018018018018}"
T1119,CWE-863,0.1587,,"{""title_sim"": 0.5116279069767442, ""desc_sim"": 0.011023861981300707, ""kw_tactic_jaccard"": 0.0, ""mitigation_overlap"": 0.009615384615384616}"
T1115,CWE-1060,0.2194,boost_common_term:data,"{""title_sim"": 0.4444444444444444, ""desc_sim"": 0.0743881132558957, ""kw_tactic_jaccard"": 0.0, ""mitigation_overlap"": 0.06896551724137931}"
T1115,CWE-1083,0.2171,boost_common_term:data,"{""title_sim"": 0.4444444444444444, ""desc_sim"": 0.07223407704285897, ""kw_tactic_jaccard"": 0.0, ""mitigation_overlap"": 0.06060606060606061}"
T1115,CWE-1282,0.2156,boost_common_term:data,"{""title_sim"": 0.4444444444444444, ""desc_sim"": 0.06457882917240294, ""kw_tactic_jaccard"": 0.0, ""mitigation_overlap"": 0.06451612903225806}"
T1003.007,CWE-73,0.1714,boost_common_term:filesystem,"{""title_sim"": 0.3076923076923077, ""desc_sim"": 0.07394561234104811, ""kw_tactic_jaccard"": 0.0, ""mitigation_overlap"": 0.034482758620689655}"
T1003.007,CWE-693,0.1640,,"{""title_sim"": 0.5116279069767442, ""desc_sim"": 0.01837057728940845, ""kw_tactic_jaccard"": 0.0, ""mitigation_overlap"": 0.025}"
T1003.007,CWE-360,0.1538,,"{""title_sim"": 0.4390243902439025, ""desc_sim"": 0.055563118305205494, ""kw_tactic_jaccard"": 0.0, ""mitigation_overlap"": 0.02702702702702703}"
T1583.005,CWE-1069,0.1156,,"{""title_sim"": 0.3703703703703704, ""desc_sim"": 0.008471215973431243, ""kw_tactic_jaccard"": 0.0, ""mitigation_overlap"": 0.009523809523809525}"
T1583.005,CWE-436,0.1154,,"{""title_sim"": 0.3448275862068965, ""desc_sim"": 0.03376679848256201, ""kw_tactic_jaccard"": 0.0, ""mitigation_overlap"": 0.009345794392523364}"
T1583.005,CWE-863,0.1139,,"{""title_sim"": 0.3448275862068965, ""desc_sim"": 0.028770267169316112, ""kw_tactic_jaccard"": 0.0, ""mitigation_overlap"": 0.009259259259259259}"
T1555.005,CWE-261,0.3411,boost_common_term:password;boost_subtech_title_match,"{""title_sim"": 0.64, ""desc_sim"": 0.22117864499864992, ""kw_tactic_jaccard"": 0.0, ""mitigation_overlap"": 0.013513513513513514}"
T1555.005,CWE-620,0.3391,boost_common_term:password;boost_subtech_title_match,"{""title_sim"": 0.6511627906976745, ""desc_sim"": 0.19578507206051116, ""kw_tactic_jaccard"": 0.0, ""mitigation_overlap"": 0.025}"
T1555.005,CWE-836,0.3383,boost_common_term:password;boost_subtech_title_match,"{""title_sim"": 0.64, ""desc_sim"": 0.203882074153993, ""kw_tactic_jaccard"": 0.0, ""mitigation_overlap"": 0.02564102564102564}"
T1103,CWE-778,0.1187,,"{""title_sim"": 0.375, ""desc_sim"": 0.012146389849644947, ""kw_tactic_jaccard"": 0.0, ""mitigation_overlap"": 0.012658227848101266}"
T1103,CWE-20,0.1157,,"{""title_sim"": 0.32432432432432434, ""desc_sim"": 0.0446976563540055, ""kw_tactic_jaccard"": 0.0, ""mitigation_overlap"": 0.025}"
T1103,CWE-695,0.1156,,"{""title_sim"": 0.33333333333333326, ""desc_sim"": 0.03442775297556408, ""kw_tactic_jaccard"": 0.0, ""mitigation_overlap"": 0.02631578947368421}"
T1553.001,CWE-294,0.2325,boost_common_term:bypass,"{""title_sim"": 0.5217391304347826, ""desc_sim"": 0.0673052808460105, ""kw_tactic_jaccard"": 0.0, ""mitigation_overlap"": 0.02912621359223301}"
T1553.001,CWE-289,0.1787,,"{""title_sim"": 0.5217391304347826, ""desc_sim"": 0.05765544531591361, ""kw_tactic_jaccard"": 0.0, ""mitigation_overlap"": 0.024509803921568627}"
T1553.001,CWE-639,0.1770,,"{""title_sim"": 0.5217391304347826, ""desc_sim"": 0.05151343831782942, ""kw_tactic_jaccard"": 0.0, ""mitigation_overlap"": 0.024875621890547265}"
T1675,CWE-553,0.2000,,"{""title_sim"": 0.48, ""desc_sim"": 0.14256834925617265, ""kw_tactic_jaccard"": 0.0, ""mitigation_overlap"": 0.06593406593406594}"
T1675,CWE-78,0.1909,boost_common_term:command,"{""title_sim"": 0.411764705882353, ""desc_sim"": 0.0513649627696315, ""kw_tactic_jaccard"": 0.0, ""mitigation_overlap"": 0.009615384615384616}"
T1675,CWE-88,0.1817,boost_common_term:command,"{""title_sim"": 0.411764705882353, ""desc_sim"": 0.02067361070248598, ""kw_tactic_jaccard"": 0.0, ""mitigation_overlap"": 0.01}"
T1608.004,CWE-1022,0.2043,,"{""title_sim"": 0.5714285714285715, ""desc_sim"": 0.08118861406063466, ""kw_tactic_jaccard"": 0.0, ""mitigation_overlap"": 0.0427807486631016}"
T1608.004,CWE-433,0.1509,,"{""title_sim"": 0.375, ""desc_sim"": 0.11325172590596168, ""kw_tactic_jaccard"": 0.0, ""mitigation_overlap"": 0.02197802197802198}"
T1608.004,CWE-509,0.1440,boost_common_term:target,"{""title_sim"": 0.2105263157894737, ""desc_sim"": 0.07708902688334046, ""kw_tactic_jaccard"": 0.0, ""mitigation_overlap"": 0.03867403314917127}"
T1007,CWE-341,0.2122,boost_common_term:system,"{""title_sim"": 0.456140350877193, ""desc_sim"": 0.06097749587801906, ""kw_tactic_jaccard"": 0.0, ""mitigation_overlap"": 0.03529411764705882}"
T1007,CWE-497,0.1945,boost_common_term:system,"{""title_sim"": 0.4, ""desc_sim"": 0.05886298878010175, ""kw_tactic_jaccard"": 0.0, ""mitigation_overlap"": 0.03409090909090909}"
T1007,CWE-208,0.1863,,"{""title_sim"": 0.49056603773584906, ""desc_sim"": 0.10133999886111277, ""kw_tactic_jaccard"": 0.0, ""mitigation_overlap"": 0.043478260869565216}"
T1040,CWE-406,0.2906,boost_common_term:network,"{""title_sim"": 0.6086956521739131, ""desc_sim"": 0.17881209648855226, ""kw_tactic_jaccard"": 0.0, ""mitigation_overlap"": 0.021505376344086023}"
T1040,CWE-1051,0.2589,boost_common_term:network,"{""title_sim"": 0.6086956521739131, ""desc_sim"": 0.07649839160609216, ""kw_tactic_jaccard"": 0.0, ""mitigation_overlap"": 0.016853932584269662}"
T1040,CWE-1331,0.2557,boost_common_term:network,"{""title_sim"": 0.6086956521739131, ""desc_sim"": 0.06635198692586006, ""kw_tactic_jaccard"": 0.0, ""mitigation_overlap"": 0.015789473684210527}"
T1017,CWE-926,0.2320,boost_common_term:application,"{""title_sim"": 0.55, ""desc_sim"": 0.03931608710370593, ""kw_tactic_jaccard"": 0.0, ""mitigation_overlap"": 0.025974025974025976}"
T1017,CWE-1065,0.2249,boost_common_term:application,"{""title_sim"": 0.5238095238095238, ""desc_sim"": 0.05040356863026188, ""kw_tactic_jaccard"": 0.0, ""mitigation_overlap"": 0.012987012987012988}"
T1017,CWE-430,0.2105,,"{""title_sim"": 0.5862068965517241, ""desc_sim"": 0.11535090961610947, ""kw_tactic_jaccard"": 0.0, ""mitigation_overlap"": 0.0}"
T1553.002,CWE-1291,0.4421,boost_common_term:signing;boost_subtech_title_match,"{""title_sim"": 1.0, ""desc_sim"": 0.19034964716403682, ""kw_tactic_jaccard"": 0.0, ""mitigation_overlap"": 0.025}"
T1553.002,CWE-561,0.2902,boost_common_term:code;boost_subtech_title_match,"{""title_sim"": 0.6153846153846154, ""desc_sim"": 0.06839974869379256, ""kw_tactic_jaccard"": 0.0, ""mitigation_overlap"": 0.02531645569620253}"
T1553.002,CWE-508,0.2385,boost_common_term:code,"{""title_sim"": 0.5, ""desc_sim"": 0.09686015415712841, ""kw_tactic_jaccard"": 0.0, ""mitigation_overlap"": 0.047058823529411764}"
T1530,CWE-219,0.3013,boost_common_term:data,"{""title_sim"": 0.6857142857142857, ""desc_sim"": 0.12895811225298393, ""kw_tactic_jaccard"": 0.0, ""mitigation_overlap"": 0.03468208092485549}"
T1530,CWE-220,0.2976,boost_common_term:data,"{""title_sim"": 0.6857142857142857, ""desc_sim"": 0.12061103055077804, ""kw_tactic_jaccard"": 0.0, ""mitigation_overlap"": 0.028735632183908046}"
T1530,CWE-591,0.2947,boost_common_term:data,"{""title_sim"": 0.6857142857142857, ""desc_sim"": 0.1082521850478517, ""kw_tactic_jaccard"": 0.0, ""mitigation_overlap"": 0.03278688524590164}"
T1565.003,CWE-502,0.2408,boost_common_term:data,"{""title_sim"": 0.5517241379310345, ""desc_sim"": 0.0637227097898388, ""kw_tactic_jaccard"": 0.0, ""mitigation_overlap"": 0.030927835051546393}"
T1565.003,CWE-785,0.2393,boost_subtech_title_match,"{""title_sim"": 0.6486486486486487, ""desc_sim"": 0.036573846889467576, ""kw_tactic_jaccard"": 0.0, ""mitigation_overlap"": 0.018867924528301886}"
T1565.003,CWE-249,0.2329,boost_subtech_title_match,"{""title_sim"": 0.6486486486486487, ""desc_sim"": 0.02771053584900214, ""kw_tactic_jaccard"": 0.0, ""mitigation_overlap"": 0.0}"
T1552.002,CWE-1391,0.3318,boost_common_term:credentials;boost_subtech_title_match,"{""title_sim"": 0.6470588235294117, ""desc_sim"": 0.14849540206289086, ""kw_tactic_jaccard"": 0.0, ""mitigation_overlap"": 0.06557377049180328}"
T1552.002,CWE-1392,0.3288,boost_common_term:credentials;boost_subtech_title_match,"{""title_sim"": 0.6470588235294117, ""desc_sim"": 0.14735104916797948, ""kw_tactic_jaccard"": 0.0, ""mitigation_overlap"": 0.05263157894736842}"
T1552.002,CWE-522,0.3200,boost_common_term:credentials;boost_subtech_title_match,"{""title_sim"": 0.6470588235294117, ""desc_sim"": 0.11947863986873503, ""kw_tactic_jaccard"": 0.0, ""mitigation_overlap"": 0.05}"
T1135,CWE-1331,0.2377,boost_common_term:network,"{""title_sim"": 0.4666666666666666, ""desc_sim"": 0.13613942572827903, ""kw_tactic_jaccard"": 0.0, ""mitigation_overlap"": 0.034482758620689655}"
T1135,CWE-1051,0.2182,boost_common_term:network,"{""title_sim"": 0.4666666666666666, ""desc_sim"": 0.05798511066254514, ""kw_tactic_jaccard"": 0.0, ""mitigation_overlap"": 0.05405405405405406}"
T1135,CWE-406,0.2159,boost_common_term:network,"{""title_sim"": 0.4666666666666666, ""desc_sim"": 0.06260442142525745, ""kw_tactic_jaccard"": 0.0, ""mitigation_overlap"": 0.03571428571428571}"
T1120,CWE-1273,0.2026,boost_common_term:device,"{""title_sim"": 0.44067796610169496, ""desc_sim"": 0.05549173479628551, ""kw_tactic_jaccard"": 0.0, ""mitigation_overlap"": 0.018518518518518517}"
T1120,CWE-1255,0.1950,boost_common_term:device,"{""title_sim"": 0.3448275862068965, ""desc_sim"": 0.10416997762142799, ""kw_tactic_jaccard"": 0.0, ""mitigation_overlap"": 0.05172413793103448}"
T1120,CWE-67,0.1934,boost_common_term:device,"{""title_sim"": 0.411764705882353, ""desc_sim"": 0.04804931625174886, ""kw_tactic_jaccard"": 0.0, ""mitigation_overlap"": 0.0273972602739726}"
T1036.009,CWE-214,0.2512,boost_common_term:process,"{""title_sim"": 0.5384615384615384, ""desc_sim"": 0.10645871844800917, ""kw_tactic_jaccard"": 0.0, ""mitigation_overlap"": 0.038461538461538464}"
T1036.009,CWE-114,0.2430,boost_subtech_title_match,"{""title_sim"": 0.6363636363636364, ""desc_sim"": 0.06108689909966719, ""kw_tactic_jaccard"": 0.0, ""mitigation_overlap"": 0.018867924528301886}"
T1036.009,CWE-484,0.2064,boost_common_term:break,"{""title_sim"": 0.41666666666666663, ""desc_sim"": 0.08125368308401397, ""kw_tactic_jaccard"": 0.0, ""mitigation_overlap"": 0.03508771929824561}"
T1590.004,CWE-1331,0.2861,boost_common_term:network;boost_subtech_title_match,"{""title_sim"": 0.6086956521739131, ""desc_sim"": 0.04666279760073748, ""kw_tactic_jaccard"": 0.0, ""mitigation_overlap"": 0.047619047619047616}"
T1590.004,CWE-406,0.2855,boost_common_term:network;boost_subtech_title_match,"{""title_sim"": 0.6086956521739131, ""desc_sim"": 0.05700059070567744, ""kw_tactic_jaccard"": 0.0, ""mitigation_overlap"": 0.028846153846153848}"
T1590.004,CWE-1051,0.2821,boost_common_term:network;boost_subtech_title_match,"{""title_sim"": 0.6086956521739131, ""desc_sim"": 0.043880838026343544, ""kw_tactic_jaccard"": 0.0, ""mitigation_overlap"": 0.031578947368421054}"
T1587.002,CWE-1291,0.3418,boost_common_term:signing;boost_subtech_title_match,"{""title_sim"": 0.6486486486486487, ""desc_sim"": 0.20426316966833885, ""kw_tactic_jaccard"": 0.0, ""mitigation_overlap"": 0.029850746268656716}"
T1587.002,CWE-561,0.2910,boost_common_term:code;boost_subtech_title_match,"{""title_sim"": 0.6153846153846154, ""desc_sim"": 0.06767204560939792, ""kw_tactic_jaccard"": 0.0, ""mitigation_overlap"": 0.030303030303030304}"
T1587.002,CWE-298,0.2530,boost_common_term:certificates,"{""title_sim"": 0.5142857142857143, ""desc_sim"": 0.09373598607888821, ""kw_tactic_jaccard"": 0.0, ""mitigation_overlap"": 0.10294117647058823}"
T1222.001,CWE-379,0.3451,"boost_common_term:directory,file,permissions;boost_subtech_title_match","{""title_sim"": 0.6753246753246753, ""desc_sim"": 0.17903257108840198, ""kw_tactic_jaccard"": 0.0, ""mitigation_overlap"": 0.04411764705882353}"
T1222.001,CWE-65,0.2627,"boost_common_term:directory,file","{""title_sim"": 0.5833333333333334, ""desc_sim"": 0.09829691200536256, ""kw_tactic_jaccard"": 0.0, ""mitigation_overlap"": 0.04081632653061224}"
T1222.001,CWE-378,0.2560,boost_common_term:file,"{""title_sim"": 0.5631067961165048, ""desc_sim"": 0.0996320744624718, ""kw_tactic_jaccard"": 0.0, ""mitigation_overlap"": 0.03597122302158273}"
T1137.006,CWE-65,0.1074,,"{""title_sim"": 0.33333333333333326, ""desc_sim"": 0.00836622112688223, ""kw_tactic_jaccard"": 0.0, ""mitigation_overlap"": 0.024691358024691357}"
T1137.006,CWE-62,0.0933,,"{""title_sim"": 0.2857142857142857, ""desc_sim"": 0.008846137617825614, ""kw_tactic_jaccard"": 0.0, ""mitigation_overlap"": 0.024691358024691357}"
T1137.006,CWE-862,0.0920,,"{""title_sim"": 0.2857142857142857, ""desc_sim"": 0.011110233655652897, ""kw_tactic_jaccard"": 0.0, ""mitigation_overlap"": 0.014925373134328358}"
T1505.002,CWE-523,0.3079,boost_subtech_title_match,"{""title_sim"": 0.75, ""desc_sim"": 0.17017176888884536, ""kw_tactic_jaccard"": 0.0, ""mitigation_overlap"": 0.00909090909090909}"
T1505.002,CWE-510,0.1853,,"{""title_sim"": 0.5217391304347826, ""desc_sim"": 0.07195416009561967, ""kw_tactic_jaccard"": 0.0, ""mitigation_overlap"": 0.03571428571428571}"
T1505.002,CWE-444,0.1523,boost_common_term:agent,"{""title_sim"": 0.2315789473684211, ""desc_sim"": 0.07648241424673, ""kw_tactic_jaccard"": 0.0, ""mitigation_overlap"": 0.04918032786885246}"
T1082,CWE-497,0.3343,"boost_common_term:system,information","{""title_sim"": 0.782608695652174, ""desc_sim"": 0.14213384113712435, ""kw_tactic_jaccard"": 0.0, ""mitigation_overlap"": 0.034482758620689655}"
T1082,CWE-1258,0.2849,,"{""title_sim"": 0.782608695652174, ""desc_sim"": 0.14836687693325903, ""kw_tactic_jaccard"": 0.0, ""mitigation_overlap"": 0.028169014084507043}"
T1082,CWE-1295,0.2635,"boost_common_term:system,information","{""title_sim"": 0.5641025641025641, ""desc_sim"": 0.13809700119325732, ""kw_tactic_jaccard"": 0.0, ""mitigation_overlap"": 0.014184397163120567}"
T1071,CWE-1065,0.2477,boost_common_term:application,"{""title_sim"": 0.5945945945945946, ""desc_sim"": 0.047669086303084154, ""kw_tactic_jaccard"": 0.0, ""mitigation_overlap"": 0.025}"
T1071,CWE-926,0.2446,boost_common_term:application,"{""title_sim"": 0.5945945945945946, ""desc_sim"": 0.037570844415952376, ""kw_tactic_jaccard"": 0.0, ""mitigation_overlap"": 0.024691358024691357}"
T1071,CWE-1054,0.2112,boost_common_term:layer,"{""title_sim"": 0.3838383838383838, ""desc_sim"": 0.1381811488347295, ""kw_tactic_jaccard"": 0.0, ""mitigation_overlap"": 0.022988505747126436}"
T1574.014,CWE-627,0.1408,,"{""title_sim"": 0.37209302325581395, ""desc_sim"": 0.0690582019545965, ""kw_tactic_jaccard"": 0.0, ""mitigation_overlap"": 0.042105263157894736}"
T1574.014,CWE-1053,0.1398,,"{""title_sim"": 0.41666666666666663, ""desc_sim"": 0.03409412305421701, ""kw_tactic_jaccard"": 0.0, ""mitigation_overlap"": 0.022727272727272728}"
T1574.014,CWE-862,0.1346,,"{""title_sim"": 0.4324324324324324, ""desc_sim"": 0.016100005914678948, ""kw_tactic_jaccard"": 0.0, ""mitigation_overlap"": 0.0}"
T1074.002,CWE-591,0.2308,boost_common_term:data,"{""title_sim"": 0.49275362318840576, ""desc_sim"": 0.07328922215433972, ""kw_tactic_jaccard"": 0.0, ""mitigation_overlap"": 0.054945054945054944}"
T1074.002,CWE-488,0.2127,boost_common_term:data,"{""title_sim"": 0.4666666666666666, ""desc_sim"": 0.059436057859025185, ""kw_tactic_jaccard"": 0.0, ""mitigation_overlap"": 0.024096385542168676}"
T1074.002,CWE-182,0.2124,boost_common_term:data,"{""title_sim"": 0.41509433962264153, ""desc_sim"": 0.10155072796016289, ""kw_tactic_jaccard"": 0.0, ""mitigation_overlap"": 0.037037037037037035}"
T1098.006,CWE-167,0.2281,boost_common_term:additional,"{""title_sim"": 0.5432098765432098, ""desc_sim"": 0.044570296454779126, ""kw_tactic_jaccard"": 0.0, ""mitigation_overlap"": 0.009009009009009009}"
T1098.006,CWE-216,0.2032,boost_common_term:container,"{""title_sim"": 0.43373493975903615, ""desc_sim"": 0.06052847088405848, ""kw_tactic_jaccard"": 0.0, ""mitigation_overlap"": 0.024390243902439025}"
T1098.006,CWE-529,0.1915,boost_common_term:container,"{""title_sim"": 0.3505154639175258, ""desc_sim"": 0.08930033975676877, ""kw_tactic_jaccard"": 0.0, ""mitigation_overlap"": 0.047619047619047616}"
T1053,CWE-1109,0.1517,boost_common_term:task,"{""title_sim"": 0.23333333333333328, ""desc_sim"": 0.092705174681321, ""kw_tactic_jaccard"": 0.0, ""mitigation_overlap"": 0.019230769230769232}"
T1053,CWE-348,0.1334,,"{""title_sim"": 0.40909090909090906, ""desc_sim"": 0.029117536794319207, ""kw_tactic_jaccard"": 0.0, ""mitigation_overlap"": 0.009615384615384616}"
T1053,CWE-705,0.1331,boost_common_term:task,"{""title_sim"": 0.1666666666666667, ""desc_sim"": 0.09710590862740992, ""kw_tactic_jaccard"": 0.0, ""mitigation_overlap"": 0.019801980198019802}"
T1218.007,CWE-194,0.1228,,"{""title_sim"": 0.375, ""desc_sim"": 0.018161847634199514, ""kw_tactic_jaccard"": 0.0, ""mitigation_overlap"": 0.024390243902439025}"
T1218.007,CWE-617,0.1063,,"{""title_sim"": 0.3076923076923077, ""desc_sim"": 0.02024322769953413, ""kw_tactic_jaccard"": 0.0, ""mitigation_overlap"": 0.039473684210526314}"
T1218.007,CWE-834,0.0982,,"{""title_sim"": 0.3076923076923077, ""desc_sim"": 0.010255136091993342, ""kw_tactic_jaccard"": 0.0, ""mitigation_overlap"": 0.014285714285714285}"
T1162,CWE-1098,0.1896,,"{""title_sim"": 0.5714285714285715, ""desc_sim"": 0.035908453029517416, ""kw_tactic_jaccard"": 0.0, ""mitigation_overlap"": 0.037037037037037035}"
T1162,CWE-1070,0.1851,,"{""title_sim"": 0.5714285714285715, ""desc_sim"": 0.02739182492168581, ""kw_tactic_jaccard"": 0.0, ""mitigation_overlap"": 0.02727272727272727}"
T1162,CWE-778,0.1685,,"{""title_sim"": 0.5333333333333333, ""desc_sim"": 0.016362861998040185, ""kw_tactic_jaccard"": 0.0, ""mitigation_overlap"": 0.017857142857142856}"
T1590.003,CWE-1047,0.2428,boost_subtech_title_match,"{""title_sim"": 0.631578947368421, ""desc_sim"": 0.0708799671367688, ""kw_tactic_jaccard"": 0.0, ""mitigation_overlap"": 0.01020408163265306}"
T1590.003,CWE-1331,0.1998,boost_common_term:network,"{""title_sim"": 0.4242424242424242, ""desc_sim"": 0.04214627175596687, ""kw_tactic_jaccard"": 0.0, ""mitigation_overlap"": 0.04950495049504951}"
T1590.003,CWE-406,0.1993,boost_common_term:network,"{""title_sim"": 0.4242424242424242, ""desc_sim"": 0.05355354179565759, ""kw_tactic_jaccard"": 0.0, ""mitigation_overlap"": 0.03}"
T1498.002,CWE-301,0.2985,boost_common_term:reflection,"{""title_sim"": 0.5882352941176471, ""desc_sim"": 0.2211770990128412, ""kw_tactic_jaccard"": 0.0, ""mitigation_overlap"": 0.02857142857142857}"
T1498.002,CWE-408,0.2725,boost_subtech_title_match,"{""title_sim"": 0.7027027027027027, ""desc_sim"": 0.10552053405390681, ""kw_tactic_jaccard"": 0.0, ""mitigation_overlap"": 0.0}"
T1498.002,CWE-405,0.2086,,"{""title_sim"": 0.5633802816901409, ""desc_sim"": 0.11881455439338856, ""kw_tactic_jaccard"": 0.0, ""mitigation_overlap"": 0.019867549668874173}"
T1556.002,CWE-261,0.2817,boost_common_term:password,"{""title_sim"": 0.5925925925925926, ""desc_sim"": 0.17205197476851877, ""kw_tactic_jaccard"": 0.0, ""mitigation_overlap"": 0.011363636363636364}"
T1556.002,CWE-620,0.2812,boost_common_term:password,"{""title_sim"": 0.5925925925925926, ""desc_sim"": 0.15661299329246572, ""kw_tactic_jaccard"": 0.0, ""mitigation_overlap"": 0.03225806451612903}"
T1556.002,CWE-640,0.2749,boost_common_term:password,"{""title_sim"": 0.5925925925925926, ""desc_sim"": 0.14263807175289184, ""kw_tactic_jaccard"": 0.0, ""mitigation_overlap"": 0.021505376344086023}"
T1505.005,CWE-651,0.1605,boost_common_term:services,"{""title_sim"": 0.24, ""desc_sim"": 0.10044911675985782, ""kw_tactic_jaccard"": 0.0, ""mitigation_overlap"": 0.04195804195804196}"
T1505.005,CWE-23,0.1494,,"{""title_sim"": 0.45454545454545453, ""desc_sim"": 0.02915800619612561, ""kw_tactic_jaccard"": 0.0, ""mitigation_overlap"": 0.02142857142857143}"
T1505.005,CWE-67,0.1451,,"{""title_sim"": 0.3870967741935484, ""desc_sim"": 0.05966576548583942, ""kw_tactic_jaccard"": 0.0, ""mitigation_overlap"": 0.05555555555555555}"
T1059.002,CWE-662,0.1557,,"{""title_sim"": 0.45714285714285713, ""desc_sim"": 0.03807539891225631, ""kw_tactic_jaccard"": 0.0, ""mitigation_overlap"": 0.03550295857988166}"
T1059.002,CWE-170,0.1242,,"{""title_sim"": 0.38888888888888884, ""desc_sim"": 0.02085899370683101, ""kw_tactic_jaccard"": 0.0, ""mitigation_overlap"": 0.0064516129032258064}"
T1059.002,CWE-707,0.1226,,"{""title_sim"": 0.35294117647058826, ""desc_sim"": 0.04366034418976295, ""kw_tactic_jaccard"": 0.0, ""mitigation_overlap"": 0.018292682926829267}"
T1176,CWE-1256,0.2141,,"{""title_sim"": 0.5925925925925926, ""desc_sim"": 0.09662983450821187, ""kw_tactic_jaccard"": 0.0, ""mitigation_overlap"": 0.03676470588235294}"
T1176,CWE-194,0.1950,,"{""title_sim"": 0.5909090909090909, ""desc_sim"": 0.038987647472021825, ""kw_tactic_jaccard"": 0.0, ""mitigation_overlap"": 0.03007518796992481}"
T1176,CWE-1111,0.1759,boost_common_term:software,"{""title_sim"": 0.3829787234042554, ""desc_sim"": 0.03127904049647194, ""kw_tactic_jaccard"": 0.0, ""mitigation_overlap"": 0.008130081300813009}"
T1499.002,CWE-606,0.1947,boost_common_term:service,"{""title_sim"": 0.3793103448275862, ""desc_sim"": 0.07937313119808147, ""kw_tactic_jaccard"": 0.0, ""mitigation_overlap"": 0.03571428571428571}"
T1499.002,CWE-651,0.1806,boost_common_term:service,"{""title_sim"": 0.33333333333333326, ""desc_sim"": 0.07969033151602718, ""kw_tactic_jaccard"": 0.0, ""mitigation_overlap"": 0.03333333333333333}"
T1499.002,CWE-645,0.1745,boost_common_term:service,"{""title_sim"": 0.35294117647058826, ""desc_sim"": 0.04842548752655449, ""kw_tactic_jaccard"": 0.0, ""mitigation_overlap"": 0.02040816326530612}"
T1195.003,CWE-1298,0.2526,boost_common_term:hardware,"{""title_sim"": 0.5070422535211268, ""desc_sim"": 0.14159735296021286, ""kw_tactic_jaccard"": 0.0, ""mitigation_overlap"": 0.04}"
T1195.003,CWE-1239,0.2448,boost_common_term:hardware,"{""title_sim"": 0.4657534246575342, ""desc_sim"": 0.17169511412258764, ""kw_tactic_jaccard"": 0.0, ""mitigation_overlap"": 0.017857142857142856}"
T1195.003,CWE-1338,0.2384,boost_common_term:hardware,"{""title_sim"": 0.46913580246913583, ""desc_sim"": 0.14576352270706533, ""kw_tactic_jaccard"": 0.0, ""mitigation_overlap"": 0.0196078431372549}"
T1106,CWE-589,0.2285,boost_common_term:api,"{""title_sim"": 0.4615384615384615, ""desc_sim"": 0.10584833205385812, ""kw_tactic_jaccard"": 0.0, ""mitigation_overlap"": 0.04142011834319527}"
T1106,CWE-648,0.1949,boost_common_term:api,"{""title_sim"": 0.38095238095238093, ""desc_sim"": 0.08646266602438314, ""kw_tactic_jaccard"": 0.0, ""mitigation_overlap"": 0.023529411764705882}"
T1106,CWE-475,0.1621,,"{""title_sim"": 0.4615384615384615, ""desc_sim"": 0.07047146956736505, ""kw_tactic_jaccard"": 0.0, ""mitigation_overlap"": 0.012345679012345678}"
T1558.005,CWE-529,0.2469,boost_common_term:files,"{""title_sim"": 0.5882352941176471, ""desc_sim"": 0.048796183339252064, ""kw_tactic_jaccard"": 0.0, ""mitigation_overlap"": 0.028985507246376812}"
T1558.005,CWE-552,0.2427,boost_common_term:files,"{""title_sim"": 0.5882352941176471, ""desc_sim"": 0.04932880051795206, ""kw_tactic_jaccard"": 0.0, ""mitigation_overlap"": 0.007194244604316547}"
T1558.005,CWE-533,0.1818,,"{""title_sim"": 0.5882352941176471, ""desc_sim"": 0.017640489803923572, ""kw_tactic_jaccard"": 0.0, ""mitigation_overlap"": 0.0}"
T1070.007,CWE-1051,0.2482,boost_common_term:network,"{""title_sim"": 0.5811965811965812, ""desc_sim"": 0.05772904948030855, ""kw_tactic_jaccard"": 0.0, ""mitigation_overlap"": 0.032520325203252036}"
T1070.007,CWE-406,0.2210,boost_common_term:network,"{""title_sim"": 0.49586776859504134, ""desc_sim"": 0.05915839607689361, ""kw_tactic_jaccard"": 0.0, ""mitigation_overlap"": 0.022556390977443608}"
T1070.007,CWE-1072,0.2191,boost_common_term:connection,"{""title_sim"": 0.4761904761904762, ""desc_sim"": 0.07675382590368938, ""kw_tactic_jaccard"": 0.0, ""mitigation_overlap"": 0.016}"
T1558.004,CWE-262,0.1456,,"{""title_sim"": 0.4102564102564103, ""desc_sim"": 0.056200069708422, ""kw_tactic_jaccard"": 0.0, ""mitigation_overlap"": 0.028368794326241134}"
T1558.004,CWE-862,0.1328,,"{""title_sim"": 0.38888888888888884, ""desc_sim"": 0.03059856930040901, ""kw_tactic_jaccard"": 0.0, ""mitigation_overlap"": 0.03496503496503497}"
T1558.004,CWE-443,0.1300,,"{""title_sim"": 0.4, ""desc_sim"": 0.023697458816042464, ""kw_tactic_jaccard"": 0.0, ""mitigation_overlap"": 0.014388489208633094}"
T1058,CWE-276,0.2525,boost_common_term:permissions,"{""title_sim"": 0.55, ""desc_sim"": 0.09853253388855404, ""kw_tactic_jaccard"": 0.0, ""mitigation_overlap"": 0.039603960396039604}"
T1058,CWE-278,0.2489,boost_common_term:permissions,"{""title_sim"": 0.5714285714285715, ""desc_sim"": 0.07261230311712549, ""kw_tactic_jaccard"": 0.0, ""mitigation_overlap"": 0.02830188679245283}"
T1058,CWE-281,0.2467,boost_common_term:permissions,"{""title_sim"": 0.547945205479452, ""desc_sim"": 0.08376050170676512, ""kw_tactic_jaccard"": 0.0, ""mitigation_overlap"": 0.036036036036036036}"
T1584.003,CWE-1087,0.2308,boost_common_term:virtual,"{""title_sim"": 0.48275862068965514, ""desc_sim"": 0.10037295799344985, ""kw_tactic_jaccard"": 0.0, ""mitigation_overlap"": 0.029411764705882353}"
T1584.003,CWE-66,0.2263,boost_common_term:virtual,"{""title_sim"": 0.48275862068965514, ""desc_sim"": 0.07077013218447063, ""kw_tactic_jaccard"": 0.0, ""mitigation_overlap"": 0.05128205128205128}"
T1584.003,CWE-767,0.2194,boost_common_term:private,"{""title_sim"": 0.48275862068965514, ""desc_sim"": 0.06205367358311829, ""kw_tactic_jaccard"": 0.0, ""mitigation_overlap"": 0.029850746268656716}"
T1059.010,CWE-1038,0.1377,,"{""title_sim"": 0.3921568627450981, ""desc_sim"": 0.02861172953899468, ""kw_tactic_jaccard"": 0.0, ""mitigation_overlap"": 0.05747126436781609}"
T1059.010,CWE-676,0.1255,,"{""title_sim"": 0.3571428571428571, ""desc_sim"": 0.027401076229983917, ""kw_tactic_jaccard"": 0.0, ""mitigation_overlap"": 0.05063291139240506}"
T1059.010,CWE-605,0.1215,,"{""title_sim"": 0.36, ""desc_sim"": 0.019516567157985665, ""kw_tactic_jaccard"": 0.0, ""mitigation_overlap"": 0.038461538461538464}"
T1600.001,CWE-339,0.2013,boost_common_term:space,"{""title_sim"": 0.4761904761904762, ""desc_sim"": 0.028215653047210916, ""kw_tactic_jaccard"": 0.0, ""mitigation_overlap"": 0.0}"
T1600.001,CWE-639,0.1929,boost_common_term:key,"{""title_sim"": 0.31578947368421056, ""desc_sim"": 0.13708208729740268, ""kw_tactic_jaccard"": 0.0, ""mitigation_overlap"": 0.03529411764705882}"
T1600.001,CWE-47,0.1893,boost_common_term:space,"{""title_sim"": 0.39344262295081966, ""desc_sim"": 0.049261619354178124, ""kw_tactic_jaccard"": 0.0, ""mitigation_overlap"": 0.03225806451612903}"
T1070.003,CWE-77,0.2349,boost_common_term:command,"{""title_sim"": 0.5, ""desc_sim"": 0.09556288988584052, ""kw_tactic_jaccard"": 0.0, ""mitigation_overlap"": 0.03125}"
T1070.003,CWE-78,0.2335,boost_common_term:command,"{""title_sim"": 0.5, ""desc_sim"": 0.09091554372572627, ""kw_tactic_jaccard"": 0.0, ""mitigation_overlap"": 0.03125}"
T1070.003,CWE-88,0.2296,boost_common_term:command,"{""title_sim"": 0.5, ""desc_sim"": 0.0858989089146007, ""kw_tactic_jaccard"": 0.0, ""mitigation_overlap"": 0.0189873417721519}"
T1202,CWE-768,0.2333,boost_common_term:execution,"{""title_sim"": 0.5, ""desc_sim"": 0.08622436785645887, ""kw_tactic_jaccard"": 0.0, ""mitigation_overlap"": 0.03731343283582089}"
T1202,CWE-1423,0.2225,boost_common_term:execution,"{""title_sim"": 0.5142857142857143, ""desc_sim"": 0.040226123207553276, ""kw_tactic_jaccard"": 0.0, ""mitigation_overlap"": 0.03076923076923077}"
T1202,CWE-1342,0.2190,boost_common_term:execution,"{""title_sim"": 0.5142857142857143, ""desc_sim"": 0.0436439507794089, ""kw_tactic_jaccard"": 0.0, ""mitigation_overlap"": 0.007874015748031496}"
T1024,CWE-325,0.3596,boost_common_term:cryptographic,"{""title_sim"": 0.6666666666666665, ""desc_sim"": 0.32445563975720476, ""kw_tactic_jaccard"": 0.0, ""mitigation_overlap"": 0.06153846153846154}"
T1024,CWE-327,0.3292,boost_common_term:cryptographic,"{""title_sim"": 0.6190476190476191, ""desc_sim"": 0.28936522119033575, ""kw_tactic_jaccard"": 0.0, ""mitigation_overlap"": 0.03333333333333333}"
T1024,CWE-1240,0.3281,boost_common_term:cryptographic,"{""title_sim"": 0.6190476190476191, ""desc_sim"": 0.27708809574334614, ""kw_tactic_jaccard"": 0.0, ""mitigation_overlap"": 0.046153846153846156}"
T1536,CWE-1063,0.2452,boost_common_term:instance,"{""title_sim"": 0.5517241379310345, ""desc_sim"": 0.0898557880358411, ""kw_tactic_jaccard"": 0.0, ""mitigation_overlap"": 0.0136986301369863}"
T1536,CWE-1082,0.2432,boost_common_term:instance,"{""title_sim"": 0.5517241379310345, ""desc_sim"": 0.08358618168679048, ""kw_tactic_jaccard"": 0.0, ""mitigation_overlap"": 0.01282051282051282}"
T1536,CWE-793,0.2402,boost_common_term:instance,"{""title_sim"": 0.5517241379310345, ""desc_sim"": 0.06610412641675062, ""kw_tactic_jaccard"": 0.0, ""mitigation_overlap"": 0.024390243902439025}"
T1091,CWE-41,0.1994,boost_common_term:through,"{""title_sim"": 0.4324324324324324, ""desc_sim"": 0.04790844593743605, ""kw_tactic_jaccard"": 0.0, ""mitigation_overlap"": 0.02631578947368421}"
T1091,CWE-515,0.1883,boost_common_term:through,"{""title_sim"": 0.3508771929824562, ""desc_sim"": 0.07395961663313828, ""kw_tactic_jaccard"": 0.0, ""mitigation_overlap"": 0.05405405405405406}"
T1091,CWE-656,0.1801,,"{""title_sim"": 0.547945205479452, ""desc_sim"": 0.0464103058168281, ""kw_tactic_jaccard"": 0.0, ""mitigation_overlap"": 0.009009009009009009}"
T1005,CWE-1266,0.2568,boost_common_term:data,"{""title_sim"": 0.5806451612903225, ""desc_sim"": 0.08922767332062412, ""kw_tactic_jaccard"": 0.0, ""mitigation_overlap"": 0.029411764705882353}"
T1005,CWE-1083,0.2461,boost_common_term:data,"{""title_sim"": 0.5806451612903225, ""desc_sim"": 0.045219566449869485, ""kw_tactic_jaccard"": 0.0, ""mitigation_overlap"": 0.041666666666666664}"
T1005,CWE-341,0.2296,boost_common_term:system,"{""title_sim"": 0.509090909090909, ""desc_sim"": 0.04909156889929866, ""kw_tactic_jaccard"": 0.0, ""mitigation_overlap"": 0.06060606060606061}"
T1140,CWE-221,0.2736,boost_common_term:information,"{""title_sim"": 0.6666666666666665, ""desc_sim"": 0.06116671298519475, ""kw_tactic_jaccard"": 0.0, ""mitigation_overlap"": 0.02631578947368421}"
T1140,CWE-651,0.2493,boost_common_term:information,"{""title_sim"": 0.5161290322580645, ""desc_sim"": 0.11040749844272713, ""kw_tactic_jaccard"": 0.0, ""mitigation_overlap"": 0.056451612903225805}"
T1140,CWE-538,0.2446,"boost_common_term:files,information","{""title_sim"": 0.5283018867924528, ""desc_sim"": 0.09119812614272223, ""kw_tactic_jaccard"": 0.0, ""mitigation_overlap"": 0.043859649122807015}"
T1137.005,CWE-125,0.1559,,"{""title_sim"": 0.5161290322580645, ""desc_sim"": 0.003634372358782441, ""kw_tactic_jaccard"": 0.0, ""mitigation_overlap"": 0.0}"
T1137.005,CWE-617,0.1361,,"{""title_sim"": 0.375, ""desc_sim"": 0.04068007734764468, ""kw_tactic_jaccard"": 0.0, ""mitigation_overlap"": 0.05714285714285714}"
T1137.005,CWE-787,0.1324,,"{""title_sim"": 0.4375, ""desc_sim"": 0.00392265682564102, ""kw_tactic_jaccard"": 0.0, ""mitigation_overlap"": 0.0}"
T1562,CWE-377,0.1547,,"{""title_sim"": 0.4736842105263158, ""desc_sim"": 0.028197556824066168, ""kw_tactic_jaccard"": 0.0, ""mitigation_overlap"": 0.020833333333333332}"
T1562,CWE-825,0.1500,,"{""title_sim"": 0.4761904761904762, ""desc_sim"": 0.010105861859981094, ""kw_tactic_jaccard"": 0.0, ""mitigation_overlap"": 0.020618556701030927}"
T1562,CWE-476,0.1464,,"{""title_sim"": 0.4615384615384615, ""desc_sim"": 0.012084604333994458, ""kw_tactic_jaccard"": 0.0, ""mitigation_overlap"": 0.021739130434782608}"
T1586.003,CWE-645,0.1798,boost_common_term:accounts,"{""title_sim"": 0.3448275862068965, ""desc_sim"": 0.06490315882396291, ""kw_tactic_jaccard"": 0.0, ""mitigation_overlap"": 0.03424657534246575}"
T1586.003,CWE-797,0.1427,boost_common_term:accounts,"{""title_sim"": 0.26086956521739124, ""desc_sim"": 0.0301258785022399, ""kw_tactic_jaccard"": 0.0, ""mitigation_overlap"": 0.02702702702702703}"
T1586.003,CWE-1327,0.1377,boost_common_term:cloud,"{""title_sim"": 0.19607843137254904, ""desc_sim"": 0.0770175962826129, ""kw_tactic_jaccard"": 0.0, ""mitigation_overlap"": 0.028985507246376812}"
T1586.002,CWE-645,0.1920,boost_common_term:accounts,"{""title_sim"": 0.3793103448275862, ""desc_sim"": 0.0651656030488112, ""kw_tactic_jaccard"": 0.0, ""mitigation_overlap"": 0.043478260869565216}"
T1586.002,CWE-797,0.1466,boost_common_term:accounts,"{""title_sim"": 0.26086956521739124, ""desc_sim"": 0.038304135049867155, ""kw_tactic_jaccard"": 0.0, ""mitigation_overlap"": 0.03418803418803419}"
T1586.002,CWE-1263,0.1416,,"{""title_sim"": 0.43478260869565216, ""desc_sim"": 0.025353489688988512, ""kw_tactic_jaccard"": 0.0, ""mitigation_overlap"": 0.018018018018018018}"
T1098.007,CWE-167,0.2765,boost_common_term:additional;boost_subtech_title_match,"{""title_sim"": 0.625, ""desc_sim"": 0.023186612353406875, ""kw_tactic_jaccard"": 0.0, ""mitigation_overlap"": 0.010309278350515464}"
T1098.007,CWE-830,0.1972,boost_common_term:domain,"{""title_sim"": 0.38636363636363635, ""desc_sim"": 0.08357674931100144, ""kw_tactic_jaccard"": 0.0, ""mitigation_overlap"": 0.030927835051546393}"
T1098.007,CWE-1099,0.1846,boost_common_term:groups,"{""title_sim"": 0.35, ""desc_sim"": 0.07879015212798816, ""kw_tactic_jaccard"": 0.0, ""mitigation_overlap"": 0.03}"
T1608.001,CWE-434,0.2694,boost_common_term:upload,"{""title_sim"": 0.6, ""desc_sim"": 0.11436743948344937, ""kw_tactic_jaccard"": 0.0, ""mitigation_overlap"": 0.02531645569620253}"
T1608.001,CWE-1277,0.1440,,"{""title_sim"": 0.4324324324324324, ""desc_sim"": 0.035212244693178574, ""kw_tactic_jaccard"": 0.0, ""mitigation_overlap"": 0.018404907975460124}"
T1608.001,CWE-419,0.1353,,"{""title_sim"": 0.4390243902439025, ""desc_sim"": 0.011966833318205042, ""kw_tactic_jaccard"": 0.0, ""mitigation_overlap"": 0.0}"
T1195,CWE-296,0.2116,boost_common_term:chain,"{""title_sim"": 0.41666666666666663, ""desc_sim"": 0.09943185236750791, ""kw_tactic_jaccard"": 0.0, ""mitigation_overlap"": 0.033783783783783786}"
T1195,CWE-1279,0.1831,"boost_common_term:compromise,supply","{""title_sim"": 0.3294117647058823, ""desc_sim"": 0.09101908943381197, ""kw_tactic_jaccard"": 0.0, ""mitigation_overlap"": 0.034722222222222224}"
T1195,CWE-308,0.1706,boost_common_term:compromise,"{""title_sim"": 0.3448275862068965, ""desc_sim"": 0.04793488418607469, ""kw_tactic_jaccard"": 0.0, ""mitigation_overlap"": 0.013793103448275862}"
T1190,CWE-1065,0.2302,boost_common_term:application,"{""title_sim"": 0.5, ""desc_sim"": 0.07604041378807125, ""kw_tactic_jaccard"": 0.0, ""mitigation_overlap"": 0.037037037037037035}"
T1190,CWE-926,0.2246,boost_common_term:application,"{""title_sim"": 0.5, ""desc_sim"": 0.053185315379529745, ""kw_tactic_jaccard"": 0.0, ""mitigation_overlap"": 0.043209876543209874}"
T1190,CWE-1249,0.1837,boost_common_term:application,"{""title_sim"": 0.34782608695652173, ""desc_sim"": 0.0742567287003875, ""kw_tactic_jaccard"": 0.0, ""mitigation_overlap"": 0.03529411764705882}"
T1558,CWE-1253,0.1529,,"{""title_sim"": 0.4615384615384615, ""desc_sim"": 0.03189881475025027, ""kw_tactic_jaccard"": 0.0, ""mitigation_overlap"": 0.024096385542168676}"
T1558,CWE-552,0.1511,,"{""title_sim"": 0.4634146341463415, ""desc_sim"": 0.023222518772049068, ""kw_tactic_jaccard"": 0.0, ""mitigation_overlap"": 0.02531645569620253}"
T1558,CWE-384,0.1487,boost_common_term:steal,"{""title_sim"": 0.29787234042553196, ""desc_sim"": 0.031079411662124152, ""kw_tactic_jaccard"": 0.0, ""mitigation_overlap"": 0.0}"
T1555,CWE-1391,0.2991,"boost_common_term:credentials,password","{""title_sim"": 0.6470588235294117, ""desc_sim"": 0.1303214290517621, ""kw_tactic_jaccard"": 0.0, ""mitigation_overlap"": 0.07936507936507936}"
T1555,CWE-798,0.2970,"boost_common_term:credentials,password","{""title_sim"": 0.6557377049180328, ""desc_sim"": 0.13258516320593086, ""kw_tactic_jaccard"": 0.0, ""mitigation_overlap"": 0.05263157894736842}"
T1555,CWE-1392,0.2792,boost_common_term:credentials,"{""title_sim"": 0.5945945945945946, ""desc_sim"": 0.13596701789318702, ""kw_tactic_jaccard"": 0.0, ""mitigation_overlap"": 0.05}"
T1567,CWE-651,0.2500,"boost_common_term:service,web","{""title_sim"": 0.40963855421686746, ""desc_sim"": 0.19564724773278486, ""kw_tactic_jaccard"": 0.0, ""mitigation_overlap"": 0.09210526315789473}"
T1567,CWE-613,0.2142,boost_common_term:web,"{""title_sim"": 0.5, ""desc_sim"": 0.03747558156729289, ""kw_tactic_jaccard"": 0.0, ""mitigation_overlap"": 0.014705882352941176}"
T1567,CWE-525,0.2051,boost_common_term:web,"{""title_sim"": 0.37209302325581395, ""desc_sim"": 0.11618958802532708, ""kw_tactic_jaccard"": 0.0, ""mitigation_overlap"": 0.04285714285714286}"
T1219,CWE-1088,0.3228,boost_common_term:remote,"{""title_sim"": 0.8125, ""desc_sim"": 0.09166854737500724, ""kw_tactic_jaccard"": 0.0, ""mitigation_overlap"": 0.007874015748031496}"
T1219,CWE-1262,0.2304,boost_common_term:access,"{""title_sim"": 0.48, ""desc_sim"": 0.09550508574335133, ""kw_tactic_jaccard"": 0.0, ""mitigation_overlap"": 0.03875968992248062}"
T1219,CWE-284,0.2235,boost_common_term:access,"{""title_sim"": 0.5238095238095238, ""desc_sim"": 0.04929515041897677, ""kw_tactic_jaccard"": 0.0, ""mitigation_overlap"": 0.007936507936507936}"
T1583.001,CWE-942,0.4314,boost_common_term:domains;boost_subtech_title_match,"{""title_sim"": 1.0, ""desc_sim"": 0.15787336718238665, ""kw_tactic_jaccard"": 0.0, ""mitigation_overlap"": 0.02030456852791878}"
T1583.001,CWE-697,0.1224,,"{""title_sim"": 0.3703703703703704, ""desc_sim"": 0.03084094367778101, ""kw_tactic_jaccard"": 0.0, ""mitigation_overlap"": 0.010416666666666666}"
T1583.001,CWE-638,0.1177,,"{""title_sim"": 0.3428571428571429, ""desc_sim"": 0.03247412352701211, ""kw_tactic_jaccard"": 0.0, ""mitigation_overlap"": 0.025380710659898477}"
T1560.002,CWE-1177,0.1590,boost_common_term:library,"{""title_sim"": 0.2926829268292683, ""desc_sim"": 0.05265513823331583, ""kw_tactic_jaccard"": 0.0, ""mitigation_overlap"": 0.02702702702702703}"
T1560.002,CWE-179,0.1584,boost_common_term:via,"{""title_sim"": 0.3278688524590164, ""desc_sim"": 0.025456811176884888, ""kw_tactic_jaccard"": 0.0, ""mitigation_overlap"": 0.012195121951219513}"
T1560.002,CWE-1220,0.1584,boost_common_term:via,"{""title_sim"": 0.3278688524590164, ""desc_sim"": 0.03354088085234661, ""kw_tactic_jaccard"": 0.0, ""mitigation_overlap"": 0.0}"
T1055.003,CWE-366,0.2602,boost_common_term:execution,"{""title_sim"": 0.5714285714285715, ""desc_sim"": 0.11229534429137496, ""kw_tactic_jaccard"": 0.0, ""mitigation_overlap"": 0.02564102564102564}"
T1055.003,CWE-1423,0.2323,boost_common_term:execution,"{""title_sim"": 0.5142857142857143, ""desc_sim"": 0.07081254997195291, ""kw_tactic_jaccard"": 0.0, ""mitigation_overlap"": 0.03361344537815126}"
T1055.003,CWE-1342,0.2270,boost_common_term:execution,"{""title_sim"": 0.5142857142857143, ""desc_sim"": 0.06984583714389077, ""kw_tactic_jaccard"": 0.0, ""mitigation_overlap"": 0.008620689655172414}"
T1079,CWE-326,0.3841,boost_common_term:encryption,"{""title_sim"": 0.6451612903225806, ""desc_sim"": 0.36449717060369774, ""kw_tactic_jaccard"": 0.0, ""mitigation_overlap"": 0.15625}"
T1079,CWE-649,0.3088,boost_common_term:encryption,"{""title_sim"": 0.6451612903225806, ""desc_sim"": 0.16351116558523376, ""kw_tactic_jaccard"": 0.0, ""mitigation_overlap"": 0.08108108108108109}"
T1079,CWE-311,0.2482,,"{""title_sim"": 0.6451612903225806, ""desc_sim"": 0.158494281096756, ""kw_tactic_jaccard"": 0.0, ""mitigation_overlap"": 0.03571428571428571}"
T1036,CWE-507,0.1548,,"{""title_sim"": 0.41666666666666663, ""desc_sim"": 0.063367169125112, ""kw_tactic_jaccard"": 0.0, ""mitigation_overlap"": 0.05405405405405406}"
T1036,CWE-62,0.1471,,"{""title_sim"": 0.3846153846153846, ""desc_sim"": 0.07238299147598055, ""kw_tactic_jaccard"": 0.0, ""mitigation_overlap"": 0.05}"
T1036,CWE-508,0.1409,,"{""title_sim"": 0.38095238095238093, ""desc_sim"": 0.06022998244031279, ""kw_tactic_jaccard"": 0.0, ""mitigation_overlap"": 0.04285714285714286}"
T1546.011,CWE-1065,0.3219,boost_common_term:application;boost_subtech_title_match,"{""title_sim"": 0.7096774193548387, ""desc_sim"": 0.0856143207022867, ""kw_tactic_jaccard"": 0.0, ""mitigation_overlap"": 0.016666666666666666}"
T1546.011,CWE-926,0.3159,boost_common_term:application;boost_subtech_title_match,"{""title_sim"": 0.7096774193548387, ""desc_sim"": 0.05798566268501851, ""kw_tactic_jaccard"": 0.0, ""mitigation_overlap"": 0.027932960893854747}"
T1546.011,CWE-558,0.2601,boost_subtech_title_match,"{""title_sim"": 0.7096774193548387, ""desc_sim"": 0.05349288118242008, ""kw_tactic_jaccard"": 0.0, ""mitigation_overlap"": 0.005681818181818182}"
T1552,CWE-1391,0.2992,boost_common_term:credentials,"{""title_sim"": 0.7272727272727272, ""desc_sim"": 0.07984127652487492, ""kw_tactic_jaccard"": 0.0, ""mitigation_overlap"": 0.03508771929824561}"
T1552,CWE-1392,0.2912,boost_common_term:credentials,"{""title_sim"": 0.6875, ""desc_sim"": 0.09084714671223255, ""kw_tactic_jaccard"": 0.0, ""mitigation_overlap"": 0.038461538461538464}"
T1552,CWE-522,0.2855,boost_common_term:credentials,"{""title_sim"": 0.6875, ""desc_sim"": 0.08568655025327918, ""kw_tactic_jaccard"": 0.0, ""mitigation_overlap"": 0.017857142857142856}"
T1547.010,CWE-605,0.2747,boost_common_term:port,"{""title_sim"": 0.4705882352941177, ""desc_sim"": 0.2522937606185123, ""kw_tactic_jaccard"": 0.0, ""mitigation_overlap"": 0.03896103896103896}"
T1547.010,CWE-114,0.1640,,"{""title_sim"": 0.5, ""desc_sim"": 0.038331910487662144, ""kw_tactic_jaccard"": 0.0, ""mitigation_overlap"": 0.012345679012345678}"
T1547.010,CWE-392,0.1554,,"{""title_sim"": 0.4782608695652174, ""desc_sim"": 0.023002480744325038, ""kw_tactic_jaccard"": 0.0, ""mitigation_overlap"": 0.025}"
T1070.008,CWE-182,0.2130,boost_common_term:data,"{""title_sim"": 0.5, ""desc_sim"": 0.03232140061569518, ""kw_tactic_jaccard"": 0.0, ""mitigation_overlap"": 0.01652892561983471}"
T1070.008,CWE-1266,0.1959,boost_common_term:data,"{""title_sim"": 0.36363636363636365, ""desc_sim"": 0.1117984263625308, ""kw_tactic_jaccard"": 0.0, ""mitigation_overlap"": 0.016260162601626018}"
T1070.008,CWE-499,0.1924,boost_common_term:data,"{""title_sim"": 0.41935483870967744, ""desc_sim"": 0.03907105138759905, ""kw_tactic_jaccard"": 0.0, ""mitigation_overlap"": 0.02459016393442623}"
T1037.002,CWE-622,0.2181,,"{""title_sim"": 0.5714285714285715, ""desc_sim"": 0.14273731081017904, ""kw_tactic_jaccard"": 0.0, ""mitigation_overlap"": 0.019417475728155338}"
T1037.002,CWE-511,0.1553,,"{""title_sim"": 0.48, ""desc_sim"": 0.031193617491468373, ""kw_tactic_jaccard"": 0.0, ""mitigation_overlap"": 0.009615384615384616}"
T1037.002,CWE-507,0.1524,,"{""title_sim"": 0.45454545454545453, ""desc_sim"": 0.034431739638621235, ""kw_tactic_jaccard"": 0.0, ""mitigation_overlap"": 0.02830188679245283}"
T1659,CWE-91,0.2838,boost_common_term:content,"{""title_sim"": 0.6923076923076923, ""desc_sim"": 0.07729865146423709, ""kw_tactic_jaccard"": 0.0, ""mitigation_overlap"": 0.014814814814814815}"
T1659,CWE-1319,0.2811,boost_common_term:injection,"{""title_sim"": 0.6923076923076923, ""desc_sim"": 0.06750749585507534, ""kw_tactic_jaccard"": 0.0, ""mitigation_overlap"": 0.015625}"
T1659,CWE-433,0.2564,boost_common_term:content,"{""title_sim"": 0.5833333333333334, ""desc_sim"": 0.0994879493987649, ""kw_tactic_jaccard"": 0.0, ""mitigation_overlap"": 0.007575757575757576}"
T1055,CWE-1319,0.2843,boost_common_term:injection,"{""title_sim"": 0.6923076923076923, ""desc_sim"": 0.06611634366644856, ""kw_tactic_jaccard"": 0.0, ""mitigation_overlap"": 0.03409090909090909}"
T1055,CWE-214,0.2654,boost_common_term:process,"{""title_sim"": 0.5833333333333334, ""desc_sim"": 0.11243936480357626, ""kw_tactic_jaccard"": 0.0, ""mitigation_overlap"": 0.03333333333333333}"
T1055,CWE-1334,0.2399,,"{""title_sim"": 0.6923076923076923, ""desc_sim"": 0.08514224859166342, ""kw_tactic_jaccard"": 0.0, ""mitigation_overlap"": 0.03333333333333333}"
T1567.004,CWE-1420,0.1852,boost_common_term:over,"{""title_sim"": 0.35294117647058826, ""desc_sim"": 0.07739595395875558, ""kw_tactic_jaccard"": 0.0, ""mitigation_overlap"": 0.030534351145038167}"
T1567.004,CWE-638,0.1699,boost_common_term:over,"{""title_sim"": 0.339622641509434, ""desc_sim"": 0.03546716160348167, ""kw_tactic_jaccard"": 0.0, ""mitigation_overlap"": 0.03676470588235294}"
T1567.004,CWE-1422,0.1672,boost_common_term:over,"{""title_sim"": 0.28099173553719015, ""desc_sim"": 0.08938095509408349, ""kw_tactic_jaccard"": 0.0, ""mitigation_overlap"": 0.030534351145038167}"
T1139,CWE-328,0.1475,,"{""title_sim"": 0.42857142857142855, ""desc_sim"": 0.04660355220302979, ""kw_tactic_jaccard"": 0.0, ""mitigation_overlap"": 0.024691358024691357}"
T1139,CWE-549,0.1306,,"{""title_sim"": 0.33333333333333326, ""desc_sim"": 0.06877328327325664, ""kw_tactic_jaccard"": 0.0, ""mitigation_overlap"": 0.05}"
T1139,CWE-501,0.1305,,"{""title_sim"": 0.38888888888888884, ""desc_sim"": 0.03465368973119552, ""kw_tactic_jaccard"": 0.0, ""mitigation_overlap"": 0.017241379310344827}"
T1205,CWE-605,0.1646,,"{""title_sim"": 0.29166666666666674, ""desc_sim"": 0.23236569951210254, ""kw_tactic_jaccard"": 0.0, ""mitigation_overlap"": 0.03684210526315789}"
T1205,CWE-294,0.1633,boost_common_term:traffic,"{""title_sim"": 0.25, ""desc_sim"": 0.10769909794642434, ""kw_tactic_jaccard"": 0.0, ""mitigation_overlap"": 0.0297029702970297}"
T1205,CWE-1061,0.1607,,"{""title_sim"": 0.46511627906976744, ""desc_sim"": 0.057688288843172356, ""kw_tactic_jaccard"": 0.0, ""mitigation_overlap"": 0.019230769230769232}"
T1021.008,CWE-245,0.3585,boost_common_term:connections;boost_subtech_title_match,"{""title_sim"": 0.8, ""desc_sim"": 0.106105843944083, ""kw_tactic_jaccard"": 0.0, ""mitigation_overlap"": 0.03333333333333333}"
T1021.008,CWE-1327,0.1857,boost_common_term:cloud,"{""title_sim"": 0.34375, ""desc_sim"": 0.08742921649918296, ""kw_tactic_jaccard"": 0.0, ""mitigation_overlap"": 0.031914893617021274}"
T1021.008,CWE-1230,0.1658,boost_common_term:direct,"{""title_sim"": 0.31168831168831174, ""desc_sim"": 0.053643592057500945, ""kw_tactic_jaccard"": 0.0, ""mitigation_overlap"": 0.030927835051546393}"
T1503,CWE-1391,0.3216,boost_common_term:credentials,"{""title_sim"": 0.7307692307692308, ""desc_sim"": 0.14107833791974084, ""kw_tactic_jaccard"": 0.0, ""mitigation_overlap"": 0.05}"
T1503,CWE-1392,0.2881,boost_common_term:credentials,"{""title_sim"": 0.6181818181818182, ""desc_sim"": 0.15110691664423, ""kw_tactic_jaccard"": 0.0, ""mitigation_overlap"": 0.0364963503649635}"
T1503,CWE-798,0.2846,boost_common_term:credentials,"{""title_sim"": 0.6551724137931035, ""desc_sim"": 0.10712781400146662, ""kw_tactic_jaccard"": 0.0, ""mitigation_overlap"": 0.02962962962962963}"
T1218,CWE-1423,0.2107,boost_common_term:execution,"{""title_sim"": 0.4736842105263158, ""desc_sim"": 0.0365393212813572, ""kw_tactic_jaccard"": 0.0, ""mitigation_overlap"": 0.0379746835443038}"
T1218,CWE-1342,0.2101,boost_common_term:execution,"{""title_sim"": 0.4736842105263158, ""desc_sim"": 0.05101398694778494, ""kw_tactic_jaccard"": 0.0, ""mitigation_overlap"": 0.013333333333333334}"
T1218,CWE-15,0.2077,boost_common_term:system,"{""title_sim"": 0.475, ""desc_sim"": 0.04101794662673857, ""kw_tactic_jaccard"": 0.0, ""mitigation_overlap"": 0.014492753623188406}"
T1153,CWE-1115,0.4131,boost_common_term:source,"{""title_sim"": 1.0, ""desc_sim"": 0.15637289827560924, ""kw_tactic_jaccard"": 0.0, ""mitigation_overlap"": 0.08108108108108109}"
T1153,CWE-540,0.3979,boost_common_term:source,"{""title_sim"": 1.0, ""desc_sim"": 0.12361186078754005, ""kw_tactic_jaccard"": 0.0, ""mitigation_overlap"": 0.05405405405405406}"
T1153,CWE-1078,0.3958,boost_common_term:source,"{""title_sim"": 1.0, ""desc_sim"": 0.11624615438959456, ""kw_tactic_jaccard"": 0.0, ""mitigation_overlap"": 0.0547945205479452}"
T1038,CWE-426,0.2195,boost_common_term:search,"{""title_sim"": 0.46808510638297873, ""desc_sim"": 0.07528443318792359, ""kw_tactic_jaccard"": 0.0, ""mitigation_overlap"": 0.03225806451612903}"
T1038,CWE-427,0.2130,boost_common_term:search,"{""title_sim"": 0.4482758620689655, ""desc_sim"": 0.07950540940440796, ""kw_tactic_jaccard"": 0.0, ""mitigation_overlap"": 0.0234375}"
T1038,CWE-428,0.2082,boost_common_term:search,"{""title_sim"": 0.4210526315789474, ""desc_sim"": 0.08016342811933347, ""kw_tactic_jaccard"": 0.0, ""mitigation_overlap"": 0.03937007874015748}"
T1050,CWE-439,0.2041,boost_common_term:new,"{""title_sim"": 0.42857142857142855, ""desc_sim"": 0.07607315378912362, ""kw_tactic_jaccard"": 0.0, ""mitigation_overlap"": 0.0136986301369863}"
T1050,CWE-620,0.1812,boost_common_term:new,"{""title_sim"": 0.3783783783783784, ""desc_sim"": 0.032488199251751594, ""kw_tactic_jaccard"": 0.0, ""mitigation_overlap"": 0.039473684210526314}"
T1050,CWE-416,0.1715,boost_common_term:new,"{""title_sim"": 0.32, ""desc_sim"": 0.05690426466771084, ""kw_tactic_jaccard"": 0.0, ""mitigation_overlap"": 0.042105263157894736}"
T1070.006,CWE-284,0.1230,,"{""title_sim"": 0.375, ""desc_sim"": 0.024761171293050072, ""kw_tactic_jaccard"": 0.0, ""mitigation_overlap"": 0.015151515151515152}"
T1070.006,CWE-377,0.1211,,"{""title_sim"": 0.3125, ""desc_sim"": 0.07096603532881157, ""kw_tactic_jaccard"": 0.0, ""mitigation_overlap"": 0.030303030303030304}"
T1070.006,CWE-511,0.1202,,"{""title_sim"": 0.33333333333333326, ""desc_sim"": 0.05298272433493812, ""kw_tactic_jaccard"": 0.0, ""mitigation_overlap"": 0.021739130434782608}"
T1557.004,CWE-197,0.1178,,"{""title_sim"": 0.36363636363636365, ""desc_sim"": 0.01997082421066112, ""kw_tactic_jaccard"": 0.0, ""mitigation_overlap"": 0.013605442176870748}"
T1557.004,CWE-270,0.1170,,"{""title_sim"": 0.38095238095238093, ""desc_sim"": 0.008996797207399022, ""kw_tactic_jaccard"": 0.0, ""mitigation_overlap"": 0.0}"
T1557.004,CWE-912,0.1127,,"{""title_sim"": 0.3448275862068965, ""desc_sim"": 0.02644584304440951, ""kw_tactic_jaccard"": 0.0, ""mitigation_overlap"": 0.006535947712418301}"
T1620,CWE-561,0.2534,boost_common_term:code,"{""title_sim"": 0.6153846153846154, ""desc_sim"": 0.05719983469550167, ""kw_tactic_jaccard"": 0.0, ""mitigation_overlap"": 0.008333333333333333}"
T1620,CWE-508,0.2402,boost_common_term:code,"{""title_sim"": 0.5283018867924528, ""desc_sim"": 0.07895039522522669, ""kw_tactic_jaccard"": 0.0, ""mitigation_overlap"": 0.04032258064516129}"
T1620,CWE-1120,0.2218,boost_common_term:code,"{""title_sim"": 0.5, ""desc_sim"": 0.06725027420564222, ""kw_tactic_jaccard"": 0.0, ""mitigation_overlap"": 0.008333333333333333}"
T1016.002,CWE-208,0.1348,,"{""title_sim"": 0.40909090909090906, ""desc_sim"": 0.025722610519244668, ""kw_tactic_jaccard"": 0.0, ""mitigation_overlap"": 0.021739130434782608}"
T1016.002,CWE-257,0.1292,,"{""title_sim"": 0.3214285714285714, ""desc_sim"": 0.06928599958451569, ""kw_tactic_jaccard"": 0.0, ""mitigation_overlap"": 0.06}"
T1016.002,CWE-385,0.1267,,"{""title_sim"": 0.38888888888888884, ""desc_sim"": 0.01840677451900654, ""kw_tactic_jaccard"": 0.0, ""mitigation_overlap"": 0.022556390977443608}"
T1480.002,CWE-248,0.1680,,"{""title_sim"": 0.5294117647058824, ""desc_sim"": 0.022953779327760607, ""kw_tactic_jaccard"": 0.0, ""mitigation_overlap"": 0.011494252873563218}"
T1480.002,CWE-674,0.1477,,"{""title_sim"": 0.4736842105263158, ""desc_sim"": 0.011970214905176121, ""kw_tactic_jaccard"": 0.0, ""mitigation_overlap"": 0.010101010101010102}"
T1480.002,CWE-627,0.1475,,"{""title_sim"": 0.4186046511627907, ""desc_sim"": 0.04527228147382971, ""kw_tactic_jaccard"": 0.0, ""mitigation_overlap"": 0.041666666666666664}"
T1564.011,CWE-114,0.2561,boost_subtech_title_match,"{""title_sim"": 0.6363636363636364, ""desc_sim"": 0.10010250267712152, ""kw_tactic_jaccard"": 0.0, ""mitigation_overlap"": 0.02564102564102564}"
T1564.011,CWE-214,0.2264,boost_common_term:process,"{""title_sim"": 0.4634146341463415, ""desc_sim"": 0.09570891068896933, ""kw_tactic_jaccard"": 0.0, ""mitigation_overlap"": 0.043478260869565216}"
T1564.011,CWE-20,0.1949,boost_common_term:process,"{""title_sim"": 0.4, ""desc_sim"": 0.05445012152798328, ""kw_tactic_jaccard"": 0.0, ""mitigation_overlap"": 0.042735042735042736}"
T1611,CWE-297,0.2306,boost_common_term:host,"{""title_sim"": 0.4444444444444444, ""desc_sim"": 0.14869376734792886, ""kw_tactic_jaccard"": 0.0, ""mitigation_overlap"": 0.013333333333333334}"
T1611,CWE-150,0.1874,boost_common_term:escape,"{""title_sim"": 0.32, ""desc_sim"": 0.12963680770867297, ""kw_tactic_jaccard"": 0.0, ""mitigation_overlap"": 0.012345679012345678}"
T1611,CWE-605,0.1505,,"{""title_sim"": 0.4, ""desc_sim"": 0.08338247162824042, ""kw_tactic_jaccard"": 0.0, ""mitigation_overlap"": 0.027210884353741496}"
T1518.002,CWE-530,0.1952,boost_common_term:backup,"{""title_sim"": 0.3870967741935484, ""desc_sim"": 0.07851913151378405, ""kw_tactic_jaccard"": 0.0, ""mitigation_overlap"": 0.0273972602739726}"
T1518.002,CWE-1256,0.1822,,"{""title_sim"": 0.48484848484848486, ""desc_sim"": 0.09247313099252097, ""kw_tactic_jaccard"": 0.0, ""mitigation_overlap"": 0.0449438202247191}"
T1518.002,CWE-1247,0.1781,boost_common_term:software,"{""title_sim"": 0.3544303797468355, ""desc_sim"": 0.05644832037524529, ""kw_tactic_jaccard"": 0.0, ""mitigation_overlap"": 0.024096385542168676}"
T1547.009,CWE-473,0.3117,boost_common_term:modification;boost_subtech_title_match,"{""title_sim"": 0.7272727272727272, ""desc_sim"": 0.032721559249499335, ""kw_tactic_jaccard"": 0.0, ""mitigation_overlap"": 0.018691588785046728}"
T1547.009,CWE-64,0.2793,boost_common_term:shortcut,"{""title_sim"": 0.5517241379310345, ""desc_sim"": 0.18770216290114977, ""kw_tactic_jaccard"": 0.0, ""mitigation_overlap"": 0.037383177570093455}"
T1547.009,CWE-915,0.2698,boost_subtech_title_match,"{""title_sim"": 0.7272727272727272, ""desc_sim"": 0.05940516324725484, ""kw_tactic_jaccard"": 0.0, ""mitigation_overlap"": 0.01904761904761905}"
T1010,CWE-1065,0.2451,boost_common_term:application,"{""title_sim"": 0.5641025641025641, ""desc_sim"": 0.06915586823152507, ""kw_tactic_jaccard"": 0.0, ""mitigation_overlap"": 0.02564102564102564}"
T1010,CWE-926,0.2370,boost_common_term:application,"{""title_sim"": 0.5641025641025641, ""desc_sim"": 0.04250157945776278, ""kw_tactic_jaccard"": 0.0, ""mitigation_overlap"": 0.02531645569620253}"
T1010,CWE-67,0.2228,boost_common_term:application,"{""title_sim"": 0.463768115942029, ""desc_sim"": 0.06742445852521538, ""kw_tactic_jaccard"": 0.0, ""mitigation_overlap"": 0.06741573033707865}"
T1569.003,CWE-360,0.1273,,"{""title_sim"": 0.4, ""desc_sim"": 0.01074710468728556, ""kw_tactic_jaccard"": 0.0, ""mitigation_overlap"": 0.02040816326530612}"
T1569.003,CWE-512,0.1196,,"{""title_sim"": 0.375, ""desc_sim"": 0.01386119850917578, ""kw_tactic_jaccard"": 0.0, ""mitigation_overlap"": 0.014492753623188406}"
T1569.003,CWE-617,0.1139,,"{""title_sim"": 0.3571428571428571, ""desc_sim"": 0.01145412839484378, ""kw_tactic_jaccard"": 0.0, ""mitigation_overlap"": 0.01639344262295082}"
T1032,CWE-325,0.3128,boost_common_term:cryptographic,"{""title_sim"": 0.6666666666666665, ""desc_sim"": 0.1683753733798241, ""kw_tactic_jaccard"": 0.0, ""mitigation_overlap"": 0.061224489795918366}"
T1032,CWE-327,0.2885,boost_common_term:cryptographic,"{""title_sim"": 0.5909090909090909, ""desc_sim"": 0.1731236739258422, ""kw_tactic_jaccard"": 0.0, ""mitigation_overlap"": 0.046511627906976744}"
T1032,CWE-1240,0.2723,boost_common_term:cryptographic,"{""title_sim"": 0.5909090909090909, ""desc_sim"": 0.13662070256355166, ""kw_tactic_jaccard"": 0.0, ""mitigation_overlap"": 0.02}"
T1087.003,CWE-645,0.3160,boost_common_term:account;boost_subtech_title_match,"{""title_sim"": 0.7, ""desc_sim"": 0.05117155333296272, ""kw_tactic_jaccard"": 0.0, ""mitigation_overlap"": 0.05333333333333334}"
T1087.003,CWE-322,0.1446,,"{""title_sim"": 0.3272727272727273, ""desc_sim"": 0.14421360686239135, ""kw_tactic_jaccard"": 0.0, ""mitigation_overlap"": 0.015625}"
T1087.003,CWE-1263,0.1422,,"{""title_sim"": 0.4444444444444444, ""desc_sim"": 0.020225072369117483, ""kw_tactic_jaccard"": 0.0, ""mitigation_overlap"": 0.014084507042253521}"
T1062,CWE-507,0.1287,,"{""title_sim"": 0.36363636363636365, ""desc_sim"": 0.03714584045172148, ""kw_tactic_jaccard"": 0.0, ""mitigation_overlap"": 0.04225352112676056}"
T1062,CWE-697,0.1230,,"{""title_sim"": 0.4, ""desc_sim"": 0.010043360602972553, ""kw_tactic_jaccard"": 0.0, ""mitigation_overlap"": 0.0}"
T1062,CWE-413,0.1226,,"{""title_sim"": 0.4, ""desc_sim"": 0.008687625649048493, ""kw_tactic_jaccard"": 0.0, ""mitigation_overlap"": 0.0}"
T1497.003,CWE-511,0.2303,boost_common_term:time,"{""title_sim"": 0.4375, ""desc_sim"": 0.13604356698279668, ""kw_tactic_jaccard"": 0.0, ""mitigation_overlap"": 0.0410958904109589}"
T1497.003,CWE-385,0.2202,boost_common_term:time,"{""title_sim"": 0.4736842105263158, ""desc_sim"": 0.06736428105806833, ""kw_tactic_jaccard"": 0.0, ""mitigation_overlap"": 0.039473684210526314}"
T1497.003,CWE-367,0.2025,boost_common_term:checks,"{""title_sim"": 0.36363636363636365, ""desc_sim"": 0.11720898313488048, ""kw_tactic_jaccard"": 0.0, ""mitigation_overlap"": 0.0410958904109589}"
T1182,CWE-667,0.1338,,"{""title_sim"": 0.42857142857142855, ""desc_sim"": 0.0174154169641848, ""kw_tactic_jaccard"": 0.0, ""mitigation_overlap"": 0.0}"
T1182,CWE-416,0.1274,,"{""title_sim"": 0.3846153846153846, ""desc_sim"": 0.032690957518704225, ""kw_tactic_jaccard"": 0.0, ""mitigation_overlap"": 0.010869565217391304}"
T1182,CWE-20,0.1231,,"{""title_sim"": 0.32432432432432434, ""desc_sim"": 0.06759739429829623, ""kw_tactic_jaccard"": 0.0, ""mitigation_overlap"": 0.0273972602739726}"
T1218.003,CWE-114,0.0820,,"{""title_sim"": 0.2, ""desc_sim"": 0.039880624523045416, ""kw_tactic_jaccard"": 0.0, ""mitigation_overlap"": 0.05}"
T1218.003,CWE-756,0.0637,,"{""title_sim"": 0.2, ""desc_sim"": 0.005799011030051515, ""kw_tactic_jaccard"": 0.0, ""mitigation_overlap"": 0.009900990099009901}"
T1218.003,CWE-512,0.0635,,"{""title_sim"": 0.1666666666666667, ""desc_sim"": 0.015137785528051636, ""kw_tactic_jaccard"": 0.0, ""mitigation_overlap"": 0.044642857142857144}"
T1563.001,CWE-384,0.1782,,"{""title_sim"": 0.41379310344827586, ""desc_sim"": 0.14906218575101757, ""kw_tactic_jaccard"": 0.0, ""mitigation_overlap"": 0.04672897196261682}"
T1563.001,CWE-564,0.1381,,"{""title_sim"": 0.4324324324324324, ""desc_sim"": 0.021948518011530496, ""kw_tactic_jaccard"": 0.0, ""mitigation_overlap"": 0.00909090909090909}"
T1563.001,CWE-613,0.1243,,"{""title_sim"": 0.3181818181818181, ""desc_sim"": 0.09018650512246348, ""kw_tactic_jaccard"": 0.0, ""mitigation_overlap"": 0.009174311926605505}"
T1562.002,CWE-778,0.2465,"boost_common_term:event,logging","{""title_sim"": 0.5185185185185186, ""desc_sim"": 0.12145592223212259, ""kw_tactic_jaccard"": 0.0, ""mitigation_overlap"": 0.022727272727272728}"
T1562.002,CWE-67,0.2221,boost_common_term:windows,"{""title_sim"": 0.4857142857142857, ""desc_sim"": 0.05975486783278102, ""kw_tactic_jaccard"": 0.0, ""mitigation_overlap"": 0.042328042328042326}"
T1562.002,CWE-360,0.2188,boost_common_term:event,"{""title_sim"": 0.43636363636363634, ""desc_sim"": 0.11433715417925482, ""kw_tactic_jaccard"": 0.0, ""mitigation_overlap"": 0.01775147928994083}"
T1029,CWE-1075,0.2695,boost_common_term:transfer,"{""title_sim"": 0.6153846153846154, ""desc_sim"": 0.090495950672038, ""kw_tactic_jaccard"": 0.0, ""mitigation_overlap"": 0.038461538461538464}"
T1029,CWE-669,0.2659,boost_common_term:transfer,"{""title_sim"": 0.6153846153846154, ""desc_sim"": 0.08085431838753872, ""kw_tactic_jaccard"": 0.0, ""mitigation_overlap"": 0.03508771929824561}"
T1029,CWE-514,0.2109,boost_common_term:transfer,"{""title_sim"": 0.375, ""desc_sim"": 0.10801450314933184, ""kw_tactic_jaccard"": 0.0, ""mitigation_overlap"": 0.08}"
T1021.002,CWE-40,0.1927,boost_common_term:windows,"{""title_sim"": 0.40506329113924056, ""desc_sim"": 0.04916409671277729, ""kw_tactic_jaccard"": 0.0, ""mitigation_overlap"": 0.032}"
T1021.002,CWE-64,0.1829,boost_common_term:windows,"{""title_sim"": 0.3859649122807018, ""desc_sim"": 0.042232034841403455, ""kw_tactic_jaccard"": 0.0, ""mitigation_overlap"": 0.022058823529411766}"
T1021.002,CWE-67,0.1789,boost_common_term:windows,"{""title_sim"": 0.3692307692307692, ""desc_sim"": 0.04139240743421556, ""kw_tactic_jaccard"": 0.0, ""mitigation_overlap"": 0.028368794326241134}"
T1525,CWE-1244,0.2263,boost_common_term:internal,"{""title_sim"": 0.5333333333333333, ""desc_sim"": 0.047942280451344105, ""kw_tactic_jaccard"": 0.0, ""mitigation_overlap"": 0.009523809523809525}"
T1525,CWE-45,0.2220,boost_common_term:internal,"{""title_sim"": 0.5333333333333333, ""desc_sim"": 0.028048044570072046, ""kw_tactic_jaccard"": 0.0, ""mitigation_overlap"": 0.018018018018018018}"
T1525,CWE-164,0.2214,boost_common_term:internal,"{""title_sim"": 0.5333333333333333, ""desc_sim"": 0.025631354059040577, ""kw_tactic_jaccard"": 0.0, ""mitigation_overlap"": 0.018518518518518517}"
T1572,CWE-301,0.2061,,"{""title_sim"": 0.6153846153846154, ""desc_sim"": 0.06627073565411228, ""kw_tactic_jaccard"": 0.0, ""mitigation_overlap"": 0.008264462809917356}"
T1572,CWE-188,0.1746,boost_common_term:protocol,"{""title_sim"": 0.33333333333333326, ""desc_sim"": 0.07101402688423383, ""kw_tactic_jaccard"": 0.0, ""mitigation_overlap"": 0.01652892561983471}"
T1572,CWE-353,0.1594,boost_common_term:protocol,"{""title_sim"": 0.2641509433962264, ""desc_sim"": 0.0659216555864241, ""kw_tactic_jaccard"": 0.0, ""mitigation_overlap"": 0.05172413793103448}"
T1218.002,CWE-691,0.3180,boost_common_term:control;boost_subtech_title_match,"{""title_sim"": 0.7, ""desc_sim"": 0.06357566029395655, ""kw_tactic_jaccard"": 0.0, ""mitigation_overlap"": 0.044444444444444446}"
T1218.002,CWE-529,0.3171,boost_common_term:control;boost_subtech_title_match,"{""title_sim"": 0.7, ""desc_sim"": 0.07551086393458056, ""kw_tactic_jaccard"": 0.0, ""mitigation_overlap"": 0.022058823529411766}"
T1218.002,CWE-73,0.3141,boost_common_term:control;boost_subtech_title_match,"{""title_sim"": 0.7, ""desc_sim"": 0.0655087756128768, ""kw_tactic_jaccard"": 0.0, ""mitigation_overlap"": 0.022388059701492536}"
T1599.001,CWE-1331,0.2339,boost_common_term:network,"{""title_sim"": 0.46, ""desc_sim"": 0.10673822947916527, ""kw_tactic_jaccard"": 0.0, ""mitigation_overlap"": 0.06923076923076923}"
T1599.001,CWE-562,0.2309,boost_common_term:address,"{""title_sim"": 0.5217391304347826, ""desc_sim"": 0.06537352723246362, ""kw_tactic_jaccard"": 0.0, ""mitigation_overlap"": 0.023622047244094488}"
T1599.001,CWE-291,0.2237,boost_common_term:address,"{""title_sim"": 0.48717948717948717, ""desc_sim"": 0.08608479551275494, ""kw_tactic_jaccard"": 0.0, ""mitigation_overlap"": 0.008403361344537815}"
T1608.002,CWE-434,0.3307,boost_common_term:upload;boost_subtech_title_match,"{""title_sim"": 0.7058823529411765, ""desc_sim"": 0.11176141926446168, ""kw_tactic_jaccard"": 0.0, ""mitigation_overlap"": 0.02702702702702703}"
T1608.002,CWE-1249,0.1810,,"{""title_sim"": 0.5333333333333333, ""desc_sim"": 0.05387679393425118, ""kw_tactic_jaccard"": 0.0, ""mitigation_overlap"": 0.024390243902439025}"
T1608.002,CWE-114,0.1319,,"{""title_sim"": 0.3846153846153846, ""desc_sim"": 0.03739258784868445, ""kw_tactic_jaccard"": 0.0, ""mitigation_overlap"": 0.02654867256637168}"
T1547.005,CWE-1318,0.3490,"boost_common_term:support,security;boost_subtech_title_match","{""title_sim"": 0.7804878048780488, ""desc_sim"": 0.08117624867962132, ""kw_tactic_jaccard"": 0.0, ""mitigation_overlap"": 0.05263157894736842}"
T1547.005,CWE-1292,0.2330,boost_common_term:security,"{""title_sim"": 0.5507246376811594, ""desc_sim"": 0.04317896706990749, ""kw_tactic_jaccard"": 0.0, ""mitigation_overlap"": 0.024096385542168676}"
T1547.005,CWE-1290,0.2288,boost_common_term:security,"{""title_sim"": 0.5373134328358209, ""desc_sim"": 0.042733867225691204, ""kw_tactic_jaccard"": 0.0, ""mitigation_overlap"": 0.023809523809523808}"
T1036.011,CWE-214,0.2521,"boost_common_term:process,arguments","{""title_sim"": 0.411764705882353, ""desc_sim"": 0.23272520480749193, ""kw_tactic_jaccard"": 0.0, ""mitigation_overlap"": 0.043859649122807015}"
T1036.011,CWE-685,0.2448,boost_common_term:arguments,"{""title_sim"": 0.5, ""desc_sim"": 0.1325128051857719, ""kw_tactic_jaccard"": 0.0, ""mitigation_overlap"": 0.025}"
T1036.011,CWE-683,0.2407,boost_common_term:arguments,"{""title_sim"": 0.5, ""desc_sim"": 0.11838837993567071, ""kw_tactic_jaccard"": 0.0, ""mitigation_overlap"": 0.02608695652173913}"
T1004,CWE-67,0.1490,,"{""title_sim"": 0.43333333333333335, ""desc_sim"": 0.03920056835012474, ""kw_tactic_jaccard"": 0.0, ""mitigation_overlap"": 0.03636363636363636}"
T1004,CWE-430,0.1462,,"{""title_sim"": 0.4782608695652174, ""desc_sim"": 0.00904283155046693, ""kw_tactic_jaccard"": 0.0, ""mitigation_overlap"": 0.0}"
T1004,CWE-431,0.1420,,"{""title_sim"": 0.4705882352941177, ""desc_sim"": 0.002745253040022506, ""kw_tactic_jaccard"": 0.0, ""mitigation_overlap"": 0.0}"
T1009,CWE-912,0.1679,,"{""title_sim"": 0.4705882352941177, ""desc_sim"": 0.06948466972798688, ""kw_tactic_jaccard"": 0.0, ""mitigation_overlap"": 0.029411764705882353}"
T1009,CWE-468,0.1605,,"{""title_sim"": 0.4102564102564103, ""desc_sim"": 0.10479202288715492, ""kw_tactic_jaccard"": 0.0, ""mitigation_overlap"": 0.03}"
T1009,CWE-501,0.1555,,"{""title_sim"": 0.4736842105263158, ""desc_sim"": 0.03762364530990179, ""kw_tactic_jaccard"": 0.0, ""mitigation_overlap"": 0.010309278350515464}"
T1550,CWE-288,0.3693,"boost_common_term:alternate,authentication","{""title_sim"": 0.7868852459016393, ""desc_sim"": 0.250679773733366, ""kw_tactic_jaccard"": 0.0, ""mitigation_overlap"": 0.04}"
T1550,CWE-1390,0.3588,boost_common_term:authentication,"{""title_sim"": 0.8484848484848484, ""desc_sim"": 0.16201130821015683, ""kw_tactic_jaccard"": 0.0, ""mitigation_overlap"": 0.02830188679245283}"
T1550,CWE-289,0.3391,boost_common_term:authentication,"{""title_sim"": 0.7868852459016393, ""desc_sim"": 0.15854916552665493, ""kw_tactic_jaccard"": 0.0, ""mitigation_overlap"": 0.027522935779816515}"
T1076,CWE-1088,0.2134,boost_common_term:remote,"{""title_sim"": 0.4210526315789474, ""desc_sim"": 0.10370503074158209, ""kw_tactic_jaccard"": 0.0, ""mitigation_overlap"": 0.02962962962962963}"
T1076,CWE-301,0.1789,,"{""title_sim"": 0.5161290322580645, ""desc_sim"": 0.06112643723822545, ""kw_tactic_jaccard"": 0.0, ""mitigation_overlap"": 0.02877697841726619}"
T1076,CWE-188,0.1719,boost_common_term:protocol,"{""title_sim"": 0.37735849056603776, ""desc_sim"": 0.02430944288689087, ""kw_tactic_jaccard"": 0.0, ""mitigation_overlap"": 0.006993006993006993}"
T1597.001,CWE-1297,0.2016,,"{""title_sim"": 0.5185185185185186, ""desc_sim"": 0.14714535821245153, ""kw_tactic_jaccard"": 0.0, ""mitigation_overlap"": 0.009523809523809525}"
T1597.001,CWE-190,0.1608,,"{""title_sim"": 0.48, ""desc_sim"": 0.02810503025959793, ""kw_tactic_jaccard"": 0.0, ""mitigation_overlap"": 0.04201680672268908}"
T1597.001,CWE-428,0.1589,,"{""title_sim"": 0.43137254901960786, ""desc_sim"": 0.052391817899799756, ""kw_tactic_jaccard"": 0.0, ""mitigation_overlap"": 0.06862745098039216}"
T1011,CWE-1051,0.2157,boost_common_term:network,"{""title_sim"": 0.4615384615384615, ""desc_sim"": 0.0670989145113226, ""kw_tactic_jaccard"": 0.0, ""mitigation_overlap"": 0.03571428571428571}"
T1011,CWE-406,0.2127,boost_common_term:network,"{""title_sim"": 0.4074074074074074, ""desc_sim"": 0.09266162780230355, ""kw_tactic_jaccard"": 0.0, ""mitigation_overlap"": 0.06349206349206349}"
T1011,CWE-1420,0.2091,boost_common_term:over,"{""title_sim"": 0.3673469387755102, ""desc_sim"": 0.11765866540382534, ""kw_tactic_jaccard"": 0.0, ""mitigation_overlap"": 0.06779661016949153}"
T1602.002,CWE-1051,0.3569,boost_common_term:network;boost_subtech_title_match,"{""title_sim"": 0.7777777777777777, ""desc_sim"": 0.1214895530296948, ""kw_tactic_jaccard"": 0.0, ""mitigation_overlap"": 0.03571428571428571}"
T1602.002,CWE-260,0.3110,boost_common_term:configuration;boost_subtech_title_match,"{""title_sim"": 0.6349206349206349, ""desc_sim"": 0.1038437595705073, ""kw_tactic_jaccard"": 0.0, ""mitigation_overlap"": 0.047058823529411764}"
T1602.002,CWE-1304,0.2724,boost_common_term:configuration,"{""title_sim"": 0.5652173913043478, ""desc_sim"": 0.15454913852301794, ""kw_tactic_jaccard"": 0.0, ""mitigation_overlap"": 0.03225806451612903}"
T1589,CWE-541,0.2523,boost_common_term:information,"{""title_sim"": 0.5287356321839081, ""desc_sim"": 0.10854905295271362, ""kw_tactic_jaccard"": 0.0, ""mitigation_overlap"": 0.05555555555555555}"
T1589,CWE-531,0.2503,boost_common_term:information,"{""title_sim"": 0.5432098765432098, ""desc_sim"": 0.08646644236250212, ""kw_tactic_jaccard"": 0.0, ""mitigation_overlap"": 0.05714285714285714}"
T1589,CWE-201,0.2496,boost_common_term:information,"{""title_sim"": 0.5783132530120482, ""desc_sim"": 0.061319408922902545, ""kw_tactic_jaccard"": 0.0, ""mitigation_overlap"": 0.03875968992248062}"
T1131,CWE-1390,0.3463,boost_common_term:authentication,"{""title_sim"": 0.8484848484848484, ""desc_sim"": 0.11765216675319738, ""kw_tactic_jaccard"": 0.0, ""mitigation_overlap"": 0.03225806451612903}"
T1131,CWE-305,0.3461,boost_common_term:authentication,"{""title_sim"": 0.7777777777777777, ""desc_sim"": 0.17410545169085015, ""kw_tactic_jaccard"": 0.0, ""mitigation_overlap"": 0.05263157894736842}"
T1131,CWE-301,0.3355,boost_common_term:authentication,"{""title_sim"": 0.7777777777777777, ""desc_sim"": 0.12716804071252763, ""kw_tactic_jaccard"": 0.0, ""mitigation_overlap"": 0.07017543859649122}"
T1181,CWE-590,0.2505,boost_common_term:memory,"{""title_sim"": 0.5084745762711864, ""desc_sim"": 0.13075601306673534, ""kw_tactic_jaccard"": 0.0, ""mitigation_overlap"": 0.043478260869565216}"
T1181,CWE-591,0.2392,boost_common_term:memory,"{""title_sim"": 0.4810126582278481, ""desc_sim"": 0.11804313820893611, ""kw_tactic_jaccard"": 0.0, ""mitigation_overlap"": 0.047337278106508875}"
T1181,CWE-788,0.2373,boost_common_term:memory,"{""title_sim"": 0.5070422535211268, ""desc_sim"": 0.100524975382918, ""kw_tactic_jaccard"": 0.0, ""mitigation_overlap"": 0.025}"
T1562.004,CWE-1312,0.2257,boost_common_term:firewall,"{""title_sim"": 0.4444444444444444, ""desc_sim"": 0.13062483042286496, ""kw_tactic_jaccard"": 0.0, ""mitigation_overlap"": 0.016}"
T1562.004,CWE-341,0.2218,boost_common_term:system,"{""title_sim"": 0.48484848484848486, ""desc_sim"": 0.06051213381132185, ""kw_tactic_jaccard"": 0.0, ""mitigation_overlap"": 0.040983606557377046}"
T1562.004,CWE-15,0.2213,boost_common_term:system,"{""title_sim"": 0.4761904761904762, ""desc_sim"": 0.07770593112660498, ""kw_tactic_jaccard"": 0.0, ""mitigation_overlap"": 0.02564102564102564}"
T1560,CWE-495,0.2189,boost_common_term:data,"{""title_sim"": 0.45945945945945943, ""desc_sim"": 0.08310348182566028, ""kw_tactic_jaccard"": 0.0, ""mitigation_overlap"": 0.03076923076923077}"
T1560,CWE-1083,0.2162,boost_common_term:data,"{""title_sim"": 0.4383561643835616, ""desc_sim"": 0.08610919412694056, ""kw_tactic_jaccard"": 0.0, ""mitigation_overlap"": 0.04411764705882353}"
T1560,CWE-349,0.2056,boost_common_term:data,"{""title_sim"": 0.3783783783783784, ""desc_sim"": 0.11848080793675052, ""kw_tactic_jaccard"": 0.0, ""mitigation_overlap"": 0.03278688524590164}"
T1152,CWE-252,0.1289,,"{""title_sim"": 0.3870967741935484, ""desc_sim"": 0.02389961059501858, ""kw_tactic_jaccard"": 0.0, ""mitigation_overlap"": 0.027777777777777776}"
T1152,CWE-682,0.1244,,"{""title_sim"": 0.4, ""desc_sim"": 0.014714601460368518, ""kw_tactic_jaccard"": 0.0, ""mitigation_overlap"": 0.0}"
T1152,CWE-912,0.1226,,"{""title_sim"": 0.3448275862068965, ""desc_sim"": 0.0455196206652146, ""kw_tactic_jaccard"": 0.0, ""mitigation_overlap"": 0.0273972602739726}"
T1553.003,CWE-296,0.2305,boost_common_term:trust,"{""title_sim"": 0.4444444444444444, ""desc_sim"": 0.1436915534707039, ""kw_tactic_jaccard"": 0.0, ""mitigation_overlap"": 0.020242914979757085}"
T1553.003,CWE-1326,0.2082,boost_common_term:trust,"{""title_sim"": 0.4, ""desc_sim"": 0.1190475739409767, ""kw_tactic_jaccard"": 0.0, ""mitigation_overlap"": 0.012295081967213115}"
T1553.003,CWE-298,0.1742,boost_common_term:trust,"{""title_sim"": 0.31168831168831174, ""desc_sim"": 0.08871481031569481, ""kw_tactic_jaccard"": 0.0, ""mitigation_overlap"": 0.0205761316872428}"
T1483,CWE-329,0.2353,boost_common_term:algorithms,"{""title_sim"": 0.5263157894736842, ""desc_sim"": 0.07199008861235222, ""kw_tactic_jaccard"": 0.0, ""mitigation_overlap"": 0.028985507246376812}"
T1483,CWE-1176,0.2008,boost_common_term:algorithms,"{""title_sim"": 0.4, ""desc_sim"": 0.07721159494187739, ""kw_tactic_jaccard"": 0.0, ""mitigation_overlap"": 0.03816793893129771}"
T1483,CWE-407,0.1850,,"{""title_sim"": 0.5806451612903225, ""desc_sim"": 0.016949306022270173, ""kw_tactic_jaccard"": 0.0, ""mitigation_overlap"": 0.02877697841726619}"
T1185,CWE-384,0.2719,boost_common_term:session,"{""title_sim"": 0.6086956521739131, ""desc_sim"": 0.10633620020346, ""kw_tactic_jaccard"": 0.0, ""mitigation_overlap"": 0.037037037037037035}"
T1185,CWE-613,0.2373,boost_common_term:session,"{""title_sim"": 0.5357142857142857, ""desc_sim"": 0.07368449739242675, ""kw_tactic_jaccard"": 0.0, ""mitigation_overlap"": 0.022222222222222223}"
T1185,CWE-618,0.2152,boost_common_term:browser,"{""title_sim"": 0.25925925925925924, ""desc_sim"": 0.2671139591286955, ""kw_tactic_jaccard"": 0.0, ""mitigation_overlap"": 0.0364963503649635}"
T1021,CWE-1088,0.2558,boost_common_term:remote,"{""title_sim"": 0.5714285714285715, ""desc_sim"": 0.10127712992910987, ""kw_tactic_jaccard"": 0.0, ""mitigation_overlap"": 0.02}"
T1021,CWE-98,0.1851,,"{""title_sim"": 0.5714285714285715, ""desc_sim"": 0.04568964061630925, ""kw_tactic_jaccard"": 0.0, ""mitigation_overlap"": 0.0}"
T1021,CWE-114,0.1590,,"{""title_sim"": 0.4666666666666666, ""desc_sim"": 0.05020200635864191, ""kw_tactic_jaccard"": 0.0, ""mitigation_overlap"": 0.01948051948051948}"
T1071.003,CWE-301,0.1835,boost_common_term:protocols,"{""title_sim"": 0.36065573770491804, ""desc_sim"": 0.06857229319409747, ""kw_tactic_jaccard"": 0.0, ""mitigation_overlap"": 0.023529411764705882}"
T1071.003,CWE-114,0.1647,,"{""title_sim"": 0.48275862068965514, ""desc_sim"": 0.04232754630137382, ""kw_tactic_jaccard"": 0.0, ""mitigation_overlap"": 0.03571428571428571}"
T1071.003,CWE-693,0.1471,,"{""title_sim"": 0.4761904761904762, ""desc_sim"": 0.006348883250665176, ""kw_tactic_jaccard"": 0.0, ""mitigation_overlap"": 0.011494252873563218}"
T1556.007,CWE-1390,0.1853,boost_common_term:identity,"{""title_sim"": 0.2941176470588235, ""desc_sim"": 0.13285863366768064, ""kw_tactic_jaccard"": 0.0, ""mitigation_overlap"": 0.03614457831325301}"
T1556.007,CWE-287,0.1607,boost_common_term:identity,"{""title_sim"": 0.26315789473684204, ""desc_sim"": 0.0936950735997187, ""kw_tactic_jaccard"": 0.0, ""mitigation_overlap"": 0.018072289156626505}"
T1556.007,CWE-556,0.1546,penalize_generic_cwe;boost_subtech_title_match,"{""title_sim"": 0.6956521739130435, ""desc_sim"": 0.040586635933762695, ""kw_tactic_jaccard"": 0.0, ""mitigation_overlap"": 0.018633540372670808}"
T1595.002,CWE-676,0.1884,boost_common_term:vulnerability,"{""title_sim"": 0.33898305084745756, ""desc_sim"": 0.0792825620715576, ""kw_tactic_jaccard"": 0.0, ""mitigation_overlap"": 0.06451612903225806}"
T1595.002,CWE-268,0.1525,,"{""title_sim"": 0.45, ""desc_sim"": 0.03840071229760526, ""kw_tactic_jaccard"": 0.0, ""mitigation_overlap"": 0.0297029702970297}"
T1595.002,CWE-1255,0.1457,,"{""title_sim"": 0.4146341463414634, ""desc_sim"": 0.043823629135719716, ""kw_tactic_jaccard"": 0.0, ""mitigation_overlap"": 0.04081632653061224}"
T1059.009,CWE-589,0.2181,boost_common_term:api,"{""title_sim"": 0.5, ""desc_sim"": 0.038791024675651195, ""kw_tactic_jaccard"": 0.0, ""mitigation_overlap"": 0.03225806451612903}"
T1059.009,CWE-648,0.1610,boost_common_term:api,"{""title_sim"": 0.2926829268292683, ""desc_sim"": 0.061223544718254225, ""kw_tactic_jaccard"": 0.0, ""mitigation_overlap"": 0.024390243902439025}"
T1059.009,CWE-475,0.1565,,"{""title_sim"": 0.5, ""desc_sim"": 0.02175212552096894, ""kw_tactic_jaccard"": 0.0, ""mitigation_overlap"": 0.0}"
T1596,CWE-427,0.2213,boost_common_term:search,"{""title_sim"": 0.4761904761904762, ""desc_sim"": 0.06696771907434021, ""kw_tactic_jaccard"": 0.0, ""mitigation_overlap"": 0.041666666666666664}"
T1596,CWE-426,0.2161,boost_common_term:search,"{""title_sim"": 0.4615384615384615, ""desc_sim"": 0.0633992024856712, ""kw_tactic_jaccard"": 0.0, ""mitigation_overlap"": 0.043010752688172046}"
T1596,CWE-1059,0.2154,boost_common_term:technical,"{""title_sim"": 0.4776119402985075, ""desc_sim"": 0.055553434307455164, ""kw_tactic_jaccard"": 0.0, ""mitigation_overlap"": 0.02702702702702703}"
T1218.015,CWE-926,0.2137,boost_common_term:applications,"{""title_sim"": 0.4857142857142857, ""desc_sim"": 0.04642996475684781, ""kw_tactic_jaccard"": 0.0, ""mitigation_overlap"": 0.020202020202020204}"
T1218.015,CWE-1278,0.1801,boost_common_term:electron,"{""title_sim"": 0.20799999999999996, ""desc_sim"": 0.19802237212609658, ""kw_tactic_jaccard"": 0.0, ""mitigation_overlap"": 0.041237113402061855}"
T1218.015,CWE-531,0.1752,boost_common_term:applications,"{""title_sim"": 0.35294117647058826, ""desc_sim"": 0.039736420616917845, ""kw_tactic_jaccard"": 0.0, ""mitigation_overlap"": 0.037037037037037035}"
T1562.012,CWE-15,0.2255,boost_common_term:system,"{""title_sim"": 0.5057471264367817, ""desc_sim"": 0.06272174307647704, ""kw_tactic_jaccard"": 0.0, ""mitigation_overlap"": 0.024793388429752067}"
T1562.012,CWE-455,0.2004,boost_common_term:modify,"{""title_sim"": 0.4057971014492754, ""desc_sim"": 0.06278454131930836, ""kw_tactic_jaccard"": 0.0, ""mitigation_overlap"": 0.04895104895104895}"
T1562.012,CWE-341,0.2003,boost_common_term:system,"{""title_sim"": 0.4057971014492754, ""desc_sim"": 0.06327018580256642, ""kw_tactic_jaccard"": 0.0, ""mitigation_overlap"": 0.048}"
T1207,CWE-830,0.1742,boost_common_term:domain,"{""title_sim"": 0.3076923076923077, ""desc_sim"": 0.07888885131687756, ""kw_tactic_jaccard"": 0.0, ""mitigation_overlap"": 0.04132231404958678}"
T1207,CWE-413,0.1726,,"{""title_sim"": 0.5416666666666666, ""desc_sim"": 0.022190314286602477, ""kw_tactic_jaccard"": 0.0, ""mitigation_overlap"": 0.017094017094017096}"
T1207,CWE-1315,0.1698,boost_common_term:controller,"{""title_sim"": 0.3370786516853933, ""desc_sim"": 0.050960434443765926, ""kw_tactic_jaccard"": 0.0, ""mitigation_overlap"": 0.017094017094017096}"
T1553.006,CWE-561,0.2798,boost_common_term:code;boost_subtech_title_match,"{""title_sim"": 0.6153846153846154, ""desc_sim"": 0.042563081735075795, ""kw_tactic_jaccard"": 0.0, ""mitigation_overlap"": 0.012048192771084338}"
T1553.006,CWE-1037,0.2747,boost_subtech_title_match,"{""title_sim"": 0.6938775510204082, ""desc_sim"": 0.0942368134514783, ""kw_tactic_jaccard"": 0.0, ""mitigation_overlap"": 0.04142011834319527}"
T1553.006,CWE-733,0.2698,boost_subtech_title_match,"{""title_sim"": 0.6938775510204082, ""desc_sim"": 0.08173603216219248, ""kw_tactic_jaccard"": 0.0, ""mitigation_overlap"": 0.03550295857988166}"
T1610,CWE-216,0.1856,boost_common_term:container,"{""title_sim"": 0.3692307692307692, ""desc_sim"": 0.07772336541552825, ""kw_tactic_jaccard"": 0.0, ""mitigation_overlap"": 0.007751937984496124}"
T1610,CWE-114,0.1676,,"{""title_sim"": 0.4516129032258065, ""desc_sim"": 0.06994068635236614, ""kw_tactic_jaccard"": 0.0, ""mitigation_overlap"": 0.05555555555555555}"
T1610,CWE-245,0.1612,boost_common_term:container,"{""title_sim"": 0.2941176470588235, ""desc_sim"": 0.057794758275705904, ""kw_tactic_jaccard"": 0.0, ""mitigation_overlap"": 0.028037383177570093}"
T1107,CWE-463,0.3215,boost_common_term:deletion,"{""title_sim"": 0.7619047619047619, ""desc_sim"": 0.12592392866176993, ""kw_tactic_jaccard"": 0.0, ""mitigation_overlap"": 0.02564102564102564}"
T1107,CWE-541,0.2229,boost_common_term:file,"{""title_sim"": 0.4705882352941177, ""desc_sim"": 0.08097294697137429, ""kw_tactic_jaccard"": 0.0, ""mitigation_overlap"": 0.037037037037037035}"
T1107,CWE-378,0.2201,boost_common_term:file,"{""title_sim"": 0.4705882352941177, ""desc_sim"": 0.06462545448798557, ""kw_tactic_jaccard"": 0.0, ""mitigation_overlap"": 0.047619047619047616}"
T1145,CWE-767,0.3099,boost_common_term:private,"{""title_sim"": 0.736842105263158, ""desc_sim"": 0.10832984012389602, ""kw_tactic_jaccard"": 0.0, ""mitigation_overlap"": 0.031914893617021274}"
T1145,CWE-496,0.3037,boost_common_term:private,"{""title_sim"": 0.736842105263158, ""desc_sim"": 0.09468883552067993, ""kw_tactic_jaccard"": 0.0, ""mitigation_overlap"": 0.021052631578947368}"
T1145,CWE-495,0.3011,boost_common_term:private,"{""title_sim"": 0.736842105263158, ""desc_sim"": 0.08068704757586828, ""kw_tactic_jaccard"": 0.0, ""mitigation_overlap"": 0.02912621359223301}"
T1112,CWE-314,0.2633,,"{""title_sim"": 0.6956521739130435, ""desc_sim"": 0.17786445690367744, ""kw_tactic_jaccard"": 0.0, ""mitigation_overlap"": 0.006060606060606061}"
T1112,CWE-368,0.1691,boost_common_term:modify,"{""title_sim"": 0.3404255319148936, ""desc_sim"": 0.04540062039114451, ""kw_tactic_jaccard"": 0.0, ""mitigation_overlap"": 0.016574585635359115}"
T1112,CWE-393,0.1619,boost_common_term:modify,"{""title_sim"": 0.33333333333333326, ""desc_sim"": 0.03597280728475063, ""kw_tactic_jaccard"": 0.0, ""mitigation_overlap"": 0.0055248618784530384}"
T1543.004,CWE-188,0.1663,,"{""title_sim"": 0.5116279069767442, ""desc_sim"": 0.03836369000101456, ""kw_tactic_jaccard"": 0.0, ""mitigation_overlap"": 0.006711409395973154}"
T1543.004,CWE-248,0.1433,,"{""title_sim"": 0.4516129032258065, ""desc_sim"": 0.026205237230664973, ""kw_tactic_jaccard"": 0.0, ""mitigation_overlap"": 0.0}"
T1543.004,CWE-617,0.1390,,"{""title_sim"": 0.4375, ""desc_sim"": 0.025855306851639143, ""kw_tactic_jaccard"": 0.0, ""mitigation_overlap"": 0.0}"
T1580,CWE-1327,0.1986,boost_common_term:cloud,"{""title_sim"": 0.3880597014925373, ""desc_sim"": 0.08827179716870591, ""kw_tactic_jaccard"": 0.0, ""mitigation_overlap"": 0.028735632183908046}"
T1580,CWE-1116,0.1609,,"{""title_sim"": 0.4489795918367347, ""desc_sim"": 0.07202397835794574, ""kw_tactic_jaccard"": 0.0, ""mitigation_overlap"": 0.022988505747126436}"
T1580,CWE-441,0.1586,,"{""title_sim"": 0.3902439024390244, ""desc_sim"": 0.12104765611865156, ""kw_tactic_jaccard"": 0.0, ""mitigation_overlap"": 0.02617801047120419}"
T1555.003,CWE-1391,0.3514,boost_common_term:credentials;boost_subtech_title_match,"{""title_sim"": 0.7307692307692308, ""desc_sim"": 0.1429918990537373, ""kw_tactic_jaccard"": 0.0, ""mitigation_overlap"": 0.046357615894039736}"
T1555.003,CWE-1392,0.3179,boost_common_term:credentials;boost_subtech_title_match,"{""title_sim"": 0.6181818181818182, ""desc_sim"": 0.1523884030890108, ""kw_tactic_jaccard"": 0.0, ""mitigation_overlap"": 0.033783783783783786}"
T1555.003,CWE-798,0.3146,boost_common_term:credentials;boost_subtech_title_match,"{""title_sim"": 0.6551724137931035, ""desc_sim"": 0.10863332676577159, ""kw_tactic_jaccard"": 0.0, ""mitigation_overlap"": 0.0273972602739726}"
T1574.008,CWE-426,0.3371,"boost_common_term:path,search;boost_subtech_title_match","{""title_sim"": 0.6875, ""desc_sim"": 0.1328869070072726, ""kw_tactic_jaccard"": 0.0, ""mitigation_overlap"": 0.05511811023622047}"
T1574.008,CWE-427,0.2525,"boost_common_term:path,search","{""title_sim"": 0.5333333333333333, ""desc_sim"": 0.12169040527846131, ""kw_tactic_jaccard"": 0.0, ""mitigation_overlap"": 0.03007518796992481}"
T1574.008,CWE-428,0.2485,"boost_common_term:path,search","{""title_sim"": 0.5238095238095238, ""desc_sim"": 0.1023649664598588, ""kw_tactic_jaccard"": 0.0, ""mitigation_overlap"": 0.05343511450381679}"
T1491,CWE-833,0.1398,,"{""title_sim"": 0.4444444444444444, ""desc_sim"": 0.021618582575289653, ""kw_tactic_jaccard"": 0.0, ""mitigation_overlap"": 0.0}"
T1491,CWE-276,0.1330,,"{""title_sim"": 0.4102564102564103, ""desc_sim"": 0.020388866172665204, ""kw_tactic_jaccard"": 0.0, ""mitigation_overlap"": 0.018867924528301886}"
T1491,CWE-459,0.1322,,"{""title_sim"": 0.42857142857142855, ""desc_sim"": 0.01223491859219934, ""kw_tactic_jaccard"": 0.0, ""mitigation_overlap"": 0.0}"
T1535,CWE-1251,0.2740,boost_common_term:regions,"{""title_sim"": 0.42857142857142855, ""desc_sim"": 0.30547626431175895, ""kw_tactic_jaccard"": 0.0, ""mitigation_overlap"": 0.018691588785046728}"
T1535,CWE-1257,0.2292,boost_common_term:regions,"{""title_sim"": 0.39603960396039606, ""desc_sim"": 0.17902378193660937, ""kw_tactic_jaccard"": 0.0, ""mitigation_overlap"": 0.03361344537815126}"
T1535,CWE-107,0.2197,boost_common_term:unused,"{""title_sim"": 0.3548387096774194, ""desc_sim"": 0.19777845134930008, ""kw_tactic_jaccard"": 0.0, ""mitigation_overlap"": 0.019417475728155338}"
T1557.003,CWE-290,0.3331,boost_common_term:spoofing;boost_subtech_title_match,"{""title_sim"": 0.7619047619047619, ""desc_sim"": 0.0729056419026794, ""kw_tactic_jaccard"": 0.0, ""mitigation_overlap"": 0.013157894736842105}"
T1557.003,CWE-667,0.1315,,"{""title_sim"": 0.41379310344827586, ""desc_sim"": 0.02446966480406783, ""kw_tactic_jaccard"": 0.0, ""mitigation_overlap"": 0.0}"
T1557.003,CWE-1176,0.1303,,"{""title_sim"": 0.4, ""desc_sim"": 0.030126249674779115, ""kw_tactic_jaccard"": 0.0, ""mitigation_overlap"": 0.006329113924050633}"
T1155,CWE-662,0.1567,,"{""title_sim"": 0.45714285714285713, ""desc_sim"": 0.0429814875774929, ""kw_tactic_jaccard"": 0.0, ""mitigation_overlap"": 0.03333333333333333}"
T1155,CWE-707,0.1271,,"{""title_sim"": 0.35294117647058826, ""desc_sim"": 0.05910914239578076, ""kw_tactic_jaccard"": 0.0, ""mitigation_overlap"": 0.017543859649122806}"
T1155,CWE-170,0.1242,,"{""title_sim"": 0.38888888888888884, ""desc_sim"": 0.025079746271934378, ""kw_tactic_jaccard"": 0.0, ""mitigation_overlap"": 0.0}"
T1563,CWE-384,0.3130,boost_common_term:session,"{""title_sim"": 0.6086956521739131, ""desc_sim"": 0.2351192450050675, ""kw_tactic_jaccard"": 0.0, ""mitigation_overlap"": 0.04938271604938271}"
T1563,CWE-613,0.2692,boost_common_term:session,"{""title_sim"": 0.5079365079365079, ""desc_sim"": 0.19773377812440904, ""kw_tactic_jaccard"": 0.0, ""mitigation_overlap"": 0.0375}"
T1563,CWE-1088,0.2027,boost_common_term:remote,"{""title_sim"": 0.4235294117647059, ""desc_sim"": 0.07691409154955972, ""kw_tactic_jaccard"": 0.0, ""mitigation_overlap"": 0.01282051282051282}"
T1564.013,CWE-605,0.2051,boost_common_term:bind,"{""title_sim"": 0.38095238095238093, ""desc_sim"": 0.101261218371282, ""kw_tactic_jaccard"": 0.0, ""mitigation_overlap"": 0.052083333333333336}"
T1564.013,CWE-1386,0.1369,,"{""title_sim"": 0.2857142857142857, ""desc_sim"": 0.1450891311438351, ""kw_tactic_jaccard"": 0.0, ""mitigation_overlap"": 0.0380952380952381}"
T1564.013,CWE-506,0.1356,,"{""title_sim"": 0.35294117647058826, ""desc_sim"": 0.07720482617420349, ""kw_tactic_jaccard"": 0.0, ""mitigation_overlap"": 0.03260869565217391}"
T1027.001,CWE-912,0.1670,,"{""title_sim"": 0.4705882352941177, ""desc_sim"": 0.06611337898590884, ""kw_tactic_jaccard"": 0.0, ""mitigation_overlap"": 0.0297029702970297}"
T1027.001,CWE-468,0.1563,,"{""title_sim"": 0.4102564102564103, ""desc_sim"": 0.09747921968984202, ""kw_tactic_jaccard"": 0.0, ""mitigation_overlap"": 0.02}"
T1027.001,CWE-501,0.1552,,"{""title_sim"": 0.4736842105263158, ""desc_sim"": 0.03669178604497429, ""kw_tactic_jaccard"": 0.0, ""mitigation_overlap"": 0.010416666666666666}"
T1505.003,CWE-553,0.4067,"boost_common_term:shell,web;boost_subtech_title_match","{""title_sim"": 0.7142857142857143, ""desc_sim"": 0.3092963513120583, ""kw_tactic_jaccard"": 0.0, ""mitigation_overlap"": 0.09836065573770492}"
T1505.003,CWE-535,0.3568,"boost_common_term:shell,web;boost_subtech_title_match","{""title_sim"": 0.7142857142857143, ""desc_sim"": 0.17121664534657707, ""kw_tactic_jaccard"": 0.0, ""mitigation_overlap"": 0.05555555555555555}"
T1505.003,CWE-433,0.2712,boost_common_term:web,"{""title_sim"": 0.5, ""desc_sim"": 0.20494978546215703, ""kw_tactic_jaccard"": 0.0, ""mitigation_overlap"": 0.04838709677419355}"
T1484.001,CWE-473,0.2903,boost_common_term:modification;boost_subtech_title_match,"{""title_sim"": 0.6486486486486487, ""desc_sim"": 0.03246733637916017, ""kw_tactic_jaccard"": 0.0, ""mitigation_overlap"": 0.02976190476190476}"
T1484.001,CWE-217,0.2405,boost_subtech_title_match,"{""title_sim"": 0.6486486486486487, ""desc_sim"": 0.040789982645312604, ""kw_tactic_jaccard"": 0.0, ""mitigation_overlap"": 0.018404907975460124}"
T1484.001,CWE-1321,0.2398,boost_subtech_title_match,"{""title_sim"": 0.6486486486486487, ""desc_sim"": 0.03833546951432321, ""kw_tactic_jaccard"": 0.0, ""mitigation_overlap"": 0.018292682926829267}"
T1217,CWE-525,0.2717,,"{""title_sim"": 0.7916666666666667, ""desc_sim"": 0.10041407864118665, ""kw_tactic_jaccard"": 0.0, ""mitigation_overlap"": 0.020202020202020204}"
T1217,CWE-221,0.2682,boost_common_term:information,"{""title_sim"": 0.6666666666666665, ""desc_sim"": 0.05355600992370798, ""kw_tactic_jaccard"": 0.0, ""mitigation_overlap"": 0.010416666666666666}"
T1217,CWE-213,0.2607,boost_common_term:information,"{""title_sim"": 0.55, ""desc_sim"": 0.11996076610408543, ""kw_tactic_jaccard"": 0.0, ""mitigation_overlap"": 0.04854368932038835}"
T1552.004,CWE-767,0.3414,boost_common_term:private;boost_subtech_title_match,"{""title_sim"": 0.736842105263158, ""desc_sim"": 0.12386451357590375, ""kw_tactic_jaccard"": 0.0, ""mitigation_overlap"": 0.015873015873015872}"
T1552.004,CWE-496,0.3400,boost_common_term:private;boost_subtech_title_match,"{""title_sim"": 0.736842105263158, ""desc_sim"": 0.11398163351197713, ""kw_tactic_jaccard"": 0.0, ""mitigation_overlap"": 0.024}"
T1552.004,CWE-495,0.3302,boost_common_term:private;boost_subtech_title_match,"{""title_sim"": 0.736842105263158, ""desc_sim"": 0.08714260040827926, ""kw_tactic_jaccard"": 0.0, ""mitigation_overlap"": 0.014814814814814815}"
T1583.004,CWE-650,0.3994,boost_common_term:server;boost_subtech_title_match,"{""title_sim"": 1.0, ""desc_sim"": 0.04354629944839782, ""kw_tactic_jaccard"": 0.0, ""mitigation_overlap"": 0.031746031746031744}"
T1583.004,CWE-533,0.3350,boost_subtech_title_match,"{""title_sim"": 1.0, ""desc_sim"": 0.01663183961069446, ""kw_tactic_jaccard"": 0.0, ""mitigation_overlap"": 0.0}"
T1583.004,CWE-512,0.1559,,"{""title_sim"": 0.4615384615384615, ""desc_sim"": 0.03529141864928163, ""kw_tactic_jaccard"": 0.0, ""mitigation_overlap"": 0.034482758620689655}"
T1021.006,CWE-762,0.2488,boost_subtech_title_match,"{""title_sim"": 0.6451612903225806, ""desc_sim"": 0.05607988357909748, ""kw_tactic_jaccard"": 0.0, ""mitigation_overlap"": 0.04225352112676056}"
T1021.006,CWE-245,0.2455,boost_common_term:management,"{""title_sim"": 0.5714285714285715, ""desc_sim"": 0.05955953136766995, ""kw_tactic_jaccard"": 0.0, ""mitigation_overlap"": 0.03076923076923077}"
T1021.006,CWE-1065,0.2434,boost_common_term:management,"{""title_sim"": 0.5714285714285715, ""desc_sim"": 0.06403841767052311, ""kw_tactic_jaccard"": 0.0, ""mitigation_overlap"": 0.013888888888888888}"
T1011.001,CWE-1420,0.2121,boost_common_term:over,"{""title_sim"": 0.3908045977011494, ""desc_sim"": 0.10019270222547404, ""kw_tactic_jaccard"": 0.0, ""mitigation_overlap"": 0.07407407407407407}"
T1011.001,CWE-638,0.1948,boost_common_term:over,"{""title_sim"": 0.4, ""desc_sim"": 0.05004148668536367, ""kw_tactic_jaccard"": 0.0, ""mitigation_overlap"": 0.04918032786885246}"
T1011.001,CWE-1422,0.1846,boost_common_term:over,"{""title_sim"": 0.2926829268292683, ""desc_sim"": 0.10668317788801303, ""kw_tactic_jaccard"": 0.0, ""mitigation_overlap"": 0.07407407407407407}"
T1078.001,CWE-1392,0.3189,boost_common_term:default;boost_subtech_title_match,"{""title_sim"": 0.6086956521739131, ""desc_sim"": 0.16942847792148225, ""kw_tactic_jaccard"": 0.0, ""mitigation_overlap"": 0.027210884353741496}"
T1078.001,CWE-1393,0.3145,boost_common_term:default;boost_subtech_title_match,"{""title_sim"": 0.6086956521739131, ""desc_sim"": 0.1685498681209601, ""kw_tactic_jaccard"": 0.0, ""mitigation_overlap"": 0.00684931506849315}"
T1078.001,CWE-1188,0.3128,boost_common_term:default;boost_subtech_title_match,"{""title_sim"": 0.6086956521739131, ""desc_sim"": 0.14932005045479269, ""kw_tactic_jaccard"": 0.0, ""mitigation_overlap"": 0.02702702702702703}"
T1547.003,CWE-511,0.2152,boost_common_term:time,"{""title_sim"": 0.41379310344827586, ""desc_sim"": 0.11691769997975422, ""kw_tactic_jaccard"": 0.0, ""mitigation_overlap"": 0.0297029702970297}"
T1547.003,CWE-385,0.2123,boost_common_term:time,"{""title_sim"": 0.45714285714285713, ""desc_sim"": 0.06453109299238974, ""kw_tactic_jaccard"": 0.0, ""mitigation_overlap"": 0.028846153846153848}"
T1547.003,CWE-662,0.1708,boost_common_term:time,"{""title_sim"": 0.31578947368421056, ""desc_sim"": 0.06336011380367551, ""kw_tactic_jaccard"": 0.0, ""mitigation_overlap"": 0.03508771929824561}"
T1183,CWE-1319,0.2366,boost_common_term:injection,"{""title_sim"": 0.5523809523809524, ""desc_sim"": 0.052035445502829576, ""kw_tactic_jaccard"": 0.0, ""mitigation_overlap"": 0.02631578947368421}"
T1183,CWE-541,0.2212,boost_common_term:file,"{""title_sim"": 0.5054945054945055, ""desc_sim"": 0.052045757363343374, ""kw_tactic_jaccard"": 0.0, ""mitigation_overlap"": 0.01948051948051948}"
T1183,CWE-378,0.2071,boost_common_term:file,"{""title_sim"": 0.4888888888888889, ""desc_sim"": 0.022086294776113777, ""kw_tactic_jaccard"": 0.0, ""mitigation_overlap"": 0.0189873417721519}"
T1085,CWE-674,0.1198,,"{""title_sim"": 0.33333333333333326, ""desc_sim"": 0.03001637611044357, ""kw_tactic_jaccard"": 0.0, ""mitigation_overlap"": 0.053763440860215055}"
T1085,CWE-252,0.1082,,"{""title_sim"": 0.33333333333333326, ""desc_sim"": 0.013070915880045376, ""kw_tactic_jaccard"": 0.0, ""mitigation_overlap"": 0.021505376344086023}"
T1085,CWE-1041,0.0983,,"{""title_sim"": 0.2758620689655173, ""desc_sim"": 0.029293842440317113, ""kw_tactic_jaccard"": 0.0, ""mitigation_overlap"": 0.033707865168539325}"
T1031,CWE-651,0.2004,boost_common_term:service,"{""title_sim"": 0.33766233766233766, ""desc_sim"": 0.1141595551989737, ""kw_tactic_jaccard"": 0.0, ""mitigation_overlap"": 0.07446808510638298}"
T1031,CWE-1061,0.1996,boost_common_term:modify,"{""title_sim"": 0.40816326530612246, ""desc_sim"": 0.06260424874620873, ""kw_tactic_jaccard"": 0.0, ""mitigation_overlap"": 0.041666666666666664}"
T1031,CWE-384,0.1975,boost_common_term:existing,"{""title_sim"": 0.4102564102564103, ""desc_sim"": 0.06607877991590477, ""kw_tactic_jaccard"": 0.0, ""mitigation_overlap"": 0.022988505747126436}"
T1546.005,CWE-510,0.2528,boost_subtech_title_match,"{""title_sim"": 0.6666666666666665, ""desc_sim"": 0.037930726424854684, ""kw_tactic_jaccard"": 0.0, ""mitigation_overlap"": 0.05714285714285714}"
T1546.005,CWE-507,0.1238,,"{""title_sim"": 0.375, ""desc_sim"": 0.019473850880641658, ""kw_tactic_jaccard"": 0.0, ""mitigation_overlap"": 0.0273972602739726}"
T1546.005,CWE-128,0.0886,,"{""title_sim"": 0.2857142857142857, ""desc_sim"": 0.009533610442602895, ""kw_tactic_jaccard"": 0.0, ""mitigation_overlap"": 0.0}"
T1574.006,CWE-627,0.2010,,"{""title_sim"": 0.5490196078431372, ""desc_sim"": 0.10926065406946459, ""kw_tactic_jaccard"": 0.0, ""mitigation_overlap"": 0.01744186046511628}"
T1574.006,CWE-564,0.1782,boost_common_term:dynamic,"{""title_sim"": 0.375, ""desc_sim"": 0.044452948324841084, ""kw_tactic_jaccard"": 0.0, ""mitigation_overlap"": 0.011695906432748537}"
T1574.006,CWE-545,0.1531,,"{""title_sim"": 0.4516129032258065, ""desc_sim"": 0.047145532145191155, ""kw_tactic_jaccard"": 0.0, ""mitigation_overlap"": 0.017241379310344827}"
T1136.001,CWE-645,0.3275,boost_common_term:account;boost_subtech_title_match,"{""title_sim"": 0.7, ""desc_sim"": 0.0965660641228604, ""kw_tactic_jaccard"": 0.0, ""mitigation_overlap"": 0.042735042735042736}"
T1136.001,CWE-1263,0.1662,,"{""title_sim"": 0.4888888888888889, ""desc_sim"": 0.05336036424990029, ""kw_tactic_jaccard"": 0.0, ""mitigation_overlap"": 0.017699115044247787}"
T1136.001,CWE-468,0.1629,,"{""title_sim"": 0.4736842105263158, ""desc_sim"": 0.057179031092238146, ""kw_tactic_jaccard"": 0.0, ""mitigation_overlap"": 0.01818181818181818}"
T1681,CWE-426,0.2509,boost_common_term:search,"{""title_sim"": 0.6086956521739131, ""desc_sim"": 0.038256993007454956, ""kw_tactic_jaccard"": 0.0, ""mitigation_overlap"": 0.03418803418803419}"
T1681,CWE-428,0.2413,boost_common_term:search,"{""title_sim"": 0.5714285714285715, ""desc_sim"": 0.044277576995060186, ""kw_tactic_jaccard"": 0.0, ""mitigation_overlap"": 0.03305785123966942}"
T1681,CWE-427,0.2402,boost_common_term:search,"{""title_sim"": 0.5263157894736842, ""desc_sim"": 0.08536133306333887, ""kw_tactic_jaccard"": 0.0, ""mitigation_overlap"": 0.03333333333333333}"
T1674,CWE-1319,0.2914,boost_common_term:injection,"{""title_sim"": 0.75, ""desc_sim"": 0.054626936133586594, ""kw_tactic_jaccard"": 0.0, ""mitigation_overlap"": 0.0}"
T1674,CWE-91,0.2475,,"{""title_sim"": 0.75, ""desc_sim"": 0.057307119639875226, ""kw_tactic_jaccard"": 0.0, ""mitigation_overlap"": 0.02654867256637168}"
T1674,CWE-20,0.2475,boost_common_term:input,"{""title_sim"": 0.6, ""desc_sim"": 0.052248356903181456, ""kw_tactic_jaccard"": 0.0, ""mitigation_overlap"": 0.008928571428571428}"
T1092,CWE-940,0.2269,boost_common_term:communication,"{""title_sim"": 0.52, ""desc_sim"": 0.0494751313390997, ""kw_tactic_jaccard"": 0.0, ""mitigation_overlap"": 0.030303030303030304}"
T1092,CWE-924,0.2259,boost_common_term:communication,"{""title_sim"": 0.52, ""desc_sim"": 0.04512193779174823, ""kw_tactic_jaccard"": 0.0, ""mitigation_overlap"": 0.031746031746031744}"
T1092,CWE-923,0.2221,boost_common_term:communication,"{""title_sim"": 0.52, ""desc_sim"": 0.043259866425101344, ""kw_tactic_jaccard"": 0.0, ""mitigation_overlap"": 0.015625}"
T1070.001,CWE-778,0.2623,boost_common_term:event,"{""title_sim"": 0.40909090909090906, ""desc_sim"": 0.28512619528298894, ""kw_tactic_jaccard"": 0.0, ""mitigation_overlap"": 0.02040816326530612}"
T1070.001,CWE-360,0.2606,boost_common_term:event,"{""title_sim"": 0.44, ""desc_sim"": 0.23960436240604946, ""kw_tactic_jaccard"": 0.0, ""mitigation_overlap"": 0.033707865168539325}"
T1070.001,CWE-779,0.2496,boost_common_term:logs,"{""title_sim"": 0.4897959183673469, ""desc_sim"": 0.14163901338616602, ""kw_tactic_jaccard"": 0.0, ""mitigation_overlap"": 0.05102040816326531}"
T1585.002,CWE-645,0.1870,boost_common_term:accounts,"{""title_sim"": 0.3793103448275862, ""desc_sim"": 0.0485413879583059, ""kw_tactic_jaccard"": 0.0, ""mitigation_overlap"": 0.043010752688172046}"
T1585.002,CWE-797,0.1426,boost_common_term:accounts,"{""title_sim"": 0.26086956521739124, ""desc_sim"": 0.026748075504008956, ""kw_tactic_jaccard"": 0.0, ""mitigation_overlap"": 0.031578947368421054}"
T1585.002,CWE-468,0.1424,,"{""title_sim"": 0.4102564102564103, ""desc_sim"": 0.04883695803284248, ""kw_tactic_jaccard"": 0.0, ""mitigation_overlap"": 0.023529411764705882}"
T1557.001,CWE-257,0.1428,,"{""title_sim"": 0.33766233766233766, ""desc_sim"": 0.08912824588137047, ""kw_tactic_jaccard"": 0.0, ""mitigation_overlap"": 0.07368421052631578}"
T1557.001,CWE-486,0.1379,,"{""title_sim"": 0.3076923076923077, ""desc_sim"": 0.12434516528215016, ""kw_tactic_jaccard"": 0.0, ""mitigation_overlap"": 0.04142011834319527}"
T1557.001,CWE-350,0.1304,,"{""title_sim"": 0.31683168316831684, ""desc_sim"": 0.09899899265213016, ""kw_tactic_jaccard"": 0.0, ""mitigation_overlap"": 0.028409090909090908}"
T1222,CWE-379,0.3395,"boost_common_term:directory,file,permissions","{""title_sim"": 0.7536231884057972, ""desc_sim"": 0.190934117525493, ""kw_tactic_jaccard"": 0.0, ""mitigation_overlap"": 0.03076923076923077}"
T1222,CWE-281,0.2729,boost_common_term:permissions,"{""title_sim"": 0.5822784810126582, ""desc_sim"": 0.1458723187069496, ""kw_tactic_jaccard"": 0.0, ""mitigation_overlap"": 0.022058823529411766}"
T1222,CWE-276,0.2660,"boost_common_term:file,permissions","{""title_sim"": 0.5555555555555556, ""desc_sim"": 0.14318758691368, ""kw_tactic_jaccard"": 0.0, ""mitigation_overlap"": 0.032}"
T1003.001,CWE-1282,0.3231,boost_common_term:memory;boost_subtech_title_match,"{""title_sim"": 0.6666666666666665, ""desc_sim"": 0.12358298528758616, ""kw_tactic_jaccard"": 0.0, ""mitigation_overlap"": 0.03015075376884422}"
T1003.001,CWE-1330,0.3132,boost_common_term:memory;boost_subtech_title_match,"{""title_sim"": 0.6666666666666665, ""desc_sim"": 0.10043131542028814, ""kw_tactic_jaccard"": 0.0, ""mitigation_overlap"": 0.015384615384615385}"
T1003.001,CWE-591,0.3129,boost_common_term:memory;boost_subtech_title_match,"{""title_sim"": 0.6666666666666665, ""desc_sim"": 0.09358099275489185, ""kw_tactic_jaccard"": 0.0, ""mitigation_overlap"": 0.023923444976076555}"
T1053.001,CWE-62,0.1066,,"{""title_sim"": 0.33333333333333326, ""desc_sim"": 0.021948663703839223, ""kw_tactic_jaccard"": 0.0, ""mitigation_overlap"": 0.0}"
T1053.001,CWE-65,0.0942,,"{""title_sim"": 0.29629629629629634, ""desc_sim"": 0.017790575916813753, ""kw_tactic_jaccard"": 0.0, ""mitigation_overlap"": 0.0}"
T1053.001,CWE-572,0.0932,,"{""title_sim"": 0.2448979591836735, ""desc_sim"": 0.057736568310287346, ""kw_tactic_jaccard"": 0.0, ""mitigation_overlap"": 0.011904761904761904}"
T1176.002,CWE-194,0.1802,,"{""title_sim"": 0.5128205128205129, ""desc_sim"": 0.07077564036469944, ""kw_tactic_jaccard"": 0.0, ""mitigation_overlap"": 0.02564102564102564}"
T1176.002,CWE-384,0.1433,,"{""title_sim"": 0.4666666666666666, ""desc_sim"": 0.011087716507406151, ""kw_tactic_jaccard"": 0.0, ""mitigation_overlap"": 0.0}"
T1176.002,CWE-1390,0.1417,,"{""title_sim"": 0.4242424242424242, ""desc_sim"": 0.03630651494958469, ""kw_tactic_jaccard"": 0.0, ""mitigation_overlap"": 0.017857142857142856}"
T1179,CWE-667,0.1643,,"{""title_sim"": 0.5217391304347826, ""desc_sim"": 0.021523346069775007, ""kw_tactic_jaccard"": 0.0, ""mitigation_overlap"": 0.00641025641025641}"
T1179,CWE-507,0.1434,,"{""title_sim"": 0.4210526315789474, ""desc_sim"": 0.031934140543239314, ""kw_tactic_jaccard"": 0.0, ""mitigation_overlap"": 0.03773584905660377}"
T1179,CWE-609,0.1292,,"{""title_sim"": 0.41379310344827586, ""desc_sim"": 0.012431941435894475, ""kw_tactic_jaccard"": 0.0, ""mitigation_overlap"": 0.0064516129032258064}"
T1595,CWE-489,0.2002,,"{""title_sim"": 0.5714285714285715, ""desc_sim"": 0.0959766921588923, ""kw_tactic_jaccard"": 0.0, ""mitigation_overlap"": 0.0}"
T1595,CWE-771,0.1863,,"{""title_sim"": 0.5714285714285715, ""desc_sim"": 0.0360833763108187, ""kw_tactic_jaccard"": 0.0, ""mitigation_overlap"": 0.02040816326530612}"
T1595,CWE-773,0.1851,,"{""title_sim"": 0.5714285714285715, ""desc_sim"": 0.031784318533924265, ""kw_tactic_jaccard"": 0.0, ""mitigation_overlap"": 0.020618556701030927}"
T1027.016,CWE-215,0.3784,boost_common_term:code;boost_subtech_title_match,"{""title_sim"": 0.8484848484848484, ""desc_sim"": 0.1318689524604587, ""kw_tactic_jaccard"": 0.0, ""mitigation_overlap"": 0.02127659574468085}"
T1027.016,CWE-561,0.3649,boost_common_term:code;boost_subtech_title_match,"{""title_sim"": 0.6153846153846154, ""desc_sim"": 0.3192083867066686, ""kw_tactic_jaccard"": 0.0, ""mitigation_overlap"": 0.022727272727272728}"
T1027.016,CWE-201,0.3069,boost_common_term:code;boost_subtech_title_match,"{""title_sim"": 0.6428571428571428, ""desc_sim"": 0.09208060520490678, ""kw_tactic_jaccard"": 0.0, ""mitigation_overlap"": 0.031914893617021274}"
T1547.011,CWE-473,0.3374,boost_common_term:modification;boost_subtech_title_match,"{""title_sim"": 0.8, ""desc_sim"": 0.046866752970616876, ""kw_tactic_jaccard"": 0.0, ""mitigation_overlap"": 0.016666666666666666}"
T1547.011,CWE-915,0.2862,boost_subtech_title_match,"{""title_sim"": 0.8, ""desc_sim"": 0.03689668641402772, ""kw_tactic_jaccard"": 0.0, ""mitigation_overlap"": 0.02564102564102564}"
T1547.011,CWE-217,0.2826,boost_subtech_title_match,"{""title_sim"": 0.8, ""desc_sim"": 0.036141449201501315, ""kw_tactic_jaccard"": 0.0, ""mitigation_overlap"": 0.008771929824561403}"
T1548,CWE-693,0.2566,boost_common_term:mechanism,"{""title_sim"": 0.6557377049180328, ""desc_sim"": 0.023632243876555274, ""kw_tactic_jaccard"": 0.0, ""mitigation_overlap"": 0.014084507042253521}"
T1548,CWE-921,0.2397,,"{""title_sim"": 0.68, ""desc_sim"": 0.09935335050804042, ""kw_tactic_jaccard"": 0.0, ""mitigation_overlap"": 0.029411764705882353}"
T1548,CWE-645,0.2371,boost_common_term:mechanism,"{""title_sim"": 0.5454545454545454, ""desc_sim"": 0.061061899547865284, ""kw_tactic_jaccard"": 0.0, ""mitigation_overlap"": 0.02564102564102564}"
T1134.002,CWE-114,0.2323,boost_subtech_title_match,"{""title_sim"": 0.6363636363636364, ""desc_sim"": 0.029374811320540397, ""kw_tactic_jaccard"": 0.0, ""mitigation_overlap"": 0.012987012987012988}"
T1134.002,CWE-1259,0.2300,boost_common_term:token,"{""title_sim"": 0.4324324324324324, ""desc_sim"": 0.15083980132058053, ""kw_tactic_jaccard"": 0.0, ""mitigation_overlap"": 0.025}"
T1134.002,CWE-1270,0.2154,boost_common_term:token,"{""title_sim"": 0.4375, ""desc_sim"": 0.0971300170924295, ""kw_tactic_jaccard"": 0.0, ""mitigation_overlap"": 0.025}"
T1548.001,CWE-384,0.1461,,"{""title_sim"": 0.4242424242424242, ""desc_sim"": 0.054936890962359736, ""kw_tactic_jaccard"": 0.0, ""mitigation_overlap"": 0.011834319526627219}"
T1548.001,CWE-515,0.1456,,"{""title_sim"": 0.3076923076923077, ""desc_sim"": 0.16247266514992637, ""kw_tactic_jaccard"": 0.0, ""mitigation_overlap"": 0.022988505747126436}"
T1548.001,CWE-1209,0.1430,,"{""title_sim"": 0.2448979591836735, ""desc_sim"": 0.19503383029381668, ""kw_tactic_jaccard"": 0.0, ""mitigation_overlap"": 0.054945054945054944}"
T1547.004,CWE-67,0.1497,,"{""title_sim"": 0.43333333333333335, ""desc_sim"": 0.0418030395426257, ""kw_tactic_jaccard"": 0.0, ""mitigation_overlap"": 0.03571428571428571}"
T1547.004,CWE-430,0.1463,,"{""title_sim"": 0.4782608695652174, ""desc_sim"": 0.009484403123060831, ""kw_tactic_jaccard"": 0.0, ""mitigation_overlap"": 0.0}"
T1547.004,CWE-431,0.1422,,"{""title_sim"": 0.4705882352941177, ""desc_sim"": 0.0034578092283372693, ""kw_tactic_jaccard"": 0.0, ""mitigation_overlap"": 0.0}"
T1019,CWE-1277,0.3385,boost_common_term:firmware,"{""title_sim"": 0.6956521739130435, ""desc_sim"": 0.23277609213528752, ""kw_tactic_jaccard"": 0.0, ""mitigation_overlap"": 0.05}"
T1019,CWE-1276,0.2539,boost_common_term:system,"{""title_sim"": 0.5714285714285715, ""desc_sim"": 0.07126810268894632, ""kw_tactic_jaccard"": 0.0, ""mitigation_overlap"": 0.05555555555555555}"
T1019,CWE-1249,0.2522,boost_common_term:system,"{""title_sim"": 0.5714285714285715, ""desc_sim"": 0.06270764667324785, ""kw_tactic_jaccard"": 0.0, ""mitigation_overlap"": 0.05970149253731343}"
T1021.003,CWE-595,0.2511,boost_common_term:object,"{""title_sim"": 0.5609756097560975, ""desc_sim"": 0.10094417477052207, ""kw_tactic_jaccard"": 0.0, ""mitigation_overlap"": 0.012738853503184714}"
T1021.003,CWE-1083,0.2236,boost_common_term:component,"{""title_sim"": 0.49411764705882355, ""desc_sim"": 0.05567550306765749, ""kw_tactic_jaccard"": 0.0, ""mitigation_overlap"": 0.043209876543209874}"
T1021.003,CWE-437,0.2210,boost_common_term:model,"{""title_sim"": 0.4788732394366197, ""desc_sim"": 0.07154620022227338, ""kw_tactic_jaccard"": 0.0, ""mitigation_overlap"": 0.029585798816568046}"
T1042,CWE-453,0.2441,boost_common_term:default,"{""title_sim"": 0.5915492957746479, ""desc_sim"": 0.04777438115203858, ""kw_tactic_jaccard"": 0.0, ""mitigation_overlap"": 0.011494252873563218}"
T1042,CWE-1236,0.2260,boost_common_term:file,"{""title_sim"": 0.40909090909090906, ""desc_sim"": 0.1431448849673837, ""kw_tactic_jaccard"": 0.0, ""mitigation_overlap"": 0.05154639175257732}"
T1042,CWE-1393,0.2258,boost_common_term:default,"{""title_sim"": 0.5185185185185186, ""desc_sim"": 0.05937123981874834, ""kw_tactic_jaccard"": 0.0, ""mitigation_overlap"": 0.012048192771084338}"
T1117,CWE-514,0.1022,,"{""title_sim"": 0.27272727272727265, ""desc_sim"": 0.046472605953192206, ""kw_tactic_jaccard"": 0.0, ""mitigation_overlap"": 0.032}"
T1117,CWE-918,0.1000,,"{""title_sim"": 0.2380952380952381, ""desc_sim"": 0.059451811910988875, ""kw_tactic_jaccard"": 0.0, ""mitigation_overlap"": 0.05384615384615385}"
T1117,CWE-283,0.0981,,"{""title_sim"": 0.2857142857142857, ""desc_sim"": 0.025034741532004433, ""kw_tactic_jaccard"": 0.0, ""mitigation_overlap"": 0.024193548387096774}"
T1110.003,CWE-620,0.3052,boost_common_term:password;boost_subtech_title_match,"{""title_sim"": 0.64, ""desc_sim"": 0.100855461842535, ""kw_tactic_jaccard"": 0.0, ""mitigation_overlap"": 0.014492753623188406}"
T1110.003,CWE-261,0.3048,boost_common_term:password;boost_subtech_title_match,"{""title_sim"": 0.64, ""desc_sim"": 0.104267929516411, ""kw_tactic_jaccard"": 0.0, ""mitigation_overlap"": 0.007575757575757576}"
T1110.003,CWE-640,0.3022,boost_common_term:password;boost_subtech_title_match,"{""title_sim"": 0.64, ""desc_sim"": 0.09107608001731145, ""kw_tactic_jaccard"": 0.0, ""mitigation_overlap"": 0.014598540145985401}"
T1090.002,CWE-473,0.3355,boost_common_term:external;boost_subtech_title_match,"{""title_sim"": 0.7272727272727272, ""desc_sim"": 0.09361031509520415, ""kw_tactic_jaccard"": 0.0, ""mitigation_overlap"": 0.046296296296296294}"
T1090.002,CWE-673,0.3292,boost_common_term:external;boost_subtech_title_match,"{""title_sim"": 0.7272727272727272, ""desc_sim"": 0.08958689620395445, ""kw_tactic_jaccard"": 0.0, ""mitigation_overlap"": 0.020833333333333332}"
T1090.002,CWE-73,0.2811,boost_subtech_title_match,"{""title_sim"": 0.7272727272727272, ""desc_sim"": 0.08261067335094868, ""kw_tactic_jaccard"": 0.0, ""mitigation_overlap"": 0.04081632653061224}"
T1056.003,CWE-830,0.1901,boost_common_term:web,"{""title_sim"": 0.3561643835616438, ""desc_sim"": 0.08446271797646572, ""kw_tactic_jaccard"": 0.0, ""mitigation_overlap"": 0.039473684210526314}"
T1056.003,CWE-433,0.1866,boost_common_term:web,"{""title_sim"": 0.3921568627450981, ""desc_sim"": 0.0452011397414466, ""kw_tactic_jaccard"": 0.0, ""mitigation_overlap"": 0.02702702702702703}"
T1056.003,CWE-472,0.1854,boost_common_term:web,"{""title_sim"": 0.34782608695652173, ""desc_sim"": 0.07682668374930683, ""kw_tactic_jaccard"": 0.0, ""mitigation_overlap"": 0.04}"
T1589.002,CWE-562,0.1546,,"{""title_sim"": 0.5106382978723404, ""desc_sim"": 0.004640433471584715, ""kw_tactic_jaccard"": 0.0, ""mitigation_overlap"": 0.0}"
T1589.002,CWE-781,0.1515,boost_common_term:addresses,"{""title_sim"": 0.27272727272727265, ""desc_sim"": 0.05471254058774825, ""kw_tactic_jaccard"": 0.0, ""mitigation_overlap"": 0.016260162601626018}"
T1589.002,CWE-1222,0.1468,boost_common_term:addresses,"{""title_sim"": 0.25581395348837205, ""desc_sim"": 0.04788796441746833, ""kw_tactic_jaccard"": 0.0, ""mitigation_overlap"": 0.028368794326241134}"
T1164,CWE-926,0.2088,boost_common_term:applications,"{""title_sim"": 0.4788732394366197, ""desc_sim"": 0.032552998329749845, ""kw_tactic_jaccard"": 0.0, ""mitigation_overlap"": 0.02666666666666667}"
T1164,CWE-531,0.1776,boost_common_term:applications,"{""title_sim"": 0.318840579710145, ""desc_sim"": 0.05770481104855083, ""kw_tactic_jaccard"": 0.0, ""mitigation_overlap"": 0.07317073170731707}"
T1164,CWE-749,0.1716,boost_common_term:applications,"{""title_sim"": 0.3448275862068965, ""desc_sim"": 0.03371696614065927, ""kw_tactic_jaccard"": 0.0, ""mitigation_overlap"": 0.04}"
T1054,CWE-1322,0.2189,,"{""title_sim"": 0.6153846153846154, ""desc_sim"": 0.08562522678240438, ""kw_tactic_jaccard"": 0.0, ""mitigation_overlap"": 0.04310344827586207}"
T1054,CWE-584,0.2031,,"{""title_sim"": 0.5777777777777778, ""desc_sim"": 0.09359968007935815, ""kw_tactic_jaccard"": 0.0, ""mitigation_overlap"": 0.008620689655172414}"
T1054,CWE-483,0.2005,,"{""title_sim"": 0.5652173913043478, ""desc_sim"": 0.08554042827991147, ""kw_tactic_jaccard"": 0.0, ""mitigation_overlap"": 0.02654867256637168}"
T1598.004,CWE-325,0.1484,,"{""title_sim"": 0.4888888888888889, ""desc_sim"": 0.005687998329368969, ""kw_tactic_jaccard"": 0.0, ""mitigation_overlap"": 0.0}"
T1598.004,CWE-1273,0.1467,,"{""title_sim"": 0.3921568627450981, ""desc_sim"": 0.07418684408698095, ""kw_tactic_jaccard"": 0.0, ""mitigation_overlap"": 0.03418803418803419}"
T1598.004,CWE-268,0.1456,,"{""title_sim"": 0.4324324324324324, ""desc_sim"": 0.037018241864653675, ""kw_tactic_jaccard"": 0.0, ""mitigation_overlap"": 0.023809523809523808}"
T1108,CWE-1263,0.2507,boost_common_term:access,"{""title_sim"": 0.5454545454545454, ""desc_sim"": 0.1032378068621644, ""kw_tactic_jaccard"": 0.0, ""mitigation_overlap"": 0.030612244897959183}"
T1108,CWE-588,0.2462,boost_common_term:access,"{""title_sim"": 0.5454545454545454, ""desc_sim"": 0.08715560806482037, ""kw_tactic_jaccard"": 0.0, ""mitigation_overlap"": 0.031914893617021274}"
T1108,CWE-1191,0.2456,boost_common_term:access,"{""title_sim"": 0.5454545454545454, ""desc_sim"": 0.080007682806196, ""kw_tactic_jaccard"": 0.0, ""mitigation_overlap"": 0.04}"
T1193,CWE-484,0.1486,,"{""title_sim"": 0.456140350877193, ""desc_sim"": 0.028234489732209468, ""kw_tactic_jaccard"": 0.0, ""mitigation_overlap"": 0.01639344262295082}"
T1193,CWE-468,0.1479,,"{""title_sim"": 0.40816326530612246, ""desc_sim"": 0.07274727208786531, ""kw_tactic_jaccard"": 0.0, ""mitigation_overlap"": 0.018018018018018018}"
T1193,CWE-290,0.1476,,"{""title_sim"": 0.456140350877193, ""desc_sim"": 0.023763555237105674, ""kw_tactic_jaccard"": 0.0, ""mitigation_overlap"": 0.01834862385321101}"
T1003.005,CWE-1391,0.3219,boost_common_term:credentials;boost_subtech_title_match,"{""title_sim"": 0.6470588235294117, ""desc_sim"": 0.1263284246055175, ""kw_tactic_jaccard"": 0.0, ""mitigation_overlap"": 0.04918032786885246}"
T1003.005,CWE-798,0.3090,boost_common_term:credentials;boost_subtech_title_match,"{""title_sim"": 0.6666666666666665, ""desc_sim"": 0.07955127706973038, ""kw_tactic_jaccard"": 0.0, ""mitigation_overlap"": 0.02564102564102564}"
T1003.005,CWE-1392,0.3076,boost_common_term:credentials;boost_subtech_title_match,"{""title_sim"": 0.6274509803921569, ""desc_sim"": 0.11445371302225851, ""kw_tactic_jaccard"": 0.0, ""mitigation_overlap"": 0.025}"
T1098.004,CWE-462,0.1963,boost_common_term:keys,"{""title_sim"": 0.36666666666666664, ""desc_sim"": 0.10799155266428659, ""kw_tactic_jaccard"": 0.0, ""mitigation_overlap"": 0.01935483870967742}"
T1098.004,CWE-612,0.1653,boost_common_term:authorized,"{""title_sim"": 0.33734939759036137, ""desc_sim"": 0.03900586418065679, ""kw_tactic_jaccard"": 0.0, ""mitigation_overlap"": 0.012121212121212121}"
T1098.004,CWE-1392,0.1607,boost_common_term:keys,"{""title_sim"": 0.3111111111111111, ""desc_sim"": 0.049540523110313164, ""kw_tactic_jaccard"": 0.0, ""mitigation_overlap"": 0.012738853503184714}"
T1673,CWE-1087,0.2333,boost_common_term:virtual,"{""title_sim"": 0.5070422535211268, ""desc_sim"": 0.0955578590071349, ""kw_tactic_jaccard"": 0.0, ""mitigation_overlap"": 0.01282051282051282}"
T1673,CWE-1079,0.2075,boost_common_term:virtual,"{""title_sim"": 0.4788732394366197, ""desc_sim"": 0.03794824907971855, ""kw_tactic_jaccard"": 0.0, ""mitigation_overlap"": 0.012195121951219513}"
T1673,CWE-66,0.2003,boost_common_term:virtual,"{""title_sim"": 0.4375, ""desc_sim"": 0.048455499596174643, ""kw_tactic_jaccard"": 0.0, ""mitigation_overlap"": 0.02247191011235955}"
T1215,CWE-1047,0.2371,boost_common_term:modules,"{""title_sim"": 0.4444444444444444, ""desc_sim"": 0.14497234996804895, ""kw_tactic_jaccard"": 0.0, ""mitigation_overlap"": 0.051470588235294115}"
T1215,CWE-1061,0.1939,boost_common_term:modules,"{""title_sim"": 0.4, ""desc_sim"": 0.0620066255679918, ""kw_tactic_jaccard"": 0.0, ""mitigation_overlap"": 0.026490066225165563}"
T1215,CWE-194,0.1762,,"{""title_sim"": 0.5185185185185186, ""desc_sim"": 0.04600961450883285, ""kw_tactic_jaccard"": 0.0, ""mitigation_overlap"": 0.03424657534246575}"
T1101,CWE-1318,0.3207,"boost_common_term:support,security","{""title_sim"": 0.7804878048780488, ""desc_sim"": 0.08488323134849506, ""kw_tactic_jaccard"": 0.0, ""mitigation_overlap"": 0.05555555555555555}"
T1101,CWE-1292,0.2331,boost_common_term:security,"{""title_sim"": 0.5507246376811594, ""desc_sim"": 0.042854163582104386, ""kw_tactic_jaccard"": 0.0, ""mitigation_overlap"": 0.02531645569620253}"
T1101,CWE-1290,0.2289,boost_common_term:security,"{""title_sim"": 0.5373134328358209, ""desc_sim"": 0.04241241189537385, ""kw_tactic_jaccard"": 0.0, ""mitigation_overlap"": 0.025}"
T1590.006,CWE-446,0.2370,boost_common_term:security,"{""title_sim"": 0.5806451612903225, ""desc_sim"": 0.029963555625098504, ""kw_tactic_jaccard"": 0.0, ""mitigation_overlap"": 0.01904761904761905}"
T1590.006,CWE-671,0.2141,boost_common_term:security,"{""title_sim"": 0.4857142857142857, ""desc_sim"": 0.043164970460946826, ""kw_tactic_jaccard"": 0.0, ""mitigation_overlap"": 0.02727272727272727}"
T1590.006,CWE-1270,0.2107,boost_common_term:security,"{""title_sim"": 0.48484848484848486, ""desc_sim"": 0.038521768719100534, ""kw_tactic_jaccard"": 0.0, ""mitigation_overlap"": 0.018691588785046728}"
T1546.012,CWE-1319,0.2403,boost_common_term:injection,"{""title_sim"": 0.5523809523809524, ""desc_sim"": 0.06767543286749599, ""kw_tactic_jaccard"": 0.0, ""mitigation_overlap"": 0.021621621621621623}"
T1546.012,CWE-541,0.2265,boost_common_term:file,"{""title_sim"": 0.5054945054945055, ""desc_sim"": 0.06835321526772076, ""kw_tactic_jaccard"": 0.0, ""mitigation_overlap"": 0.021505376344086023}"
T1546.012,CWE-455,0.2118,boost_common_term:file,"{""title_sim"": 0.4225352112676056, ""desc_sim"": 0.09401313392403329, ""kw_tactic_jaccard"": 0.0, ""mitigation_overlap"": 0.03414634146341464}"
T1218.008,CWE-193,0.1044,,"{""title_sim"": 0.33333333333333326, ""desc_sim"": 0.005885632592934141, ""kw_tactic_jaccard"": 0.0, ""mitigation_overlap"": 0.013333333333333334}"
T1218.008,CWE-125,0.0967,,"{""title_sim"": 0.3076923076923077, ""desc_sim"": 0.005291699791387635, ""kw_tactic_jaccard"": 0.0, ""mitigation_overlap"": 0.014084507042253521}"
T1218.008,CWE-346,0.0938,,"{""title_sim"": 0.2580645161290323, ""desc_sim"": 0.01596696845564301, ""kw_tactic_jaccard"": 0.0, ""mitigation_overlap"": 0.057971014492753624}"
T1593.002,CWE-427,0.2697,boost_common_term:search,"{""title_sim"": 0.6, ""desc_sim"": 0.106091285388814, ""kw_tactic_jaccard"": 0.0, ""mitigation_overlap"": 0.0392156862745098}"
T1593.002,CWE-426,0.2674,boost_common_term:search,"{""title_sim"": 0.6, ""desc_sim"": 0.09786566662970626, ""kw_tactic_jaccard"": 0.0, ""mitigation_overlap"": 0.04040404040404041}"
T1593.002,CWE-428,0.2648,boost_common_term:search,"{""title_sim"": 0.6, ""desc_sim"": 0.07650542338626681, ""kw_tactic_jaccard"": 0.0, ""mitigation_overlap"": 0.0594059405940594}"
T1177,CWE-369,0.1224,,"{""title_sim"": 0.3846153846153846, ""desc_sim"": 0.023506488743961072, ""kw_tactic_jaccard"": 0.0, ""mitigation_overlap"": 0.0}"
T1177,CWE-942,0.1175,,"{""title_sim"": 0.1891891891891892, ""desc_sim"": 0.17137838927510218, ""kw_tactic_jaccard"": 0.0, ""mitigation_overlap"": 0.046511627906976744}"
T1177,CWE-507,0.1173,,"{""title_sim"": 0.25, ""desc_sim"": 0.10173934829852042, ""kw_tactic_jaccard"": 0.0, ""mitigation_overlap"": 0.058823529411764705}"
T1591.002,CWE-1110,0.1946,boost_common_term:relationships,"{""title_sim"": 0.41509433962264153, ""desc_sim"": 0.04904839023707897, ""kw_tactic_jaccard"": 0.0, ""mitigation_overlap"": 0.026785714285714284}"
T1591.002,CWE-501,0.1543,,"{""title_sim"": 0.4782608695652174, ""desc_sim"": 0.022910597758164605, ""kw_tactic_jaccard"": 0.0, ""mitigation_overlap"": 0.019801980198019802}"
T1591.002,CWE-834,0.1516,,"{""title_sim"": 0.4878048780487805, ""desc_sim"": 0.011201806296352323, ""kw_tactic_jaccard"": 0.0, ""mitigation_overlap"": 0.009615384615384616}"
T1548.005,CWE-284,0.2412,boost_common_term:access,"{""title_sim"": 0.5555555555555556, ""desc_sim"": 0.06823344996831723, ""kw_tactic_jaccard"": 0.0, ""mitigation_overlap"": 0.020100502512562814}"
T1548.005,CWE-377,0.2377,boost_common_term:temporary,"{""title_sim"": 0.5625, ""desc_sim"": 0.053219745050812034, ""kw_tactic_jaccard"": 0.0, ""mitigation_overlap"": 0.01485148514851485}"
T1548.005,CWE-1263,0.2332,boost_common_term:access,"{""title_sim"": 0.5079365079365079, ""desc_sim"": 0.08307225949336372, ""kw_tactic_jaccard"": 0.0, ""mitigation_overlap"": 0.029411764705882353}"
T1125,CWE-1278,0.1723,boost_common_term:capture,"{""title_sim"": 0.1880341880341881, ""desc_sim"": 0.1757998260919535, ""kw_tactic_jaccard"": 0.0, ""mitigation_overlap"": 0.06593406593406594}"
T1125,CWE-109,0.1435,,"{""title_sim"": 0.4390243902439025, ""desc_sim"": 0.025983076869575066, ""kw_tactic_jaccard"": 0.0, ""mitigation_overlap"": 0.019801980198019802}"
T1125,CWE-295,0.1401,,"{""title_sim"": 0.45454545454545453, ""desc_sim"": 0.012351631851319949, ""kw_tactic_jaccard"": 0.0, ""mitigation_overlap"": 0.0}"
T1144,CWE-294,0.2386,boost_common_term:bypass,"{""title_sim"": 0.5217391304347826, ""desc_sim"": 0.0873037220703354, ""kw_tactic_jaccard"": 0.0, ""mitigation_overlap"": 0.02962962962962963}"
T1144,CWE-289,0.1884,,"{""title_sim"": 0.5217391304347826, ""desc_sim"": 0.07564319141272674, ""kw_tactic_jaccard"": 0.0, ""mitigation_overlap"": 0.046153846153846156}"
T1144,CWE-639,0.1781,,"{""title_sim"": 0.5217391304347826, ""desc_sim"": 0.05638874314446876, ""kw_tactic_jaccard"": 0.0, ""mitigation_overlap"": 0.023076923076923078}"
T1045,CWE-1256,0.2283,,"{""title_sim"": 0.6666666666666665, ""desc_sim"": 0.06707267886220411, ""kw_tactic_jaccard"": 0.0, ""mitigation_overlap"": 0.04081632653061224}"
T1045,CWE-1314,0.1624,boost_common_term:software,"{""title_sim"": 0.2985074626865672, ""desc_sim"": 0.05506765434247607, ""kw_tactic_jaccard"": 0.0, ""mitigation_overlap"": 0.031578947368421054}"
T1045,CWE-174,0.1620,,"{""title_sim"": 0.45833333333333337, ""desc_sim"": 0.051129081613182664, ""kw_tactic_jaccard"": 0.0, ""mitigation_overlap"": 0.04597701149425287}"
T1055.013,CWE-114,0.2418,boost_subtech_title_match,"{""title_sim"": 0.6363636363636364, ""desc_sim"": 0.05822867190452079, ""kw_tactic_jaccard"": 0.0, ""mitigation_overlap"": 0.017045454545454544}"
T1055.013,CWE-214,0.2338,boost_common_term:process,"{""title_sim"": 0.5, ""desc_sim"": 0.09729975100680417, ""kw_tactic_jaccard"": 0.0, ""mitigation_overlap"": 0.022857142857142857}"
T1055.013,CWE-67,0.2023,boost_common_term:process,"{""title_sim"": 0.3870967741935484, ""desc_sim"": 0.09231885958942669, ""kw_tactic_jaccard"": 0.0, ""mitigation_overlap"": 0.0425531914893617}"
T1016,CWE-15,0.2909,"boost_common_term:configuration,system","{""title_sim"": 0.689655172413793, ""desc_sim"": 0.08833259543368908, ""kw_tactic_jaccard"": 0.0, ""mitigation_overlap"": 0.037383177570093455}"
T1016,CWE-1051,0.2900,boost_common_term:network,"{""title_sim"": 0.711864406779661, ""desc_sim"": 0.0761428366446845, ""kw_tactic_jaccard"": 0.0, ""mitigation_overlap"": 0.01818181818181818}"
T1016,CWE-260,0.2520,boost_common_term:configuration,"{""title_sim"": 0.6176470588235294, ""desc_sim"": 0.043708130304228356, ""kw_tactic_jaccard"": 0.0, ""mitigation_overlap"": 0.017857142857142856}"
T1578.003,CWE-1063,0.2839,boost_common_term:instance,"{""title_sim"": 0.5517241379310345, ""desc_sim"": 0.2147659300243102, ""kw_tactic_jaccard"": 0.0, ""mitigation_overlap"": 0.02}"
T1578.003,CWE-1082,0.2804,"boost_common_term:delete,instance","{""title_sim"": 0.5588235294117647, ""desc_sim"": 0.18434367768798884, ""kw_tactic_jaccard"": 0.0, ""mitigation_overlap"": 0.037037037037037035}"
T1578.003,CWE-793,0.2560,boost_common_term:instance,"{""title_sim"": 0.5517241379310345, ""desc_sim"": 0.12384553764117744, ""kw_tactic_jaccard"": 0.0, ""mitigation_overlap"": 0.016666666666666666}"
T1593.003,CWE-561,0.2862,boost_common_term:code;boost_subtech_title_match,"{""title_sim"": 0.6153846153846154, ""desc_sim"": 0.05210639305573602, ""kw_tactic_jaccard"": 0.0, ""mitigation_overlap"": 0.0297029702970297}"
T1593.003,CWE-1120,0.2179,boost_common_term:code,"{""title_sim"": 0.4761904761904762, ""desc_sim"": 0.07699127413076967, ""kw_tactic_jaccard"": 0.0, ""mitigation_overlap"": 0.009708737864077669}"
T1593.003,CWE-508,0.2126,boost_common_term:code,"{""title_sim"": 0.46808510638297873, ""desc_sim"": 0.05561696981614797, ""kw_tactic_jaccard"": 0.0, ""mitigation_overlap"": 0.027522935779816515}"
T1574.005,CWE-279,0.2792,boost_common_term:permissions,"{""title_sim"": 0.5813953488372092, ""desc_sim"": 0.16113738795686922, ""kw_tactic_jaccard"": 0.0, ""mitigation_overlap"": 0.03225806451612903}"
T1574.005,CWE-276,0.2702,"boost_common_term:file,permissions","{""title_sim"": 0.55, ""desc_sim"": 0.16212738885331907, ""kw_tactic_jaccard"": 0.0, ""mitigation_overlap"": 0.03289473684210526}"
T1574.005,CWE-277,0.2569,boost_common_term:permissions,"{""title_sim"": 0.5789473684210527, ""desc_sim"": 0.09771150746897506, ""kw_tactic_jaccard"": 0.0, ""mitigation_overlap"": 0.0196078431372549}"
T1546.008,CWE-1242,0.2338,boost_common_term:features,"{""title_sim"": 0.5333333333333333, ""desc_sim"": 0.0680566523057137, ""kw_tactic_jaccard"": 0.0, ""mitigation_overlap"": 0.01675977653631285}"
T1546.008,CWE-1318,0.2327,boost_common_term:features,"{""title_sim"": 0.5333333333333333, ""desc_sim"": 0.060777883056277, ""kw_tactic_jaccard"": 0.0, ""mitigation_overlap"": 0.022222222222222223}"
T1546.008,CWE-437,0.2312,boost_common_term:features,"{""title_sim"": 0.5333333333333333, ""desc_sim"": 0.05671324768468602, ""kw_tactic_jaccard"": 0.0, ""mitigation_overlap"": 0.020833333333333332}"
T1496.002,CWE-431,0.1432,,"{""title_sim"": 0.4705882352941177, ""desc_sim"": 0.00686770382764033, ""kw_tactic_jaccard"": 0.0, ""mitigation_overlap"": 0.0}"
T1496.002,CWE-366,0.1352,,"{""title_sim"": 0.3673469387755102, ""desc_sim"": 0.045870335708242393, ""kw_tactic_jaccard"": 0.0, ""mitigation_overlap"": 0.056179775280898875}"
T1496.002,CWE-501,0.1309,,"{""title_sim"": 0.4186046511627907, ""desc_sim"": 0.01758937550431608, ""kw_tactic_jaccard"": 0.0, ""mitigation_overlap"": 0.0}"
T1504,CWE-114,0.1591,,"{""title_sim"": 0.48484848484848486, ""desc_sim"": 0.03252961536336047, ""kw_tactic_jaccard"": 0.0, ""mitigation_overlap"": 0.0196078431372549}"
T1504,CWE-283,0.1493,,"{""title_sim"": 0.4736842105263158, ""desc_sim"": 0.017099049069634976, ""kw_tactic_jaccard"": 0.0, ""mitigation_overlap"": 0.010101010101010102}"
T1504,CWE-507,0.1443,,"{""title_sim"": 0.4, ""desc_sim"": 0.05588687560532024, ""kw_tactic_jaccard"": 0.0, ""mitigation_overlap"": 0.03773584905660377}"
T1198,CWE-296,0.2306,boost_common_term:trust,"{""title_sim"": 0.4444444444444444, ""desc_sim"": 0.14358269912442406, ""kw_tactic_jaccard"": 0.0, ""mitigation_overlap"": 0.020833333333333332}"
T1198,CWE-1326,0.2084,boost_common_term:trust,"{""title_sim"": 0.4, ""desc_sim"": 0.11958624725641118, ""kw_tactic_jaccard"": 0.0, ""mitigation_overlap"": 0.012658227848101266}"
T1198,CWE-298,0.1737,boost_common_term:trust,"{""title_sim"": 0.31168831168831174, ""desc_sim"": 0.08658105928641947, ""kw_tactic_jaccard"": 0.0, ""mitigation_overlap"": 0.0211864406779661}"
T1087,CWE-645,0.2645,boost_common_term:account,"{""title_sim"": 0.5833333333333334, ""desc_sim"": 0.09431703647874987, ""kw_tactic_jaccard"": 0.0, ""mitigation_overlap"": 0.056074766355140186}"
T1087,CWE-198,0.1552,boost_common_term:account,"{""title_sim"": 0.29787234042553196, ""desc_sim"": 0.04042727377166848, ""kw_tactic_jaccard"": 0.0, ""mitigation_overlap"": 0.018518518518518517}"
T1087,CWE-284,0.1530,,"{""title_sim"": 0.5, ""desc_sim"": 0.009957988478860196, ""kw_tactic_jaccard"": 0.0, ""mitigation_overlap"": 0.0}"
T1090,CWE-441,0.4066,boost_common_term:proxy,"{""title_sim"": 1.0, ""desc_sim"": 0.14322526867266056, ""kw_tactic_jaccard"": 0.0, ""mitigation_overlap"": 0.06796116504854369}"
T1090,CWE-114,0.1097,,"{""title_sim"": 0.3, ""desc_sim"": 0.043579545416665554, ""kw_tactic_jaccard"": 0.0, ""mitigation_overlap"": 0.03333333333333333}"
T1090,CWE-1104,0.1094,boost_common_term:proxy,"{""title_sim"": 0.12765957446808515, ""desc_sim"": 0.04783235715824353, ""kw_tactic_jaccard"": 0.0, ""mitigation_overlap"": 0.033707865168539325}"
T1059,CWE-644,0.2094,boost_common_term:scripting,"{""title_sim"": 0.4731182795698925, ""desc_sim"": 0.04223546910068589, ""kw_tactic_jaccard"": 0.0, ""mitigation_overlap"": 0.024}"
T1059,CWE-88,0.2054,boost_common_term:command,"{""title_sim"": 0.45217391304347826, ""desc_sim"": 0.06072664616057797, ""kw_tactic_jaccard"": 0.0, ""mitigation_overlap"": 0.007751937984496124}"
T1059,CWE-146,0.1993,boost_common_term:command,"{""title_sim"": 0.44943820224719105, ""desc_sim"": 0.043208107783241564, ""kw_tactic_jaccard"": 0.0, ""mitigation_overlap"": 0.007633587786259542}"
T1204.005,CWE-506,0.3355,boost_common_term:malicious;boost_subtech_title_match,"{""title_sim"": 0.6923076923076923, ""desc_sim"": 0.1354036608633529, ""kw_tactic_jaccard"": 0.0, ""mitigation_overlap"": 0.03571428571428571}"
T1204.005,CWE-508,0.3285,boost_common_term:malicious;boost_subtech_title_match,"{""title_sim"": 0.6923076923076923, ""desc_sim"": 0.11455714357050809, ""kw_tactic_jaccard"": 0.0, ""mitigation_overlap"": 0.03225806451612903}"
T1204.005,CWE-509,0.3264,boost_common_term:malicious;boost_subtech_title_match,"{""title_sim"": 0.6923076923076923, ""desc_sim"": 0.115235061228785, ""kw_tactic_jaccard"": 0.0, ""mitigation_overlap"": 0.020833333333333332}"
T1562.006,CWE-1322,0.2431,boost_subtech_title_match,"{""title_sim"": 0.6153846153846154, ""desc_sim"": 0.0761613203935152, ""kw_tactic_jaccard"": 0.0, ""mitigation_overlap"": 0.028089887640449437}"
T1562.006,CWE-584,0.1988,,"{""title_sim"": 0.5777777777777778, ""desc_sim"": 0.07750315253214053, ""kw_tactic_jaccard"": 0.0, ""mitigation_overlap"": 0.011299435028248588}"
T1562.006,CWE-483,0.1977,,"{""title_sim"": 0.5652173913043478, ""desc_sim"": 0.07440887754419455, ""kw_tactic_jaccard"": 0.0, ""mitigation_overlap"": 0.028901734104046242}"
T1136.002,CWE-645,0.3153,boost_common_term:account;boost_subtech_title_match,"{""title_sim"": 0.6666666666666665, ""desc_sim"": 0.079441181071609, ""kw_tactic_jaccard"": 0.0, ""mitigation_overlap"": 0.05714285714285714}"
T1136.002,CWE-830,0.1782,boost_common_term:domain,"{""title_sim"": 0.26086956521739124, ""desc_sim"": 0.13622744409179965, ""kw_tactic_jaccard"": 0.0, ""mitigation_overlap"": 0.045454545454545456}"
T1136.002,CWE-618,0.1632,boost_common_term:domain,"{""title_sim"": 0.2790697674418605, ""desc_sim"": 0.07834465604033192, ""kw_tactic_jaccard"": 0.0, ""mitigation_overlap"": 0.029850746268656716}"
T1564.014,CWE-915,0.3278,boost_common_term:attributes;boost_subtech_title_match,"{""title_sim"": 0.689655172413793, ""desc_sim"": 0.11779038881118421, ""kw_tactic_jaccard"": 0.0, ""mitigation_overlap"": 0.027972027972027972}"
T1564.014,CWE-82,0.3272,boost_common_term:attributes;boost_subtech_title_match,"{""title_sim"": 0.689655172413793, ""desc_sim"": 0.1150497902927539, ""kw_tactic_jaccard"": 0.0, ""mitigation_overlap"": 0.028985507246376812}"
T1564.014,CWE-1321,0.3254,boost_common_term:attributes;boost_subtech_title_match,"{""title_sim"": 0.689655172413793, ""desc_sim"": 0.1140503492822258, ""kw_tactic_jaccard"": 0.0, ""mitigation_overlap"": 0.02142857142857143}"
T1589.003,CWE-67,0.1757,,"{""title_sim"": 0.5263157894736842, ""desc_sim"": 0.04589071041102518, ""kw_tactic_jaccard"": 0.0, ""mitigation_overlap"": 0.02040816326530612}"
T1589.003,CWE-41,0.1693,boost_common_term:names,"{""title_sim"": 0.339622641509434, ""desc_sim"": 0.05062581982307368, ""kw_tactic_jaccard"": 0.0, ""mitigation_overlap"": 0.01098901098901099}"
T1589.003,CWE-66,0.1691,,"{""title_sim"": 0.5263157894736842, ""desc_sim"": 0.029991861524253344, ""kw_tactic_jaccard"": 0.0, ""mitigation_overlap"": 0.011235955056179775}"
T1677,CWE-1423,0.2131,boost_common_term:execution,"{""title_sim"": 0.5, ""desc_sim"": 0.028001842366928938, ""kw_tactic_jaccard"": 0.0, ""mitigation_overlap"": 0.023391812865497075}"
T1677,CWE-1342,0.2126,boost_common_term:execution,"{""title_sim"": 0.5, ""desc_sim"": 0.029791146014475814, ""kw_tactic_jaccard"": 0.0, ""mitigation_overlap"": 0.018072289156626505}"
T1677,CWE-624,0.1899,boost_common_term:execution,"{""title_sim"": 0.41935483870967744, ""desc_sim"": 0.031166410153065545, ""kw_tactic_jaccard"": 0.0, ""mitigation_overlap"": 0.023952095808383235}"
T1482,CWE-501,0.2006,,"{""title_sim"": 0.6086956521739131, ""desc_sim"": 0.051816869513700216, ""kw_tactic_jaccard"": 0.0, ""mitigation_overlap"": 0.012195121951219513}"
T1482,CWE-296,0.1867,boost_common_term:trust,"{""title_sim"": 0.3703703703703704, ""desc_sim"": 0.06314553937793198, ""kw_tactic_jaccard"": 0.0, ""mitigation_overlap"": 0.03333333333333333}"
T1482,CWE-830,0.1812,boost_common_term:domain,"{""title_sim"": 0.2857142857142857, ""desc_sim"": 0.12945615657131154, ""kw_tactic_jaccard"": 0.0, ""mitigation_overlap"": 0.03333333333333333}"
T1558.001,CWE-459,0.1418,,"{""title_sim"": 0.4516129032258065, ""desc_sim"": 0.013451082964744968, ""kw_tactic_jaccard"": 0.0, ""mitigation_overlap"": 0.011494252873563218}"
T1558.001,CWE-561,0.1405,,"{""title_sim"": 0.45454545454545453, ""desc_sim"": 0.005597637032622192, ""kw_tactic_jaccard"": 0.0, ""mitigation_overlap"": 0.012345679012345678}"
T1558.001,CWE-1164,0.1377,,"{""title_sim"": 0.42857142857142855, ""desc_sim"": 0.01658545529193121, ""kw_tactic_jaccard"": 0.0, ""mitigation_overlap"": 0.020618556701030927}"
T1175,CWE-595,0.2434,boost_common_term:object,"{""title_sim"": 0.5333333333333333, ""desc_sim"": 0.10409264844079939, ""kw_tactic_jaccard"": 0.0, ""mitigation_overlap"": 0.010752688172043012}"
T1175,CWE-1083,0.2257,boost_common_term:component,"{""title_sim"": 0.4946236559139785, ""desc_sim"": 0.06294107051629348, ""kw_tactic_jaccard"": 0.0, ""mitigation_overlap"": 0.042105263157894736}"
T1175,CWE-437,0.2189,boost_common_term:model,"{""title_sim"": 0.45569620253164556, ""desc_sim"": 0.08706587977889385, ""kw_tactic_jaccard"": 0.0, ""mitigation_overlap"": 0.030456852791878174}"
T1020,CWE-1039,0.2610,boost_common_term:automated,"{""title_sim"": 0.5806451612903225, ""desc_sim"": 0.09444723740061602, ""kw_tactic_jaccard"": 0.0, ""mitigation_overlap"": 0.04225352112676056}"
T1020,CWE-1038,0.2062,,"{""title_sim"": 0.5925925925925926, ""desc_sim"": 0.08448120155583934, ""kw_tactic_jaccard"": 0.0, ""mitigation_overlap"": 0.015625}"
T1020,CWE-272,0.1600,,"{""title_sim"": 0.46808510638297873, ""desc_sim"": 0.0399772308843798, ""kw_tactic_jaccard"": 0.0, ""mitigation_overlap"": 0.03773584905660377}"
T1592.004,CWE-602,0.2011,boost_common_term:client,"{""title_sim"": 0.411764705882353, ""desc_sim"": 0.07460108563789761, ""kw_tactic_jaccard"": 0.0, ""mitigation_overlap"": 0.02586206896551724}"
T1592.004,CWE-603,0.2010,boost_common_term:client,"{""title_sim"": 0.3703703703703704, ""desc_sim"": 0.11085999542942294, ""kw_tactic_jaccard"": 0.0, ""mitigation_overlap"": 0.03305785123966942}"
T1592.004,CWE-523,0.1746,boost_common_term:client,"{""title_sim"": 0.3508771929824562, ""desc_sim"": 0.05337726802811423, ""kw_tactic_jaccard"": 0.0, ""mitigation_overlap"": 0.01652892561983471}"
T1562.007,CWE-1312,0.2104,boost_common_term:firewall,"{""title_sim"": 0.40816326530612246, ""desc_sim"": 0.11037728644403214, ""kw_tactic_jaccard"": 0.0, ""mitigation_overlap"": 0.024193548387096774}"
T1562.007,CWE-455,0.1905,boost_common_term:modify,"{""title_sim"": 0.4, ""desc_sim"": 0.044775872245217556, ""kw_tactic_jaccard"": 0.0, ""mitigation_overlap"": 0.03546099290780142}"
T1562.007,CWE-1209,0.1885,,"{""title_sim"": 0.53125, ""desc_sim"": 0.05402617589502034, ""kw_tactic_jaccard"": 0.0, ""mitigation_overlap"": 0.06474820143884892}"
T1219.001,CWE-468,0.1379,,"{""title_sim"": 0.4210526315789474, ""desc_sim"": 0.03348158693218191, ""kw_tactic_jaccard"": 0.0, ""mitigation_overlap"": 0.007462686567164179}"
T1219.001,CWE-385,0.1366,,"{""title_sim"": 0.411764705882353, ""desc_sim"": 0.024063230922599477, ""kw_tactic_jaccard"": 0.0, ""mitigation_overlap"": 0.029197080291970802}"
T1219.001,CWE-443,0.1313,,"{""title_sim"": 0.41666666666666663, ""desc_sim"": 0.01573660610111273, ""kw_tactic_jaccard"": 0.0, ""mitigation_overlap"": 0.008}"
T1036.002,CWE-1234,0.1768,,"{""title_sim"": 0.5333333333333333, ""desc_sim"": 0.0503412020800708, ""kw_tactic_jaccard"": 0.0, ""mitigation_overlap"": 0.008695652173913044}"
T1036.002,CWE-341,0.1339,,"{""title_sim"": 0.4, ""desc_sim"": 0.029831947533780642, ""kw_tactic_jaccard"": 0.0, ""mitigation_overlap"": 0.02459016393442623}"
T1036.002,CWE-314,0.1300,,"{""title_sim"": 0.4, ""desc_sim"": 0.0333440641171882, ""kw_tactic_jaccard"": 0.0, ""mitigation_overlap"": 0.0}"
T1588.001,CWE-512,0.1808,,"{""title_sim"": 0.5714285714285715, ""desc_sim"": 0.015294927928425635, ""kw_tactic_jaccard"": 0.0, ""mitigation_overlap"": 0.024096385542168676}"
T1588.001,CWE-682,0.1179,,"{""title_sim"": 0.3571428571428571, ""desc_sim"": 0.016874748750605552, ""kw_tactic_jaccard"": 0.0, ""mitigation_overlap"": 0.02857142857142857}"
T1588.001,CWE-415,0.1167,,"{""title_sim"": 0.33333333333333326, ""desc_sim"": 0.0453054884858853, ""kw_tactic_jaccard"": 0.0, ""mitigation_overlap"": 0.015625}"
T1027.017,CWE-339,0.1135,,"{""title_sim"": 0.3783783783783784, ""desc_sim"": 0.0, ""kw_tactic_jaccard"": 0.0, ""mitigation_overlap"": 0.0}"
T1027.017,CWE-779,0.1110,,"{""title_sim"": 0.31578947368421056, ""desc_sim"": 0.04103498974810273, ""kw_tactic_jaccard"": 0.0, ""mitigation_overlap"": 0.0196078431372549}"
T1027.017,CWE-778,0.1096,,"{""title_sim"": 0.36363636363636365, ""desc_sim"": 0.001650310194820198, ""kw_tactic_jaccard"": 0.0, ""mitigation_overlap"": 0.0}"
T1542.002,CWE-1277,0.3534,boost_common_term:firmware;boost_subtech_title_match,"{""title_sim"": 0.6153846153846154, ""desc_sim"": 0.2538436480047132, ""kw_tactic_jaccard"": 0.0, ""mitigation_overlap"": 0.06329113924050633}"
T1542.002,CWE-1357,0.3218,boost_common_term:component;boost_subtech_title_match,"{""title_sim"": 0.6666666666666665, ""desc_sim"": 0.09757973658385921, ""kw_tactic_jaccard"": 0.0, ""mitigation_overlap"": 0.0625}"
T1542.002,CWE-1083,0.3152,boost_common_term:component;boost_subtech_title_match,"{""title_sim"": 0.6666666666666665, ""desc_sim"": 0.07754634358637263, ""kw_tactic_jaccard"": 0.0, ""mitigation_overlap"": 0.05952380952380952}"
T1070,CWE-1301,0.2696,boost_common_term:removal,"{""title_sim"": 0.5833333333333334, ""desc_sim"": 0.12012763974292917, ""kw_tactic_jaccard"": 0.0, ""mitigation_overlap"": 0.043010752688172046}"
T1070,CWE-14,0.2033,,"{""title_sim"": 0.5833333333333334, ""desc_sim"": 0.09437309251376189, ""kw_tactic_jaccard"": 0.0, ""mitigation_overlap"": 0.0}"
T1070,CWE-212,0.2017,,"{""title_sim"": 0.5833333333333334, ""desc_sim"": 0.07543470657376812, ""kw_tactic_jaccard"": 0.0, ""mitigation_overlap"": 0.020202020202020204}"
T1048.001,CWE-1420,0.1998,boost_common_term:over,"{""title_sim"": 0.4070796460176991, ""desc_sim"": 0.06173071098399825, ""kw_tactic_jaccard"": 0.0, ""mitigation_overlap"": 0.04597701149425287}"
T1048.001,CWE-757,0.1982,boost_common_term:protocol,"{""title_sim"": 0.33846153846153837, ""desc_sim"": 0.09223781990756447, ""kw_tactic_jaccard"": 0.0, ""mitigation_overlap"": 0.09473684210526316}"
T1048.001,CWE-329,0.1978,boost_common_term:encrypted,"{""title_sim"": 0.3789473684210526, ""desc_sim"": 0.09250474668751502, ""kw_tactic_jaccard"": 0.0, ""mitigation_overlap"": 0.031578947368421054}"
T1137.001,CWE-1336,0.2761,boost_common_term:template,"{""title_sim"": 0.5333333333333333, ""desc_sim"": 0.18359473019036193, ""kw_tactic_jaccard"": 0.0, ""mitigation_overlap"": 0.05517241379310345}"
T1137.001,CWE-1041,0.1762,boost_common_term:macros,"{""title_sim"": 0.32558139534883723, ""desc_sim"": 0.08035353863250574, ""kw_tactic_jaccard"": 0.0, ""mitigation_overlap"": 0.022222222222222223}"
T1137.001,CWE-351,0.1515,,"{""title_sim"": 0.4705882352941177, ""desc_sim"": 0.019765871991853458, ""kw_tactic_jaccard"": 0.0, ""mitigation_overlap"": 0.021897810218978103}"
T1583.003,CWE-1087,0.2279,boost_common_term:virtual,"{""title_sim"": 0.48275862068965514, ""desc_sim"": 0.09345645396622612, ""kw_tactic_jaccard"": 0.0, ""mitigation_overlap"": 0.02531645569620253}"
T1583.003,CWE-66,0.2239,boost_common_term:virtual,"{""title_sim"": 0.48275862068965514, ""desc_sim"": 0.06695417787121964, ""kw_tactic_jaccard"": 0.0, ""mitigation_overlap"": 0.0449438202247191}"
T1583.003,CWE-767,0.2170,boost_common_term:private,"{""title_sim"": 0.48275862068965514, ""desc_sim"": 0.05675142074299941, ""kw_tactic_jaccard"": 0.0, ""mitigation_overlap"": 0.02564102564102564}"
T1213.001,CWE-114,0.1522,,"{""title_sim"": 0.48, ""desc_sim"": 0.01815672452715196, ""kw_tactic_jaccard"": 0.0, ""mitigation_overlap"": 0.013888888888888888}"
T1213.001,CWE-1116,0.1420,,"{""title_sim"": 0.41379310344827586, ""desc_sim"": 0.04054644452631938, ""kw_tactic_jaccard"": 0.0, ""mitigation_overlap"": 0.02857142857142857}"
T1213.001,CWE-540,0.1400,,"{""title_sim"": 0.30508474576271183, ""desc_sim"": 0.11197411730006998, ""kw_tactic_jaccard"": 0.0, ""mitigation_overlap"": 0.07462686567164178}"
T1550.003,CWE-521,0.1642,,"{""title_sim"": 0.4878048780487805, ""desc_sim"": 0.04356415160535125, ""kw_tactic_jaccard"": 0.0, ""mitigation_overlap"": 0.023809523809523808}"
T1550.003,CWE-256,0.1627,,"{""title_sim"": 0.4782608695652174, ""desc_sim"": 0.04697843043606838, ""kw_tactic_jaccard"": 0.0, ""mitigation_overlap"": 0.025423728813559324}"
T1550.003,CWE-328,0.1619,,"{""title_sim"": 0.3870967741935484, ""desc_sim"": 0.1335240896487393, ""kw_tactic_jaccard"": 0.0, ""mitigation_overlap"": 0.028368794326241134}"
T1609,CWE-146,0.2099,boost_common_term:command,"{""title_sim"": 0.45454545454545453, ""desc_sim"": 0.04978094768622346, ""kw_tactic_jaccard"": 0.0, ""mitigation_overlap"": 0.04285714285714286}"
T1609,CWE-88,0.2039,boost_common_term:command,"{""title_sim"": 0.4210526315789474, ""desc_sim"": 0.06269134754187589, ""kw_tactic_jaccard"": 0.0, ""mitigation_overlap"": 0.04411764705882353}"
T1609,CWE-216,0.1992,boost_common_term:container,"{""title_sim"": 0.3703703703703704, ""desc_sim"": 0.10990644621384714, ""kw_tactic_jaccard"": 0.0, ""mitigation_overlap"": 0.02564102564102564}"
T1083,CWE-379,0.2903,"boost_common_term:directory,file","{""title_sim"": 0.6666666666666665, ""desc_sim"": 0.11321553046863199, ""kw_tactic_jaccard"": 0.0, ""mitigation_overlap"": 0.031914893617021274}"
T1083,CWE-553,0.2549,boost_common_term:file,"{""title_sim"": 0.5, ""desc_sim"": 0.13984673984216914, ""kw_tactic_jaccard"": 0.0, ""mitigation_overlap"": 0.06451612903225806}"
T1083,CWE-538,0.2416,,"{""title_sim"": 0.6666666666666665, ""desc_sim"": 0.10294739274925872, ""kw_tactic_jaccard"": 0.0, ""mitigation_overlap"": 0.053763440860215055}"
T1568,CWE-350,0.3143,boost_common_term:resolution,"{""title_sim"": 0.7142857142857143, ""desc_sim"": 0.14218594724368347, ""kw_tactic_jaccard"": 0.0, ""mitigation_overlap"": 0.037037037037037035}"
T1568,CWE-41,0.2349,,"{""title_sim"": 0.7142857142857143, ""desc_sim"": 0.06092397914581798, ""kw_tactic_jaccard"": 0.0, ""mitigation_overlap"": 0.011494252873563218}"
T1568,CWE-59,0.2334,,"{""title_sim"": 0.7142857142857143, ""desc_sim"": 0.05539408210543631, ""kw_tactic_jaccard"": 0.0, ""mitigation_overlap"": 0.012345679012345678}"
T1036.004,CWE-1109,0.2041,boost_common_term:task,"{""title_sim"": 0.411764705882353, ""desc_sim"": 0.08368815483320025, ""kw_tactic_jaccard"": 0.0, ""mitigation_overlap"": 0.0273972602739726}"
T1036.004,CWE-651,0.1955,boost_common_term:service,"{""title_sim"": 0.35, ""desc_sim"": 0.09321181125689994, ""kw_tactic_jaccard"": 0.0, ""mitigation_overlap"": 0.0625}"
T1036.004,CWE-67,0.1916,boost_common_term:service,"{""title_sim"": 0.3283582089552239, ""desc_sim"": 0.10333490075688373, ""kw_tactic_jaccard"": 0.0, ""mitigation_overlap"": 0.060240963855421686}"
T1055.004,CWE-683,0.2027,boost_common_term:procedure,"{""title_sim"": 0.4324324324324324, ""desc_sim"": 0.055432903842930224, ""kw_tactic_jaccard"": 0.0, ""mitigation_overlap"": 0.031746031746031744}"
T1055.004,CWE-685,0.1991,boost_common_term:procedure,"{""title_sim"": 0.42666666666666664, ""desc_sim"": 0.044628920202755384, ""kw_tactic_jaccard"": 0.0, ""mitigation_overlap"": 0.038461538461538464}"
T1055.004,CWE-687,0.1983,boost_common_term:procedure,"{""title_sim"": 0.4146341463414634, ""desc_sim"": 0.048362058038791934, ""kw_tactic_jaccard"": 0.0, ""mitigation_overlap"": 0.046875}"
T1020.001,CWE-406,0.2036,boost_common_term:traffic,"{""title_sim"": 0.3370786516853933, ""desc_sim"": 0.15780900307978668, ""kw_tactic_jaccard"": 0.0, ""mitigation_overlap"": 0.02586206896551724}"
T1020.001,CWE-294,0.2008,boost_common_term:traffic,"{""title_sim"": 0.3793103448275862, ""desc_sim"": 0.10101773851114015, ""kw_tactic_jaccard"": 0.0, ""mitigation_overlap"": 0.03361344537815126}"
T1020.001,CWE-1061,0.1691,,"{""title_sim"": 0.5333333333333333, ""desc_sim"": 0.019507552524684443, ""kw_tactic_jaccard"": 0.0, ""mitigation_overlap"": 0.016}"
T1138,CWE-1065,0.2882,boost_common_term:application,"{""title_sim"": 0.7096774193548387, ""desc_sim"": 0.0763921007827901, ""kw_tactic_jaccard"": 0.0, ""mitigation_overlap"": 0.011976047904191617}"
T1138,CWE-926,0.2837,boost_common_term:application,"{""title_sim"": 0.7096774193548387, ""desc_sim"": 0.04928459976525703, ""kw_tactic_jaccard"": 0.0, ""mitigation_overlap"": 0.030303030303030304}"
T1138,CWE-558,0.2299,,"{""title_sim"": 0.7096774193548387, ""desc_sim"": 0.052491762244433485, ""kw_tactic_jaccard"": 0.0, ""mitigation_overlap"": 0.006172839506172839}"
T1647,CWE-473,0.2827,boost_common_term:modification,"{""title_sim"": 0.6857142857142857, ""desc_sim"": 0.06372607592951104, ""kw_tactic_jaccard"": 0.0, ""mitigation_overlap"": 0.03937007874015748}"
T1647,CWE-260,0.2492,boost_common_term:file,"{""title_sim"": 0.6037735849056604, ""desc_sim"": 0.04340349119178284, ""kw_tactic_jaccard"": 0.0, ""mitigation_overlap"": 0.025423728813559324}"
T1647,CWE-455,0.2360,boost_common_term:file,"{""title_sim"": 0.5357142857142857, ""desc_sim"": 0.055188370938810995, ""kw_tactic_jaccard"": 0.0, ""mitigation_overlap"": 0.043478260869565216}"
T1127.003,CWE-506,0.1068,,"{""title_sim"": 0.2666666666666667, ""desc_sim"": 0.0671442730785181, ""kw_tactic_jaccard"": 0.0, ""mitigation_overlap"": 0.03333333333333333}"
T1127.003,CWE-106,0.1002,,"{""title_sim"": 0.2790697674418605, ""desc_sim"": 0.026889598995409648, ""kw_tactic_jaccard"": 0.0, ""mitigation_overlap"": 0.04225352112676056}"
T1127.003,CWE-360,0.0965,,"{""title_sim"": 0.2424242424242425, ""desc_sim"": 0.057010025909878054, ""kw_tactic_jaccard"": 0.0, ""mitigation_overlap"": 0.03333333333333333}"
T1546.009,CWE-617,0.1391,,"{""title_sim"": 0.32258064516129037, ""desc_sim"": 0.10216975599929862, ""kw_tactic_jaccard"": 0.0, ""mitigation_overlap"": 0.05813953488372093}"
T1546.009,CWE-667,0.1332,,"{""title_sim"": 0.42857142857142855, ""desc_sim"": 0.015432917718602567, ""kw_tactic_jaccard"": 0.0, ""mitigation_overlap"": 0.0}"
T1546.009,CWE-416,0.1279,,"{""title_sim"": 0.3846153846153846, ""desc_sim"": 0.029042949034295235, ""kw_tactic_jaccard"": 0.0, ""mitigation_overlap"": 0.01904761904761905}"
T1191,CWE-114,0.0800,,"{""title_sim"": 0.2, ""desc_sim"": 0.03838296729451264, ""kw_tactic_jaccard"": 0.0, ""mitigation_overlap"": 0.0425531914893617}"
T1191,CWE-756,0.0638,,"{""title_sim"": 0.2, ""desc_sim"": 0.005707608232431885, ""kw_tactic_jaccard"": 0.0, ""mitigation_overlap"": 0.010638297872340425}"
T1191,CWE-512,0.0622,,"{""title_sim"": 0.1666666666666667, ""desc_sim"": 0.015437766529738755, ""kw_tactic_jaccard"": 0.0, ""mitigation_overlap"": 0.03773584905660377}"
T1188,CWE-441,0.2668,boost_common_term:proxy,"{""title_sim"": 0.5, ""desc_sim"": 0.1638281513531843, ""kw_tactic_jaccard"": 0.0, ""mitigation_overlap"": 0.08823529411764706}"
T1188,CWE-605,0.1508,,"{""title_sim"": 0.43478260869565216, ""desc_sim"": 0.04268236507801687, ""kw_tactic_jaccard"": 0.0, ""mitigation_overlap"": 0.03773584905660377}"
T1188,CWE-1104,0.1503,boost_common_term:proxy,"{""title_sim"": 0.2105263157894737, ""desc_sim"": 0.08612598524423344, ""kw_tactic_jaccard"": 0.0, ""mitigation_overlap"": 0.05660377358490566}"
T1114.003,CWE-1422,0.2638,boost_subtech_title_match,"{""title_sim"": 0.6451612903225806, ""desc_sim"": 0.12152359123992477, ""kw_tactic_jaccard"": 0.0, ""mitigation_overlap"": 0.0189873417721519}"
T1114.003,CWE-636,0.1444,,"{""title_sim"": 0.41379310344827586, ""desc_sim"": 0.047771328997173186, ""kw_tactic_jaccard"": 0.0, ""mitigation_overlap"": 0.029411764705882353}"
T1114.003,CWE-363,0.1422,,"{""title_sim"": 0.44067796610169496, ""desc_sim"": 0.025010808421035514, ""kw_tactic_jaccard"": 0.0, ""mitigation_overlap"": 0.012345679012345678}"
T1074,CWE-182,0.2515,boost_common_term:data,"{""title_sim"": 0.5333333333333333, ""desc_sim"": 0.11478355331569892, ""kw_tactic_jaccard"": 0.0, ""mitigation_overlap"": 0.03529411764705882}"
T1074,CWE-1083,0.2483,boost_common_term:data,"{""title_sim"": 0.5333333333333333, ""desc_sim"": 0.09069524834043863, ""kw_tactic_jaccard"": 0.0, ""mitigation_overlap"": 0.05555555555555555}"
T1074,CWE-1060,0.2480,boost_common_term:data,"{""title_sim"": 0.5333333333333333, ""desc_sim"": 0.10275113962736213, ""kw_tactic_jaccard"": 0.0, ""mitigation_overlap"": 0.03571428571428571}"
T1649,CWE-1390,0.3362,boost_common_term:authentication,"{""title_sim"": 0.8484848484848484, ""desc_sim"": 0.08413147296177634, ""kw_tactic_jaccard"": 0.0, ""mitigation_overlap"": 0.031914893617021274}"
T1649,CWE-304,0.2780,boost_common_term:authentication,"{""title_sim"": 0.691358024691358, ""desc_sim"": 0.061232322768126096, ""kw_tactic_jaccard"": 0.0, ""mitigation_overlap"": 0.010869565217391304}"
T1649,CWE-603,0.2756,boost_common_term:authentication,"{""title_sim"": 0.64, ""desc_sim"": 0.09423319509069364, ""kw_tactic_jaccard"": 0.0, ""mitigation_overlap"": 0.026595744680851064}"
T1098.005,CWE-1273,0.2470,boost_common_term:device,"{""title_sim"": 0.48, ""desc_sim"": 0.15529589944928782, ""kw_tactic_jaccard"": 0.0, ""mitigation_overlap"": 0.032}"
T1098.005,CWE-1190,0.2432,boost_common_term:device,"{""title_sim"": 0.48, ""desc_sim"": 0.1390106635527357, ""kw_tactic_jaccard"": 0.0, ""mitigation_overlap"": 0.03759398496240601}"
T1098.005,CWE-67,0.2404,boost_common_term:device,"{""title_sim"": 0.48, ""desc_sim"": 0.126764636342006, ""kw_tactic_jaccard"": 0.0, ""mitigation_overlap"": 0.04195804195804196}"
T1049,CWE-15,0.2240,boost_common_term:system,"{""title_sim"": 0.5287356321839081, ""desc_sim"": 0.04120642978986816, ""kw_tactic_jaccard"": 0.0, ""mitigation_overlap"": 0.014925373134328358}"
T1049,CWE-1276,0.2234,boost_common_term:system,"{""title_sim"": 0.4842105263157894, ""desc_sim"": 0.08379335444867916, ""kw_tactic_jaccard"": 0.0, ""mitigation_overlap"": 0.014814814814814815}"
T1049,CWE-245,0.2186,boost_common_term:connections,"{""title_sim"": 0.4772727272727273, ""desc_sim"": 0.07470028463349031, ""kw_tactic_jaccard"": 0.0, ""mitigation_overlap"": 0.014814814814814815}"
T1584,CWE-697,0.1937,,"{""title_sim"": 0.6222222222222222, ""desc_sim"": 0.018697775477888867, ""kw_tactic_jaccard"": 0.0, ""mitigation_overlap"": 0.007246376811594203}"
T1584,CWE-1116,0.1846,,"{""title_sim"": 0.5909090909090909, ""desc_sim"": 0.01943405981916555, ""kw_tactic_jaccard"": 0.0, ""mitigation_overlap"": 0.007246376811594203}"
T1584,CWE-1279,0.1787,boost_common_term:compromise,"{""title_sim"": 0.29885057471264376, ""desc_sim"": 0.11057245350447502, ""kw_tactic_jaccard"": 0.0, ""mitigation_overlap"": 0.029411764705882353}"
T1553.005,CWE-294,0.2077,boost_common_term:bypass,"{""title_sim"": 0.4590163934426229, ""desc_sim"": 0.0501429286560827, ""kw_tactic_jaccard"": 0.0, ""mitigation_overlap"": 0.024793388429752067}"
T1553.005,CWE-639,0.1499,,"{""title_sim"": 0.42857142857142855, ""desc_sim"": 0.0415190810251626, ""kw_tactic_jaccard"": 0.0, ""mitigation_overlap"": 0.04424778761061947}"
T1553.005,CWE-288,0.1488,,"{""title_sim"": 0.42857142857142855, ""desc_sim"": 0.03640969132519225, ""kw_tactic_jaccard"": 0.0, ""mitigation_overlap"": 0.046296296296296294}"
T1600.002,CWE-1338,0.2584,boost_common_term:hardware,"{""title_sim"": 0.5161290322580645, ""desc_sim"": 0.15568534124397726, ""kw_tactic_jaccard"": 0.0, ""mitigation_overlap"": 0.03409090909090909}"
T1600.002,CWE-1351,0.2509,boost_common_term:hardware,"{""title_sim"": 0.5161290322580645, ""desc_sim"": 0.13328478250416778, ""kw_tactic_jaccard"": 0.0, ""mitigation_overlap"": 0.030612244897959183}"
T1600.002,CWE-1239,0.2485,boost_common_term:hardware,"{""title_sim"": 0.5161290322580645, ""desc_sim"": 0.13131917073882793, ""kw_tactic_jaccard"": 0.0, ""mitigation_overlap"": 0.02127659574468085}"
T1542,CWE-1190,0.1959,,"{""title_sim"": 0.5333333333333333, ""desc_sim"": 0.10279529674626381, ""kw_tactic_jaccard"": 0.0, ""mitigation_overlap"": 0.02531645569620253}"
T1542,CWE-1274,0.1843,,"{""title_sim"": 0.5333333333333333, ""desc_sim"": 0.05614236124109314, ""kw_tactic_jaccard"": 0.0, ""mitigation_overlap"": 0.0375}"
T1542,CWE-114,0.1492,,"{""title_sim"": 0.4615384615384615, ""desc_sim"": 0.026657260026006054, ""kw_tactic_jaccard"": 0.0, ""mitigation_overlap"": 0.013513513513513514}"
T1064,CWE-644,0.3898,boost_common_term:scripting,"{""title_sim"": 1.0, ""desc_sim"": 0.1098054251105045, ""kw_tactic_jaccard"": 0.0, ""mitigation_overlap"": 0.03424657534246575}"
T1064,CWE-623,0.3465,,"{""title_sim"": 1.0, ""desc_sim"": 0.1353935964035561, ""kw_tactic_jaccard"": 0.0, ""mitigation_overlap"": 0.029197080291970802}"
T1064,CWE-692,0.3228,,"{""title_sim"": 1.0, ""desc_sim"": 0.07144070239731688, ""kw_tactic_jaccard"": 0.0, ""mitigation_overlap"": 0.006896551724137931}"
T1612,CWE-297,0.1855,boost_common_term:host,"{""title_sim"": 0.36111111111111116, ""desc_sim"": 0.06740330425109477, ""kw_tactic_jaccard"": 0.0, ""mitigation_overlap"": 0.03488372093023256}"
T1612,CWE-605,0.1599,,"{""title_sim"": 0.48, ""desc_sim"": 0.037545109122749366, ""kw_tactic_jaccard"": 0.0, ""mitigation_overlap"": 0.023255813953488372}"
T1612,CWE-1039,0.1570,boost_common_term:image,"{""title_sim"": 0.2148760330578513, ""desc_sim"": 0.10936163541193203, ""kw_tactic_jaccard"": 0.0, ""mitigation_overlap"": 0.04854368932038835}"
T1051,CWE-1250,0.2600,boost_common_term:shared,"{""title_sim"": 0.6, ""desc_sim"": 0.07453148181380881, ""kw_tactic_jaccard"": 0.0, ""mitigation_overlap"": 0.0380952380952381}"
T1051,CWE-1423,0.2569,boost_common_term:shared,"{""title_sim"": 0.6, ""desc_sim"": 0.04805724662889456, ""kw_tactic_jaccard"": 0.0, ""mitigation_overlap"": 0.0625}"
T1051,CWE-1421,0.2565,boost_common_term:shared,"{""title_sim"": 0.6, ""desc_sim"": 0.05454123427309861, ""kw_tactic_jaccard"": 0.0, ""mitigation_overlap"": 0.050505050505050504}"
T1055.002,CWE-1319,0.2228,boost_common_term:injection,"{""title_sim"": 0.4736842105263158, ""desc_sim"": 0.08853231000748377, ""kw_tactic_jaccard"": 0.0, ""mitigation_overlap"": 0.020833333333333332}"
T1055.002,CWE-624,0.2197,boost_common_term:executable,"{""title_sim"": 0.53125, ""desc_sim"": 0.02802204510898504, ""kw_tactic_jaccard"": 0.0, ""mitigation_overlap"": 0.00980392156862745}"
T1055.002,CWE-96,0.1981,boost_common_term:executable,"{""title_sim"": 0.3392857142857143, ""desc_sim"": 0.11526690179715722, ""kw_tactic_jaccard"": 0.0, ""mitigation_overlap"": 0.058823529411764705}"
T1218.012,CWE-283,0.1162,,"{""title_sim"": 0.3571428571428571, ""desc_sim"": 0.016447491195875675, ""kw_tactic_jaccard"": 0.0, ""mitigation_overlap"": 0.020833333333333332}"
T1218.012,CWE-674,0.1142,,"{""title_sim"": 0.33333333333333326, ""desc_sim"": 0.02084782825334474, ""kw_tactic_jaccard"": 0.0, ""mitigation_overlap"": 0.039603960396039604}"
T1218.012,CWE-426,0.1109,,"{""title_sim"": 0.3448275862068965, ""desc_sim"": 0.01148794221556363, ""kw_tactic_jaccard"": 0.0, ""mitigation_overlap"": 0.02}"
T1586,CWE-645,0.1990,boost_common_term:accounts,"{""title_sim"": 0.41269841269841273, ""desc_sim"": 0.06376401515084013, ""kw_tactic_jaccard"": 0.0, ""mitigation_overlap"": 0.030534351145038167}"
T1586,CWE-521,0.1877,boost_common_term:compromise,"{""title_sim"": 0.3111111111111111, ""desc_sim"": 0.11517300274496818, ""kw_tactic_jaccard"": 0.0, ""mitigation_overlap"": 0.04918032786885246}"
T1586,CWE-284,0.1803,,"{""title_sim"": 0.5714285714285715, ""desc_sim"": 0.024046512624002186, ""kw_tactic_jaccard"": 0.0, ""mitigation_overlap"": 0.008333333333333333}"
T1569.001,CWE-682,0.1244,,"{""title_sim"": 0.4, ""desc_sim"": 0.014546840956301743, ""kw_tactic_jaccard"": 0.0, ""mitigation_overlap"": 0.0}"
T1569.001,CWE-252,0.1226,,"{""title_sim"": 0.3870967741935484, ""desc_sim"": 0.011359352585830838, ""kw_tactic_jaccard"": 0.0, ""mitigation_overlap"": 0.015151515151515152}"
T1569.001,CWE-459,0.1137,,"{""title_sim"": 0.3703703703703704, ""desc_sim"": 0.008702185170475918, ""kw_tactic_jaccard"": 0.0, ""mitigation_overlap"": 0.0}"
T1584.005,CWE-436,0.1170,,"{""title_sim"": 0.3448275862068965, ""desc_sim"": 0.03607297443406127, ""kw_tactic_jaccard"": 0.0, ""mitigation_overlap"": 0.0136986301369863}"
T1584.005,CWE-1069,0.1159,,"{""title_sim"": 0.3703703703703704, ""desc_sim"": 0.006528417578713162, ""kw_tactic_jaccard"": 0.0, ""mitigation_overlap"": 0.014084507042253521}"
T1584.005,CWE-863,0.1148,,"{""title_sim"": 0.3448275862068965, ""desc_sim"": 0.0288733597773907, ""kw_tactic_jaccard"": 0.0, ""mitigation_overlap"": 0.013513513513513514}"
T1059.008,CWE-406,0.2468,boost_common_term:network,"{""title_sim"": 0.56, ""desc_sim"": 0.07755944492502148, ""kw_tactic_jaccard"": 0.0, ""mitigation_overlap"": 0.027777777777777776}"
T1059.008,CWE-1331,0.2409,boost_common_term:network,"{""title_sim"": 0.56, ""desc_sim"": 0.06456856335529744, ""kw_tactic_jaccard"": 0.0, ""mitigation_overlap"": 0.017857142857142856}"
T1059.008,CWE-1051,0.2392,boost_common_term:network,"{""title_sim"": 0.56, ""desc_sim"": 0.0574489171230369, ""kw_tactic_jaccard"": 0.0, ""mitigation_overlap"": 0.02}"
T1552.003,CWE-553,0.2588,boost_common_term:shell,"{""title_sim"": 0.5555555555555556, ""desc_sim"": 0.11138243032354576, ""kw_tactic_jaccard"": 0.0, ""mitigation_overlap"": 0.043478260869565216}"
T1552.003,CWE-535,0.2387,boost_common_term:shell,"{""title_sim"": 0.5555555555555556, ""desc_sim"": 0.05227002114230735, ""kw_tactic_jaccard"": 0.0, ""mitigation_overlap"": 0.032}"
T1552.003,CWE-384,0.1467,,"{""title_sim"": 0.41379310344827586, ""desc_sim"": 0.06395513813251925, ""kw_tactic_jaccard"": 0.0, ""mitigation_overlap"": 0.017094017094017096}"
T1562.010,CWE-1125,0.2283,boost_common_term:attack,"{""title_sim"": 0.5454545454545454, ""desc_sim"": 0.04367618963626103, ""kw_tactic_jaccard"": 0.0, ""mitigation_overlap"": 0.008}"
T1562.010,CWE-1328,0.2033,boost_common_term:downgrade,"{""title_sim"": 0.21538461538461534, ""desc_sim"": 0.27420196815405723, ""kw_tactic_jaccard"": 0.0, ""mitigation_overlap"": 0.032}"
T1562.010,CWE-301,0.1902,,"{""title_sim"": 0.5454545454545454, ""desc_sim"": 0.05654590884446973, ""kw_tactic_jaccard"": 0.0, ""mitigation_overlap"": 0.048}"
T1559.003,CWE-651,0.1375,boost_common_term:services,"{""title_sim"": 0.18181818181818188, ""desc_sim"": 0.07110531737860343, ""kw_tactic_jaccard"": 0.0, ""mitigation_overlap"": 0.058333333333333334}"
T1559.003,CWE-1177,0.1227,,"{""title_sim"": 0.35294117647058826, ""desc_sim"": 0.04412575389157014, ""kw_tactic_jaccard"": 0.0, ""mitigation_overlap"": 0.018018018018018018}"
T1559.003,CWE-605,0.1215,boost_common_term:services,"{""title_sim"": 0.18604651162790703, ""desc_sim"": 0.03387939077203811, ""kw_tactic_jaccard"": 0.0, ""mitigation_overlap"": 0.027777777777777776}"
T1497,CWE-455,0.1657,,"{""title_sim"": 0.5079365079365079, ""desc_sim"": 0.028830616649205262, ""kw_tactic_jaccard"": 0.0, ""mitigation_overlap"": 0.023255813953488372}"
T1497,CWE-665,0.1569,,"{""title_sim"": 0.49056603773584906, ""desc_sim"": 0.0323319959872857, ""kw_tactic_jaccard"": 0.0, ""mitigation_overlap"": 0.0}"
T1497,CWE-112,0.1539,,"{""title_sim"": 0.5, ""desc_sim"": 0.013145779914909223, ""kw_tactic_jaccard"": 0.0, ""mitigation_overlap"": 0.0}"
T1102,CWE-525,0.2206,boost_common_term:web,"{""title_sim"": 0.42857142857142855, ""desc_sim"": 0.11954759092198404, ""kw_tactic_jaccard"": 0.0, ""mitigation_overlap"": 0.030927835051546393}"
T1102,CWE-830,0.2140,boost_common_term:web,"{""title_sim"": 0.42857142857142855, ""desc_sim"": 0.09738686492244812, ""kw_tactic_jaccard"": 0.0, ""mitigation_overlap"": 0.030927835051546393}"
T1102,CWE-1022,0.2103,boost_common_term:web,"{""title_sim"": 0.42857142857142855, ""desc_sim"": 0.08642555532538797, ""kw_tactic_jaccard"": 0.0, ""mitigation_overlap"": 0.02912621359223301}"
T1552.001,CWE-1392,0.3267,boost_common_term:credentials;boost_subtech_title_match,"{""title_sim"": 0.7096774193548387, ""desc_sim"": 0.1001409022981727, ""kw_tactic_jaccard"": 0.0, ""mitigation_overlap"": 0.018867924528301886}"
T1552.001,CWE-522,0.3204,boost_common_term:credentials;boost_subtech_title_match,"{""title_sim"": 0.7096774193548387, ""desc_sim"": 0.07941200021427357, ""kw_tactic_jaccard"": 0.0, ""mitigation_overlap"": 0.01834862385321101}"
T1552.001,CWE-1391,0.3200,boost_common_term:credentials;boost_subtech_title_match,"{""title_sim"": 0.7096774193548387, ""desc_sim"": 0.07216091475980653, ""kw_tactic_jaccard"": 0.0, ""mitigation_overlap"": 0.02727272727272727}"
T1568.003,CWE-682,0.3919,boost_common_term:calculation;boost_subtech_title_match,"{""title_sim"": 0.8461538461538461, ""desc_sim"": 0.16174678666020692, ""kw_tactic_jaccard"": 0.0, ""mitigation_overlap"": 0.047619047619047616}"
T1568.003,CWE-131,0.3222,boost_subtech_title_match,"{""title_sim"": 0.8461538461538461, ""desc_sim"": 0.09598908503256154, ""kw_tactic_jaccard"": 0.0, ""mitigation_overlap"": 0.047619047619047616}"
T1568.003,CWE-135,0.3180,boost_subtech_title_match,"{""title_sim"": 0.8461538461538461, ""desc_sim"": 0.09279621325429438, ""kw_tactic_jaccard"": 0.0, ""mitigation_overlap"": 0.031746031746031744}"
T1218.005,CWE-328,0.1040,,"{""title_sim"": 0.2857142857142857, ""desc_sim"": 0.034321812786458746, ""kw_tactic_jaccard"": 0.0, ""mitigation_overlap"": 0.04}"
T1218.005,CWE-507,0.0924,,"{""title_sim"": 0.23529411764705885, ""desc_sim"": 0.043213171692807174, ""kw_tactic_jaccard"": 0.0, ""mitigation_overlap"": 0.04424778761061947}"
T1218.005,CWE-820,0.0919,,"{""title_sim"": 0.2857142857142857, ""desc_sim"": 0.008344547261880404, ""kw_tactic_jaccard"": 0.0, ""mitigation_overlap"": 0.018518518518518517}"
T1547.015,CWE-667,0.1613,,"{""title_sim"": 0.5185185185185186, ""desc_sim"": 0.01519225627185959, ""kw_tactic_jaccard"": 0.0, ""mitigation_overlap"": 0.006024096385542169}"
T1547.015,CWE-778,0.1611,,"{""title_sim"": 0.5161290322580645, ""desc_sim"": 0.012870950115646776, ""kw_tactic_jaccard"": 0.0, ""mitigation_overlap"": 0.011976047904191617}"
T1547.015,CWE-779,0.1607,,"{""title_sim"": 0.5, ""desc_sim"": 0.023744105639806133, ""kw_tactic_jaccard"": 0.0, ""mitigation_overlap"": 0.01775147928994083}"
T1608,CWE-268,0.2104,boost_common_term:capabilities,"{""title_sim"": 0.4444444444444444, ""desc_sim"": 0.07318955549517385, ""kw_tactic_jaccard"": 0.0, ""mitigation_overlap"": 0.02531645569620253}"
T1608,CWE-1209,0.1815,boost_common_term:capabilities,"{""title_sim"": 0.32, ""desc_sim"": 0.07910155486432177, ""kw_tactic_jaccard"": 0.0, ""mitigation_overlap"": 0.058823529411764705}"
T1608,CWE-1099,0.1640,boost_common_term:capabilities,"{""title_sim"": 0.3076923076923077, ""desc_sim"": 0.06003920050090388, ""kw_tactic_jaccard"": 0.0, ""mitigation_overlap"": 0.018633540372670808}"
T1608.005,CWE-1022,0.3692,boost_subtech_title_match,"{""title_sim"": 1.0, ""desc_sim"": 0.11786471097147018, ""kw_tactic_jaccard"": 0.0, ""mitigation_overlap"": 0.019417475728155338}"
T1608.005,CWE-59,0.2768,boost_common_term:link,"{""title_sim"": 0.5333333333333333, ""desc_sim"": 0.20921599207905134, ""kw_tactic_jaccard"": 0.0, ""mitigation_overlap"": 0.020100502512562814}"
T1608.005,CWE-62,0.2622,"boost_common_term:link,target","{""title_sim"": 0.56, ""desc_sim"": 0.13120567654513313, ""kw_tactic_jaccard"": 0.0, ""mitigation_overlap"": 0.024154589371980676}"
T1104,CWE-1300,0.2408,boost_common_term:channels,"{""title_sim"": 0.5714285714285715, ""desc_sim"": 0.05237416031413537, ""kw_tactic_jaccard"": 0.0, ""mitigation_overlap"": 0.01834862385321101}"
T1104,CWE-385,0.2351,boost_common_term:channels,"{""title_sim"": 0.5365853658536586, ""desc_sim"": 0.05344021740938211, ""kw_tactic_jaccard"": 0.0, ""mitigation_overlap"": 0.04040404040404041}"
T1104,CWE-515,0.2255,,"{""title_sim"": 0.6666666666666665, ""desc_sim"": 0.05242464498490778, ""kw_tactic_jaccard"": 0.0, ""mitigation_overlap"": 0.049019607843137254}"
T1657,CWE-912,0.1514,,"{""title_sim"": 0.45714285714285713, ""desc_sim"": 0.04313256734240646, ""kw_tactic_jaccard"": 0.0, ""mitigation_overlap"": 0.006622516556291391}"
T1657,CWE-617,0.1391,,"{""title_sim"": 0.411764705882353, ""desc_sim"": 0.04324076109980658, ""kw_tactic_jaccard"": 0.0, ""mitigation_overlap"": 0.013071895424836602}"
T1657,CWE-1024,0.1383,,"{""title_sim"": 0.425531914893617, ""desc_sim"": 0.02672054835059202, ""kw_tactic_jaccard"": 0.0, ""mitigation_overlap"": 0.012987012987012988}"
T1480,CWE-1423,0.2567,boost_common_term:execution,"{""title_sim"": 0.6206896551724138, ""desc_sim"": 0.0490948562430539, ""kw_tactic_jaccard"": 0.0, ""mitigation_overlap"": 0.02877697841726619}"
T1480,CWE-1342,0.2539,boost_common_term:execution,"{""title_sim"": 0.6206896551724138, ""desc_sim"": 0.04904517979728263, ""kw_tactic_jaccard"": 0.0, ""mitigation_overlap"": 0.014814814814814815}"
T1480,CWE-1067,0.2160,,"{""title_sim"": 0.6206896551724138, ""desc_sim"": 0.07470128968776477, ""kw_tactic_jaccard"": 0.0, ""mitigation_overlap"": 0.03676470588235294}"
T1619,CWE-515,0.2667,boost_common_term:storage,"{""title_sim"": 0.6153846153846154, ""desc_sim"": 0.08068056059237946, ""kw_tactic_jaccard"": 0.0, ""mitigation_overlap"": 0.039473684210526314}"
T1619,CWE-595,0.2247,boost_common_term:object,"{""title_sim"": 0.4358974358974359, ""desc_sim"": 0.12578962746305508, ""kw_tactic_jaccard"": 0.0, ""mitigation_overlap"": 0.03076923076923077}"
T1619,CWE-257,0.2068,boost_common_term:storage,"{""title_sim"": 0.45070422535211263, ""desc_sim"": 0.04346569290225278, ""kw_tactic_jaccard"": 0.0, ""mitigation_overlap"": 0.0425531914893617}"
T1606.001,CWE-539,0.4037,"boost_common_term:cookies,web;boost_subtech_title_match","{""title_sim"": 0.7777777777777777, ""desc_sim"": 0.2877367002272354, ""kw_tactic_jaccard"": 0.0, ""mitigation_overlap"": 0.020202020202020204}"
T1606.001,CWE-565,0.3701,boost_common_term:cookies;boost_subtech_title_match,"{""title_sim"": 0.7777777777777777, ""desc_sim"": 0.17063307730466767, ""kw_tactic_jaccard"": 0.0, ""mitigation_overlap"": 0.027777777777777776}"
T1606.001,CWE-784,0.3305,boost_subtech_title_match,"{""title_sim"": 0.7777777777777777, ""desc_sim"": 0.19833825924054765, ""kw_tactic_jaccard"": 0.0, ""mitigation_overlap"": 0.0380952380952381}"
T1654,CWE-779,0.1923,boost_common_term:log,"{""title_sim"": 0.35, ""desc_sim"": 0.11938443590165819, ""kw_tactic_jaccard"": 0.0, ""mitigation_overlap"": 0.007518796992481203}"
T1654,CWE-117,0.1846,boost_common_term:log,"{""title_sim"": 0.3703703703703704, ""desc_sim"": 0.07837474377003509, ""kw_tactic_jaccard"": 0.0, ""mitigation_overlap"": 0.0}"
T1654,CWE-532,0.1739,boost_common_term:log,"{""title_sim"": 0.38095238095238093, ""desc_sim"": 0.031972362551105665, ""kw_tactic_jaccard"": 0.0, ""mitigation_overlap"": 0.0}"
T1134.001,CWE-1259,0.2515,boost_common_term:token,"{""title_sim"": 0.48648648648648646, ""desc_sim"": 0.1640935134134139, ""kw_tactic_jaccard"": 0.0, ""mitigation_overlap"": 0.031578947368421054}"
T1134.001,CWE-1270,0.2294,boost_common_term:token,"{""title_sim"": 0.46875, ""desc_sim"": 0.10818716559379553, ""kw_tactic_jaccard"": 0.0, ""mitigation_overlap"": 0.031578947368421054}"
T1134.001,CWE-1255,0.2017,boost_common_term:token,"{""title_sim"": 0.2823529411764706, ""desc_sim"": 0.1944893628120465, ""kw_tactic_jaccard"": 0.0, ""mitigation_overlap"": 0.043010752688172046}"
T1567.001,CWE-561,0.2924,boost_common_term:code;boost_subtech_title_match,"{""title_sim"": 0.6153846153846154, ""desc_sim"": 0.05175039713860972, ""kw_tactic_jaccard"": 0.0, ""mitigation_overlap"": 0.061224489795918366}"
T1567.001,CWE-527,0.2738,boost_common_term:repository,"{""title_sim"": 0.5909090909090909, ""desc_sim"": 0.13244084268015105, ""kw_tactic_jaccard"": 0.0, ""mitigation_overlap"": 0.03389830508474576}"
T1567.001,CWE-540,0.2569,"boost_common_term:repository,code","{""title_sim"": 0.525, ""desc_sim"": 0.11537225909245609, ""kw_tactic_jaccard"": 0.0, ""mitigation_overlap"": 0.07407407407407407}"
T1021.007,CWE-651,0.1728,boost_common_term:services,"{""title_sim"": 0.2647058823529412, ""desc_sim"": 0.10176042859236686, ""kw_tactic_jaccard"": 0.0, ""mitigation_overlap"": 0.06422018348623854}"
T1021.007,CWE-114,0.1612,,"{""title_sim"": 0.48275862068965514, ""desc_sim"": 0.0342091992856913, ""kw_tactic_jaccard"": 0.0, ""mitigation_overlap"": 0.030303030303030304}"
T1021.007,CWE-1327,0.1600,boost_common_term:cloud,"{""title_sim"": 0.27450980392156865, ""desc_sim"": 0.07871270895140747, ""kw_tactic_jaccard"": 0.0, ""mitigation_overlap"": 0.02}"
T1205.001,CWE-605,0.2769,boost_common_term:port,"{""title_sim"": 0.4705882352941177, ""desc_sim"": 0.2486636063326186, ""kw_tactic_jaccard"": 0.0, ""mitigation_overlap"": 0.05555555555555555}"
T1205.001,CWE-172,0.1829,,"{""title_sim"": 0.5925925925925926, ""desc_sim"": 0.017238238735416488, ""kw_tactic_jaccard"": 0.0, ""mitigation_overlap"": 0.0}"
T1205.001,CWE-514,0.1532,,"{""title_sim"": 0.4444444444444444, ""desc_sim"": 0.04463157619624312, ""kw_tactic_jaccard"": 0.0, ""mitigation_overlap"": 0.03260869565217391}"
T1027.012,CWE-64,0.1936,,"{""title_sim"": 0.3137254901960784, ""desc_sim"": 0.2900394392133006, ""kw_tactic_jaccard"": 0.0, ""mitigation_overlap"": 0.0625}"
T1027.012,CWE-778,0.1598,,"{""title_sim"": 0.5263157894736842, ""desc_sim"": 0.006445712424579333, ""kw_tactic_jaccard"": 0.0, ""mitigation_overlap"": 0.0}"
T1027.012,CWE-468,0.1497,,"{""title_sim"": 0.46511627906976744, ""desc_sim"": 0.027753492394860198, ""kw_tactic_jaccard"": 0.0, ""mitigation_overlap"": 0.009433962264150943}"
T1583.006,CWE-830,0.2125,boost_common_term:web,"{""title_sim"": 0.4, ""desc_sim"": 0.1154948018199684, ""kw_tactic_jaccard"": 0.0, ""mitigation_overlap"": 0.039473684210526314}"
T1583.006,CWE-525,0.2078,boost_common_term:web,"{""title_sim"": 0.4, ""desc_sim"": 0.10860621185408462, ""kw_tactic_jaccard"": 0.0, ""mitigation_overlap"": 0.025974025974025976}"
T1583.006,CWE-80,0.2076,boost_common_term:web,"{""title_sim"": 0.4, ""desc_sim"": 0.10115852479532328, ""kw_tactic_jaccard"": 0.0, ""mitigation_overlap"": 0.03614457831325301}"
T1528,CWE-1259,0.2552,boost_common_term:token,"{""title_sim"": 0.5316455696202531, ""desc_sim"": 0.13860666700901497, ""kw_tactic_jaccard"": 0.0, ""mitigation_overlap"": 0.0205761316872428}"
T1528,CWE-1065,0.2469,boost_common_term:application,"{""title_sim"": 0.5365853658536586, ""desc_sim"": 0.10887524528498194, ""kw_tactic_jaccard"": 0.0, ""mitigation_overlap"": 0.01652892561983471}"
T1528,CWE-926,0.2425,"boost_common_term:access,application","{""title_sim"": 0.5365853658536586, ""desc_sim"": 0.08283657171935173, ""kw_tactic_jaccard"": 0.0, ""mitigation_overlap"": 0.03347280334728033}"
T1598.002,CWE-484,0.1483,,"{""title_sim"": 0.456140350877193, ""desc_sim"": 0.023593380499490547, ""kw_tactic_jaccard"": 0.0, ""mitigation_overlap"": 0.021897810218978103}"
T1598.002,CWE-385,0.1469,,"{""title_sim"": 0.4, ""desc_sim"": 0.06409174724270261, ""kw_tactic_jaccard"": 0.0, ""mitigation_overlap"": 0.038461538461538464}"
T1598.002,CWE-1273,0.1461,,"{""title_sim"": 0.39285714285714285, ""desc_sim"": 0.06689401814514043, ""kw_tactic_jaccard"": 0.0, ""mitigation_overlap"": 0.040983606557377046}"
T1098.001,CWE-1391,0.3093,boost_common_term:credentials;boost_subtech_title_match,"{""title_sim"": 0.6470588235294117, ""desc_sim"": 0.10091931179183583, ""kw_tactic_jaccard"": 0.0, ""mitigation_overlap"": 0.024390243902439025}"
T1098.001,CWE-1392,0.2674,boost_common_term:credentials,"{""title_sim"": 0.5945945945945946, ""desc_sim"": 0.12023169275814496, ""kw_tactic_jaccard"": 0.0, ""mitigation_overlap"": 0.01485148514851485}"
T1098.001,CWE-522,0.2552,boost_common_term:credentials,"{""title_sim"": 0.59375, ""desc_sim"": 0.08051612428626835, ""kw_tactic_jaccard"": 0.0, ""mitigation_overlap"": 0.014634146341463415}"
T1204,CWE-1342,0.3074,boost_common_term:execution,"{""title_sim"": 0.782608695652174, ""desc_sim"": 0.0615901632760232, ""kw_tactic_jaccard"": 0.0, ""mitigation_overlap"": 0.020833333333333332}"
T1204,CWE-1423,0.3058,boost_common_term:execution,"{""title_sim"": 0.782608695652174, ""desc_sim"": 0.04749155601324465, ""kw_tactic_jaccard"": 0.0, ""mitigation_overlap"": 0.033783783783783786}"
T1204,CWE-1112,0.2595,,"{""title_sim"": 0.782608695652174, ""desc_sim"": 0.06367388534816008, ""kw_tactic_jaccard"": 0.0, ""mitigation_overlap"": 0.028169014084507043}"
T1491.001,CWE-206,0.2666,boost_common_term:internal,"{""title_sim"": 0.5925925925925926, ""desc_sim"": 0.12170781804189028, ""kw_tactic_jaccard"": 0.0, ""mitigation_overlap"": 0.011627906976744186}"
T1491.001,CWE-45,0.2622,boost_common_term:internal,"{""title_sim"": 0.5925925925925926, ""desc_sim"": 0.10013177408017669, ""kw_tactic_jaccard"": 0.0, ""mitigation_overlap"": 0.02197802197802198}"
T1491.001,CWE-164,0.2607,boost_common_term:internal,"{""title_sim"": 0.5925925925925926, ""desc_sim"": 0.10229460826781311, ""kw_tactic_jaccard"": 0.0, ""mitigation_overlap"": 0.011235955056179775}"
T1564.002,CWE-912,0.3169,boost_common_term:users;boost_subtech_title_match,"{""title_sim"": 0.6666666666666665, ""desc_sim"": 0.09887870758137063, ""kw_tactic_jaccard"": 0.0, ""mitigation_overlap"": 0.03597122302158273}"
T1564.002,CWE-507,0.1918,boost_common_term:hidden,"{""title_sim"": 0.33333333333333326, ""desc_sim"": 0.11611405888479823, ""kw_tactic_jaccard"": 0.0, ""mitigation_overlap"": 0.034722222222222224}"
T1564.002,CWE-356,0.1849,boost_common_term:users,"{""title_sim"": 0.30508474576271183, ""desc_sim"": 0.12204698868662006, ""kw_tactic_jaccard"": 0.0, ""mitigation_overlap"": 0.034013605442176874}"
T1134.003,CWE-1259,0.2325,boost_common_term:token,"{""title_sim"": 0.45333333333333337, ""desc_sim"": 0.13759006744004343, ""kw_tactic_jaccard"": 0.0, ""mitigation_overlap"": 0.025974025974025976}"
T1134.003,CWE-1270,0.2214,boost_common_term:token,"{""title_sim"": 0.4307692307692308, ""desc_sim"": 0.11426008943186917, ""kw_tactic_jaccard"": 0.0, ""mitigation_overlap"": 0.039473684210526314}"
T1134.003,CWE-591,0.2067,boost_common_term:make,"{""title_sim"": 0.4210526315789474, ""desc_sim"": 0.052047640028597006, ""kw_tactic_jaccard"": 0.0, ""mitigation_overlap"": 0.07407407407407407}"
T1552.006,CWE-942,0.2087,boost_common_term:policy,"{""title_sim"": 0.4, ""desc_sim"": 0.11363840947767365, ""kw_tactic_jaccard"": 0.0, ""mitigation_overlap"": 0.023255813953488372}"
T1552.006,CWE-213,0.1702,boost_common_term:policy,"{""title_sim"": 0.3023255813953489, ""desc_sim"": 0.07613043815631092, ""kw_tactic_jaccard"": 0.0, ""mitigation_overlap"": 0.03333333333333333}"
T1552.006,CWE-766,0.1700,boost_common_term:policy,"{""title_sim"": 0.3278688524590164, ""desc_sim"": 0.055045231360865754, ""kw_tactic_jaccard"": 0.0, ""mitigation_overlap"": 0.02564102564102564}"
T1196,CWE-529,0.2345,boost_common_term:control,"{""title_sim"": 0.5384615384615384, ""desc_sim"": 0.05735084850170235, ""kw_tactic_jaccard"": 0.0, ""mitigation_overlap"": 0.02857142857142857}"
T1196,CWE-829,0.2335,boost_common_term:control,"{""title_sim"": 0.5384615384615384, ""desc_sim"": 0.0472521342691716, ""kw_tactic_jaccard"": 0.0, ""mitigation_overlap"": 0.038834951456310676}"
T1196,CWE-73,0.2328,boost_common_term:control,"{""title_sim"": 0.5384615384615384, ""desc_sim"": 0.051589294192006606, ""kw_tactic_jaccard"": 0.0, ""mitigation_overlap"": 0.02912621359223301}"
T1048.002,CWE-638,0.2078,boost_common_term:over,"{""title_sim"": 0.3902439024390244, ""desc_sim"": 0.10641730512668428, ""kw_tactic_jaccard"": 0.0, ""mitigation_overlap"": 0.04395604395604396}"
T1048.002,CWE-1420,0.1969,boost_common_term:over,"{""title_sim"": 0.4035087719298246, ""desc_sim"": 0.05492718289534667, ""kw_tactic_jaccard"": 0.0, ""mitigation_overlap"": 0.047058823529411764}"
T1048.002,CWE-780,0.1913,boost_common_term:asymmetric,"{""title_sim"": 0.29885057471264376, ""desc_sim"": 0.1570114144305488, ""kw_tactic_jaccard"": 0.0, ""mitigation_overlap"": 0.022727272727272728}"
T1087.004,CWE-645,0.3235,boost_common_term:account;boost_subtech_title_match,"{""title_sim"": 0.7, ""desc_sim"": 0.07993509624960611, ""kw_tactic_jaccard"": 0.0, ""mitigation_overlap"": 0.047619047619047616}"
T1087.004,CWE-489,0.1428,,"{""title_sim"": 0.4666666666666666, ""desc_sim"": 0.009198100280692508, ""kw_tactic_jaccard"": 0.0, ""mitigation_overlap"": 0.0}"
T1087.004,CWE-284,0.1417,,"{""title_sim"": 0.4444444444444444, ""desc_sim"": 0.021032221231635177, ""kw_tactic_jaccard"": 0.0, ""mitigation_overlap"": 0.010526315789473684}"
T1057,CWE-214,0.2674,boost_common_term:process,"{""title_sim"": 0.5833333333333334, ""desc_sim"": 0.11921252244529158, ""kw_tactic_jaccard"": 0.0, ""mitigation_overlap"": 0.03333333333333333}"
T1057,CWE-114,0.2082,,"{""title_sim"": 0.6363636363636364, ""desc_sim"": 0.04676082262679873, ""kw_tactic_jaccard"": 0.0, ""mitigation_overlap"": 0.01639344262295082}"
T1057,CWE-67,0.1881,boost_common_term:process,"{""title_sim"": 0.3448275862068965, ""desc_sim"": 0.07544787168419667, ""kw_tactic_jaccard"": 0.0, ""mitigation_overlap"": 0.06015037593984962}"
T1562.003,CWE-778,0.2366,boost_common_term:logging,"{""title_sim"": 0.5185185185185186, ""desc_sim"": 0.08720528145833409, ""kw_tactic_jaccard"": 0.0, ""mitigation_overlap"": 0.024539877300613498}"
T1562.003,CWE-77,0.2012,boost_common_term:command,"{""title_sim"": 0.3783783783783784, ""desc_sim"": 0.09425098953280464, ""kw_tactic_jaccard"": 0.0, ""mitigation_overlap"": 0.047058823529411764}"
T1562.003,CWE-78,0.1995,boost_common_term:command,"{""title_sim"": 0.3783783783783784, ""desc_sim"": 0.08846079719270084, ""kw_tactic_jaccard"": 0.0, ""mitigation_overlap"": 0.047058823529411764}"
T1053.004,CWE-252,0.1148,,"{""title_sim"": 0.3448275862068965, ""desc_sim"": 0.020730294479069954, ""kw_tactic_jaccard"": 0.0, ""mitigation_overlap"": 0.025423728813559324}"
T1053.004,CWE-426,0.1095,,"{""title_sim"": 0.2857142857142857, ""desc_sim"": 0.05056257434592621, ""kw_tactic_jaccard"": 0.0, ""mitigation_overlap"": 0.04310344827586207}"
T1053.004,CWE-912,0.1087,,"{""title_sim"": 0.29629629629629634, ""desc_sim"": 0.04923560360262628, ""kw_tactic_jaccard"": 0.0, ""mitigation_overlap"": 0.025210084033613446}"
T1556.008,CWE-406,0.2311,boost_common_term:network,"{""title_sim"": 0.5185185185185186, ""desc_sim"": 0.06451777540508953, ""kw_tactic_jaccard"": 0.0, ""mitigation_overlap"": 0.030927835051546393}"
T1556.008,CWE-1051,0.2254,boost_common_term:network,"{""title_sim"": 0.5185185185185186, ""desc_sim"": 0.0512408272520746, ""kw_tactic_jaccard"": 0.0, ""mitigation_overlap"": 0.02247191011235955}"
T1556.008,CWE-1331,0.2251,boost_common_term:network,"{""title_sim"": 0.5185185185185186, ""desc_sim"": 0.04524105383210165, ""kw_tactic_jaccard"": 0.0, ""mitigation_overlap"": 0.03}"
T1546.003,CWE-360,0.2416,boost_common_term:event,"{""title_sim"": 0.43037974683544306, ""desc_sim"": 0.19227979096333248, ""kw_tactic_jaccard"": 0.0, ""mitigation_overlap"": 0.023809523809523808}"
T1546.003,CWE-778,0.2173,boost_common_term:event,"{""title_sim"": 0.32876712328767127, ""desc_sim"": 0.2069841373251667, ""kw_tactic_jaccard"": 0.0, ""mitigation_overlap"": 0.03296703296703297}"
T1546.003,CWE-1420,0.2163,boost_common_term:event,"{""title_sim"": 0.46017699115044247, ""desc_sim"": 0.0724492771401177, ""kw_tactic_jaccard"": 0.0, ""mitigation_overlap"": 0.03260869565217391}"
T1596.004,CWE-561,0.0967,,"{""title_sim"": 0.3076923076923077, ""desc_sim"": 0.007827646223015579, ""kw_tactic_jaccard"": 0.0, ""mitigation_overlap"": 0.01020408163265306}"
T1596.004,CWE-433,0.0927,,"{""title_sim"": 0.16216216216216212, ""desc_sim"": 0.1277346748836187, ""kw_tactic_jaccard"": 0.0, ""mitigation_overlap"": 0.028846153846153848}"
T1596.004,CWE-589,0.0796,,"{""title_sim"": 0.2, ""desc_sim"": 0.03474646453793982, ""kw_tactic_jaccard"": 0.0, ""mitigation_overlap"": 0.045871559633027525}"
T1497.002,CWE-356,0.2129,boost_common_term:user,"{""title_sim"": 0.4383561643835616, ""desc_sim"": 0.0843701931769911, ""kw_tactic_jaccard"": 0.0, ""mitigation_overlap"": 0.030534351145038167}"
T1497.002,CWE-286,0.2034,boost_common_term:user,"{""title_sim"": 0.43137254901960786, ""desc_sim"": 0.07435047209364311, ""kw_tactic_jaccard"": 0.0, ""mitigation_overlap"": 0.008403361344537815}"
T1497.002,CWE-639,0.2023,boost_common_term:user,"{""title_sim"": 0.4324324324324324, ""desc_sim"": 0.06463526296864891, ""kw_tactic_jaccard"": 0.0, ""mitigation_overlap"": 0.015748031496062992}"
T1141,CWE-450,0.2738,"boost_common_term:prompt,input","{""title_sim"": 0.5882352941176471, ""desc_sim"": 0.1337956283572382, ""kw_tactic_jaccard"": 0.0, ""mitigation_overlap"": 0.03571428571428571}"
T1141,CWE-1287,0.2482,boost_common_term:input,"{""title_sim"": 0.5882352941176471, ""desc_sim"": 0.05683630389611399, ""kw_tactic_jaccard"": 0.0, ""mitigation_overlap"": 0.023255813953488372}"
T1141,CWE-1289,0.2470,boost_common_term:input,"{""title_sim"": 0.5882352941176471, ""desc_sim"": 0.04626054653203583, ""kw_tactic_jaccard"": 0.0, ""mitigation_overlap"": 0.03333333333333333}"
T1496.004,CWE-1327,0.2032,"boost_common_term:service,cloud","{""title_sim"": 0.4, ""desc_sim"": 0.09040439799618515, ""kw_tactic_jaccard"": 0.0, ""mitigation_overlap"": 0.030612244897959183}"
T1496.004,CWE-651,0.1837,boost_common_term:service,"{""title_sim"": 0.33766233766233766, ""desc_sim"": 0.07769428062551072, ""kw_tactic_jaccard"": 0.0, ""mitigation_overlap"": 0.045454545454545456}"
T1496.004,CWE-645,0.1738,boost_common_term:service,"{""title_sim"": 0.3582089552238806, ""desc_sim"": 0.042190184038630375, ""kw_tactic_jaccard"": 0.0, ""mitigation_overlap"": 0.018518518518518517}"
T1585.003,CWE-645,0.1768,boost_common_term:accounts,"{""title_sim"": 0.3448275862068965, ""desc_sim"": 0.054423113634394324, ""kw_tactic_jaccard"": 0.0, ""mitigation_overlap"": 0.03488372093023256}"
T1585.003,CWE-797,0.1434,boost_common_term:accounts,"{""title_sim"": 0.26086956521739124, ""desc_sim"": 0.027401090521205387, ""kw_tactic_jaccard"": 0.0, ""mitigation_overlap"": 0.034482758620689655}"
T1585.003,CWE-1327,0.1389,boost_common_term:cloud,"{""title_sim"": 0.19607843137254904, ""desc_sim"": 0.07415116052345816, ""kw_tactic_jaccard"": 0.0, ""mitigation_overlap"": 0.03896103896103896}"
T1072,CWE-1059,0.2013,boost_common_term:software,"{""title_sim"": 0.39344262295081966, ""desc_sim"": 0.08443372662952686, ""kw_tactic_jaccard"": 0.0, ""mitigation_overlap"": 0.03954802259887006}"
T1072,CWE-430,0.2010,,"{""title_sim"": 0.6153846153846154, ""desc_sim"": 0.05453183995697925, ""kw_tactic_jaccard"": 0.0, ""mitigation_overlap"": 0.0}"
T1072,CWE-1111,0.1747,boost_common_term:software,"{""title_sim"": 0.37735849056603776, ""desc_sim"": 0.030174186468249996, ""kw_tactic_jaccard"": 0.0, ""mitigation_overlap"": 0.012422360248447204}"
T1041,CWE-514,0.2920,boost_common_term:channel,"{""title_sim"": 0.6666666666666665, ""desc_sim"": 0.11911620504437928, ""kw_tactic_jaccard"": 0.0, ""mitigation_overlap"": 0.03125}"
T1041,CWE-420,0.2836,boost_common_term:channel,"{""title_sim"": 0.5263157894736842, ""desc_sim"": 0.18579379912024704, ""kw_tactic_jaccard"": 0.0, ""mitigation_overlap"": 0.1}"
T1041,CWE-515,0.2643,boost_common_term:channel,"{""title_sim"": 0.56, ""desc_sim"": 0.12273106776245066, ""kw_tactic_jaccard"": 0.0, ""mitigation_overlap"": 0.047619047619047616}"
T1134.004,CWE-290,0.2721,boost_common_term:spoofing,"{""title_sim"": 0.5925925925925926, ""desc_sim"": 0.1339674145681046, ""kw_tactic_jaccard"": 0.0, ""mitigation_overlap"": 0.02054794520547945}"
T1134.004,CWE-1276,0.2437,boost_common_term:parent,"{""title_sim"": 0.48, ""desc_sim"": 0.15197653079212198, ""kw_tactic_jaccard"": 0.0, ""mitigation_overlap"": 0.020689655172413793}"
T1134.004,CWE-1079,0.2320,boost_common_term:parent,"{""title_sim"": 0.48, ""desc_sim"": 0.11785025676960863, ""kw_tactic_jaccard"": 0.0, ""mitigation_overlap"": 0.013422818791946308}"
T1591,CWE-541,0.2516,boost_common_term:information,"{""title_sim"": 0.55, ""desc_sim"": 0.08510397133128825, ""kw_tactic_jaccard"": 0.0, ""mitigation_overlap"": 0.05555555555555555}"
T1591,CWE-531,0.2509,boost_common_term:information,"{""title_sim"": 0.55, ""desc_sim"": 0.081239016139064, ""kw_tactic_jaccard"": 0.0, ""mitigation_overlap"": 0.057692307692307696}"
T1591,CWE-213,0.2502,boost_common_term:information,"{""title_sim"": 0.55, ""desc_sim"": 0.09128821774631297, ""kw_tactic_jaccard"": 0.0, ""mitigation_overlap"": 0.038834951456310676}"
T1060,CWE-572,0.1978,boost_common_term:run,"{""title_sim"": 0.410958904109589, ""desc_sim"": 0.06800593226799691, ""kw_tactic_jaccard"": 0.0, ""mitigation_overlap"": 0.02072538860103627}"
T1060,CWE-314,0.1833,,"{""title_sim"": 0.5373134328358209, ""desc_sim"": 0.07373742129402559, ""kw_tactic_jaccard"": 0.0, ""mitigation_overlap"": 0.0}"
T1060,CWE-462,0.1803,boost_common_term:keys,"{""title_sim"": 0.37333333333333335, ""desc_sim"": 0.05398507641524443, ""kw_tactic_jaccard"": 0.0, ""mitigation_overlap"": 0.010416666666666666}"
T1606,CWE-1391,0.3048,boost_common_term:credentials,"{""title_sim"": 0.7272727272727272, ""desc_sim"": 0.09689629995301831, ""kw_tactic_jaccard"": 0.0, ""mitigation_overlap"": 0.03759398496240601}"
T1606,CWE-1392,0.2953,boost_common_term:credentials,"{""title_sim"": 0.6875, ""desc_sim"": 0.10397079805153757, ""kw_tactic_jaccard"": 0.0, ""mitigation_overlap"": 0.0390625}"
T1606,CWE-522,0.2865,boost_common_term:credentials,"{""title_sim"": 0.6875, ""desc_sim"": 0.08567062493200875, ""kw_tactic_jaccard"": 0.0, ""mitigation_overlap"": 0.022556390977443608}"
T1621,CWE-1390,0.3355,boost_common_term:authentication,"{""title_sim"": 0.8484848484848484, ""desc_sim"": 0.08570731057205122, ""kw_tactic_jaccard"": 0.0, ""mitigation_overlap"": 0.02631578947368421}"
T1621,CWE-308,0.2926,boost_common_term:authentication,"{""title_sim"": 0.6419753086419753, ""desc_sim"": 0.15444995614969523, ""kw_tactic_jaccard"": 0.0, ""mitigation_overlap"": 0.01818181818181818}"
T1621,CWE-290,0.2544,boost_common_term:authentication,"{""title_sim"": 0.5957446808510638, ""desc_sim"": 0.07332104900224562, ""kw_tactic_jaccard"": 0.0, ""mitigation_overlap"": 0.01834862385321101}"
T1554,CWE-297,0.2034,boost_common_term:host,"{""title_sim"": 0.42857142857142855, ""desc_sim"": 0.06788416320597172, ""kw_tactic_jaccard"": 0.0, ""mitigation_overlap"": 0.022388059701492536}"
T1554,CWE-1247,0.1911,boost_common_term:software,"{""title_sim"": 0.4235294117647059, ""desc_sim"": 0.04211264237731621, ""kw_tactic_jaccard"": 0.0, ""mitigation_overlap"": 0.007042253521126761}"
T1554,CWE-1262,0.1803,boost_common_term:software,"{""title_sim"": 0.36363636363636365, ""desc_sim"": 0.05093213319682037, ""kw_tactic_jaccard"": 0.0, ""mitigation_overlap"": 0.029411764705882353}"
T1552.008,CWE-1295,0.2763,boost_subtech_title_match,"{""title_sim"": 0.7619047619047619, ""desc_sim"": 0.05249632125600191, ""kw_tactic_jaccard"": 0.0, ""mitigation_overlap"": 0.01}"
T1552.008,CWE-1320,0.2733,boost_subtech_title_match,"{""title_sim"": 0.7619047619047619, ""desc_sim"": 0.03586657244313954, ""kw_tactic_jaccard"": 0.0, ""mitigation_overlap"": 0.0196078431372549}"
T1552.008,CWE-210,0.1592,boost_common_term:messages,"{""title_sim"": 0.32432432432432434, ""desc_sim"": 0.02622409307126629, ""kw_tactic_jaccard"": 0.0, ""mitigation_overlap"": 0.020202020202020204}"
T1059.001,CWE-1164,0.1343,,"{""title_sim"": 0.4, ""desc_sim"": 0.042280663509196105, ""kw_tactic_jaccard"": 0.0, ""mitigation_overlap"": 0.007874015748031496}"
T1059.001,CWE-468,0.1223,,"{""title_sim"": 0.3428571428571429, ""desc_sim"": 0.053354111064442364, ""kw_tactic_jaccard"": 0.0, ""mitigation_overlap"": 0.017391304347826087}"
T1059.001,CWE-415,0.1216,,"{""title_sim"": 0.38095238095238093, ""desc_sim"": 0.01838018538607255, ""kw_tactic_jaccard"": 0.0, ""mitigation_overlap"": 0.009174311926605505}"
T1023,CWE-64,0.2843,boost_common_term:shortcut,"{""title_sim"": 0.5517241379310345, ""desc_sim"": 0.18150408389074157, ""kw_tactic_jaccard"": 0.0, ""mitigation_overlap"": 0.07142857142857142}"
T1023,CWE-473,0.2812,boost_common_term:modification,"{""title_sim"": 0.7272727272727272, ""desc_sim"": 0.03403615660460984, ""kw_tactic_jaccard"": 0.0, ""mitigation_overlap"": 0.013888888888888888}"
T1023,CWE-1037,0.2365,,"{""title_sim"": 0.7272727272727272, ""desc_sim"": 0.05060254853208075, ""kw_tactic_jaccard"": 0.0, ""mitigation_overlap"": 0.015625}"
T1546.001,CWE-453,0.2441,boost_common_term:default,"{""title_sim"": 0.5915492957746479, ""desc_sim"": 0.048616954564031874, ""kw_tactic_jaccard"": 0.0, ""mitigation_overlap"": 0.010416666666666666}"
T1546.001,CWE-1236,0.2257,boost_common_term:file,"{""title_sim"": 0.40909090909090906, ""desc_sim"": 0.14527873579997558, ""kw_tactic_jaccard"": 0.0, ""mitigation_overlap"": 0.04716981132075472}"
T1546.001,CWE-1393,0.2250,boost_common_term:default,"{""title_sim"": 0.5185185185185186, ""desc_sim"": 0.05742487471359796, ""kw_tactic_jaccard"": 0.0, ""mitigation_overlap"": 0.010869565217391304}"
T1055.014,CWE-564,0.1458,,"{""title_sim"": 0.4210526315789474, ""desc_sim"": 0.03581623274892837, ""kw_tactic_jaccard"": 0.0, ""mitigation_overlap"": 0.043859649122807015}"
T1055.014,CWE-384,0.1222,,"{""title_sim"": 0.4, ""desc_sim"": 0.007329114820399509, ""kw_tactic_jaccard"": 0.0, ""mitigation_overlap"": 0.0}"
T1055.014,CWE-779,0.1193,,"{""title_sim"": 0.3076923076923077, ""desc_sim"": 0.07862199433797822, ""kw_tactic_jaccard"": 0.0, ""mitigation_overlap"": 0.01680672268907563}"
T1026,CWE-940,0.2992,boost_common_term:communication,"{""title_sim"": 0.7222222222222223, ""desc_sim"": 0.08490995551066548, ""kw_tactic_jaccard"": 0.0, ""mitigation_overlap"": 0.03508771929824561}"
T1026,CWE-941,0.2881,boost_common_term:communication,"{""title_sim"": 0.7222222222222223, ""desc_sim"": 0.0716008483894015, ""kw_tactic_jaccard"": 0.0, ""mitigation_overlap"": 0.0}"
T1026,CWE-923,0.2875,boost_common_term:communication,"{""title_sim"": 0.7222222222222223, ""desc_sim"": 0.06934740638301248, ""kw_tactic_jaccard"": 0.0, ""mitigation_overlap"": 0.0}"
T1071.002,CWE-1075,0.2331,boost_common_term:transfer,"{""title_sim"": 0.5161290322580645, ""desc_sim"": 0.07053724680917595, ""kw_tactic_jaccard"": 0.0, ""mitigation_overlap"": 0.03529411764705882}"
T1071.002,CWE-669,0.2293,boost_common_term:transfer,"{""title_sim"": 0.5161290322580645, ""desc_sim"": 0.05938937283938778, ""kw_tactic_jaccard"": 0.0, ""mitigation_overlap"": 0.03333333333333333}"
T1071.002,CWE-73,0.2018,boost_common_term:file,"{""title_sim"": 0.4666666666666666, ""desc_sim"": 0.023915036390363537, ""kw_tactic_jaccard"": 0.0, ""mitigation_overlap"": 0.023255813953488372}"
T1679,CWE-194,0.1868,,"{""title_sim"": 0.5909090909090909, ""desc_sim"": 0.01904879240743914, ""kw_tactic_jaccard"": 0.0, ""mitigation_overlap"": 0.018867924528301886}"
T1679,CWE-600,0.1829,,"{""title_sim"": 0.5833333333333334, ""desc_sim"": 0.01938805268593924, ""kw_tactic_jaccard"": 0.0, ""mitigation_overlap"": 0.010526315789473684}"
T1679,CWE-186,0.1614,,"{""title_sim"": 0.5357142857142857, ""desc_sim"": 0.0024481213088704073, ""kw_tactic_jaccard"": 0.0, ""mitigation_overlap"": 0.0}"
T1122,CWE-386,0.2578,boost_common_term:object,"{""title_sim"": 0.5066666666666666, ""desc_sim"": 0.1523200258778204, ""kw_tactic_jaccard"": 0.0, ""mitigation_overlap"": 0.05063291139240506}"
T1122,CWE-595,0.2559,boost_common_term:object,"{""title_sim"": 0.525, ""desc_sim"": 0.13621414454903202, ""kw_tactic_jaccard"": 0.0, ""mitigation_overlap"": 0.0375}"
T1122,CWE-1357,0.2431,boost_common_term:component,"{""title_sim"": 0.475, ""desc_sim"": 0.1290017623421296, ""kw_tactic_jaccard"": 0.0, ""mitigation_overlap"": 0.05952380952380952}"
T1015,CWE-1242,0.2314,boost_common_term:features,"{""title_sim"": 0.5333333333333333, ""desc_sim"": 0.05943175639668217, ""kw_tactic_jaccard"": 0.0, ""mitigation_overlap"": 0.017857142857142856}"
T1015,CWE-1318,0.2310,boost_common_term:features,"{""title_sim"": 0.5333333333333333, ""desc_sim"": 0.05434174303180589, ""kw_tactic_jaccard"": 0.0, ""mitigation_overlap"": 0.023668639053254437}"
T1015,CWE-437,0.2291,boost_common_term:features,"{""title_sim"": 0.5333333333333333, ""desc_sim"": 0.04885030241288789, ""kw_tactic_jaccard"": 0.0, ""mitigation_overlap"": 0.022099447513812154}"
T1212,CWE-1083,0.2335,boost_common_term:access,"{""title_sim"": 0.5411764705882353, ""desc_sim"": 0.04576341322937884, ""kw_tactic_jaccard"": 0.0, ""mitigation_overlap"": 0.03731343283582089}"
T1212,CWE-284,0.2315,boost_common_term:access,"{""title_sim"": 0.5263157894736842, ""desc_sim"": 0.06797868864596751, ""kw_tactic_jaccard"": 0.0, ""mitigation_overlap"": 0.016}"
T1212,CWE-1262,0.2269,boost_common_term:access,"{""title_sim"": 0.525, ""desc_sim"": 0.049434186535937064, ""kw_tactic_jaccard"": 0.0, ""mitigation_overlap"": 0.022900763358778626}"
T1546.014,CWE-128,0.1171,,"{""title_sim"": 0.36363636363636365, ""desc_sim"": 0.021619932537598092, ""kw_tactic_jaccard"": 0.0, ""mitigation_overlap"": 0.0078125}"
T1546.014,CWE-585,0.1053,,"{""title_sim"": 0.3448275862068965, ""desc_sim"": 0.0061091509010799796, ""kw_tactic_jaccard"": 0.0, ""mitigation_overlap"": 0.0}"
T1546.014,CWE-172,0.1001,,"{""title_sim"": 0.31578947368421056, ""desc_sim"": 0.012325735431951633, ""kw_tactic_jaccard"": 0.0, ""mitigation_overlap"": 0.008333333333333333}"
T1102.003,CWE-923,0.3409,boost_common_term:communication;boost_subtech_title_match,"{""title_sim"": 0.7647058823529411, ""desc_sim"": 0.07789106078061603, ""kw_tactic_jaccard"": 0.0, ""mitigation_overlap"": 0.04040404040404041}"
T1102.003,CWE-940,0.3343,boost_common_term:communication;boost_subtech_title_match,"{""title_sim"": 0.7647058823529411, ""desc_sim"": 0.05687292618289352, ""kw_tactic_jaccard"": 0.0, ""mitigation_overlap"": 0.0392156862745098}"
T1102.003,CWE-941,0.3329,boost_common_term:communication;boost_subtech_title_match,"{""title_sim"": 0.7647058823529411, ""desc_sim"": 0.05845925734681484, ""kw_tactic_jaccard"": 0.0, ""mitigation_overlap"": 0.03}"
T1590,CWE-201,0.2427,boost_common_term:information,"{""title_sim"": 0.5609756097560975, ""desc_sim"": 0.05271729834702922, ""kw_tactic_jaccard"": 0.0, ""mitigation_overlap"": 0.043010752688172046}"
T1590,CWE-312,0.2397,boost_common_term:information,"{""title_sim"": 0.56, ""desc_sim"": 0.05063899378496531, ""kw_tactic_jaccard"": 0.0, ""mitigation_overlap"": 0.03260869565217391}"
T1590,CWE-221,0.2390,boost_common_term:information,"{""title_sim"": 0.5641025641025641, ""desc_sim"": 0.05193723412868244, ""kw_tactic_jaccard"": 0.0, ""mitigation_overlap"": 0.021052631578947368}"
T1210,CWE-1088,0.2214,boost_common_term:remote,"{""title_sim"": 0.45, ""desc_sim"": 0.10266536378400354, ""kw_tactic_jaccard"": 0.0, ""mitigation_overlap"": 0.028169014084507043}"
T1210,CWE-651,0.2130,boost_common_term:services,"{""title_sim"": 0.44705882352941173, ""desc_sim"": 0.07094180388801265, ""kw_tactic_jaccard"": 0.0, ""mitigation_overlap"": 0.0379746835443038}"
T1210,CWE-605,0.1960,boost_common_term:services,"{""title_sim"": 0.3870967741935484, ""desc_sim"": 0.07126600035751858, ""kw_tactic_jaccard"": 0.0, ""mitigation_overlap"": 0.04225352112676056}"
T1502,CWE-290,0.2725,boost_common_term:spoofing,"{""title_sim"": 0.5925925925925926, ""desc_sim"": 0.13535111694370888, ""kw_tactic_jaccard"": 0.0, ""mitigation_overlap"": 0.02054794520547945}"
T1502,CWE-1276,0.2438,boost_common_term:parent,"{""title_sim"": 0.48, ""desc_sim"": 0.15211634397268012, ""kw_tactic_jaccard"": 0.0, ""mitigation_overlap"": 0.020689655172413793}"
T1502,CWE-1079,0.2321,boost_common_term:parent,"{""title_sim"": 0.48, ""desc_sim"": 0.11795867495196002, ""kw_tactic_jaccard"": 0.0, ""mitigation_overlap"": 0.013422818791946308}"
T1142,CWE-662,0.1515,,"{""title_sim"": 0.4375, ""desc_sim"": 0.02888700074029463, ""kw_tactic_jaccard"": 0.0, ""mitigation_overlap"": 0.05813953488372093}"
T1142,CWE-821,0.1387,,"{""title_sim"": 0.4242424242424242, ""desc_sim"": 0.0289919752712198, ""kw_tactic_jaccard"": 0.0, ""mitigation_overlap"": 0.013888888888888888}"
T1142,CWE-820,0.1296,,"{""title_sim"": 0.3870967741935484, ""desc_sim"": 0.0355036306945622, ""kw_tactic_jaccard"": 0.0, ""mitigation_overlap"": 0.013888888888888888}"
T1534,CWE-206,0.2516,boost_common_term:internal,"{""title_sim"": 0.5333333333333333, ""desc_sim"": 0.12688503901287862, ""kw_tactic_jaccard"": 0.0, ""mitigation_overlap"": 0.017543859649122806}"
T1534,CWE-1244,0.2459,boost_common_term:internal,"{""title_sim"": 0.5333333333333333, ""desc_sim"": 0.10790921639283567, ""kw_tactic_jaccard"": 0.0, ""mitigation_overlap"": 0.017699115044247787}"
T1534,CWE-164,0.2459,boost_common_term:internal,"{""title_sim"": 0.5333333333333333, ""desc_sim"": 0.09645947863909651, ""kw_tactic_jaccard"": 0.0, ""mitigation_overlap"": 0.034782608695652174}"
T1169,CWE-833,0.1147,,"{""title_sim"": 0.33333333333333326, ""desc_sim"": 0.03174083369650447, ""kw_tactic_jaccard"": 0.0, ""mitigation_overlap"": 0.025974025974025976}"
T1169,CWE-510,0.1064,,"{""title_sim"": 0.33333333333333326, ""desc_sim"": 0.013222581184544516, ""kw_tactic_jaccard"": 0.0, ""mitigation_overlap"": 0.012048192771084338}"
T1169,CWE-109,0.0936,,"{""title_sim"": 0.25, ""desc_sim"": 0.03852883997588484, ""kw_tactic_jaccard"": 0.0, ""mitigation_overlap"": 0.03529411764705882}"
T1574.010,CWE-379,0.3156,"boost_common_term:file,permissions;boost_subtech_title_match","{""title_sim"": 0.64, ""desc_sim"": 0.11561144565421663, ""kw_tactic_jaccard"": 0.0, ""mitigation_overlap"": 0.044444444444444446}"
T1574.010,CWE-378,0.3004,boost_common_term:file;boost_subtech_title_match,"{""title_sim"": 0.64, ""desc_sim"": 0.07302099915759806, ""kw_tactic_jaccard"": 0.0, ""mitigation_overlap"": 0.03225806451612903}"
T1574.010,CWE-281,0.2825,boost_common_term:permissions,"{""title_sim"": 0.5714285714285715, ""desc_sim"": 0.1828486386432966, ""kw_tactic_jaccard"": 0.0, ""mitigation_overlap"": 0.03125}"
T1547.001,CWE-572,0.2001,boost_common_term:run,"{""title_sim"": 0.410958904109589, ""desc_sim"": 0.07526462456281169, ""kw_tactic_jaccard"": 0.0, ""mitigation_overlap"": 0.0213903743315508}"
T1547.001,CWE-314,0.1845,,"{""title_sim"": 0.5373134328358209, ""desc_sim"": 0.07765700847124868, ""kw_tactic_jaccard"": 0.0, ""mitigation_overlap"": 0.0}"
T1547.001,CWE-462,0.1826,boost_common_term:keys,"{""title_sim"": 0.37333333333333335, ""desc_sim"": 0.061359123031988747, ""kw_tactic_jaccard"": 0.0, ""mitigation_overlap"": 0.010752688172043012}"
T1199,CWE-348,0.2395,boost_common_term:trusted,"{""title_sim"": 0.5185185185185186, ""desc_sim"": 0.08608474809617916, ""kw_tactic_jaccard"": 0.0, ""mitigation_overlap"": 0.04065040650406504}"
T1199,CWE-349,0.2232,boost_common_term:trusted,"{""title_sim"": 0.5185185185185186, ""desc_sim"": 0.04781374445654918, ""kw_tactic_jaccard"": 0.0, ""mitigation_overlap"": 0.01639344262295082}"
T1199,CWE-1104,0.2003,boost_common_term:trusted,"{""title_sim"": 0.29032258064516125, ""desc_sim"": 0.1825467875340634, ""kw_tactic_jaccard"": 0.0, ""mitigation_overlap"": 0.04201680672268908}"
T1136.003,CWE-645,0.3278,boost_common_term:account;boost_subtech_title_match,"{""title_sim"": 0.7, ""desc_sim"": 0.09749188859398342, ""kw_tactic_jaccard"": 0.0, ""mitigation_overlap"": 0.04285714285714286}"
T1136.003,CWE-284,0.1522,,"{""title_sim"": 0.4444444444444444, ""desc_sim"": 0.047232449698995205, ""kw_tactic_jaccard"": 0.0, ""mitigation_overlap"": 0.023255813953488372}"
T1136.003,CWE-1327,0.1420,boost_common_term:cloud,"{""title_sim"": 0.2, ""desc_sim"": 0.08662103705270477, ""kw_tactic_jaccard"": 0.0, ""mitigation_overlap"": 0.03007518796992481}"
T1069.001,CWE-667,0.1553,,"{""title_sim"": 0.5, ""desc_sim"": 0.017583266337829667, ""kw_tactic_jaccard"": 0.0, ""mitigation_overlap"": 0.0}"
T1069.001,CWE-1108,0.1431,boost_common_term:local,"{""title_sim"": 0.24, ""desc_sim"": 0.04903390507050457, ""kw_tactic_jaccard"": 0.0, ""mitigation_overlap"": 0.031746031746031744}"
T1069.001,CWE-121,0.1408,boost_common_term:local,"{""title_sim"": 0.25641025641025633, ""desc_sim"": 0.03463183082031278, ""kw_tactic_jaccard"": 0.0, ""mitigation_overlap"": 0.017543859649122806}"
T1149,CWE-62,0.1369,,"{""title_sim"": 0.3870967741935484, ""desc_sim"": 0.0410974342502341, ""kw_tactic_jaccard"": 0.0, ""mitigation_overlap"": 0.042105263157894736}"
T1149,CWE-216,0.1307,,"{""title_sim"": 0.21212121212121218, ""desc_sim"": 0.15977044967804374, ""kw_tactic_jaccard"": 0.0, ""mitigation_overlap"": 0.09574468085106383}"
T1149,CWE-564,0.1241,,"{""title_sim"": 0.3902439024390244, ""desc_sim"": 0.01569521656757806, ""kw_tactic_jaccard"": 0.0, ""mitigation_overlap"": 0.011494252873563218}"
T1593,CWE-426,0.2140,boost_common_term:search,"{""title_sim"": 0.4489795918367347, ""desc_sim"": 0.0662626208862945, ""kw_tactic_jaccard"": 0.0, ""mitigation_overlap"": 0.047058823529411764}"
T1593,CWE-428,0.2130,boost_common_term:search,"{""title_sim"": 0.44067796610169496, ""desc_sim"": 0.056662048317900955, ""kw_tactic_jaccard"": 0.0, ""mitigation_overlap"": 0.06896551724137931}"
T1593,CWE-427,0.2106,boost_common_term:search,"{""title_sim"": 0.43333333333333335, ""desc_sim"": 0.07155731640200927, ""kw_tactic_jaccard"": 0.0, ""mitigation_overlap"": 0.045454545454545456}"
T1562.013,CWE-1312,0.2299,boost_common_term:firewall,"{""title_sim"": 0.4485981308411215, ""desc_sim"": 0.13627762566685334, ""kw_tactic_jaccard"": 0.0, ""mitigation_overlap"": 0.02197802197802198}"
T1562.013,CWE-67,0.2108,boost_common_term:device,"{""title_sim"": 0.4390243902439025, ""desc_sim"": 0.0779071886396161, ""kw_tactic_jaccard"": 0.0, ""mitigation_overlap"": 0.02857142857142857}"
T1562.013,CWE-1190,0.2031,boost_common_term:device,"{""title_sim"": 0.43373493975903615, ""desc_sim"": 0.05543711617213186, ""kw_tactic_jaccard"": 0.0, ""mitigation_overlap"": 0.031914893617021274}"
T1098,CWE-785,0.2482,,"{""title_sim"": 0.75, ""desc_sim"": 0.062360031114366186, ""kw_tactic_jaccard"": 0.0, ""mitigation_overlap"": 0.02247191011235955}"
T1098,CWE-249,0.2395,,"{""title_sim"": 0.75, ""desc_sim"": 0.04832560322915397, ""kw_tactic_jaccard"": 0.0, ""mitigation_overlap"": 0.0}"
T1098,CWE-645,0.2381,boost_common_term:account,"{""title_sim"": 0.5185185185185186, ""desc_sim"": 0.09439298063033899, ""kw_tactic_jaccard"": 0.0, ""mitigation_overlap"": 0.02127659574468085}"
T1170,CWE-328,0.1041,,"{""title_sim"": 0.2857142857142857, ""desc_sim"": 0.03536755006178367, ""kw_tactic_jaccard"": 0.0, ""mitigation_overlap"": 0.03875968992248062}"
T1170,CWE-507,0.0920,,"{""title_sim"": 0.23529411764705885, ""desc_sim"": 0.04273497910491397, ""kw_tactic_jaccard"": 0.0, ""mitigation_overlap"": 0.042735042735042736}"
T1170,CWE-820,0.0919,,"{""title_sim"": 0.2857142857142857, ""desc_sim"": 0.008812559276725548, ""kw_tactic_jaccard"": 0.0, ""mitigation_overlap"": 0.017857142857142856}"
T1048,CWE-420,0.2065,,"{""title_sim"": 0.5373134328358209, ""desc_sim"": 0.13188522320204057, ""kw_tactic_jaccard"": 0.0, ""mitigation_overlap"": 0.02857142857142857}"
T1048,CWE-1420,0.2028,boost_common_term:over,"{""title_sim"": 0.40816326530612246, ""desc_sim"": 0.07613762672398153, ""kw_tactic_jaccard"": 0.0, ""mitigation_overlap"": 0.037383177570093455}"
T1048,CWE-638,0.1942,boost_common_term:over,"{""title_sim"": 0.4242424242424242, ""desc_sim"": 0.032821709356537464, ""kw_tactic_jaccard"": 0.0, ""mitigation_overlap"": 0.035398230088495575}"
T1547.006,CWE-1047,0.2161,boost_common_term:modules,"{""title_sim"": 0.4444444444444444, ""desc_sim"": 0.08389664031413026, ""kw_tactic_jaccard"": 0.0, ""mitigation_overlap"": 0.03783783783783784}"
T1547.006,CWE-1061,0.1893,boost_common_term:modules,"{""title_sim"": 0.4, ""desc_sim"": 0.043975371804302825, ""kw_tactic_jaccard"": 0.0, ""mitigation_overlap"": 0.030303030303030304}"
T1547.006,CWE-194,0.1830,,"{""title_sim"": 0.5185185185185186, ""desc_sim"": 0.07433882913526145, ""kw_tactic_jaccard"": 0.0, ""mitigation_overlap"": 0.02564102564102564}"
T1678,CWE-1423,0.2959,boost_common_term:execution,"{""title_sim"": 0.75, ""desc_sim"": 0.04731242097930765, ""kw_tactic_jaccard"": 0.0, ""mitigation_overlap"": 0.03361344537815126}"
T1678,CWE-1342,0.2934,boost_common_term:execution,"{""title_sim"": 0.75, ""desc_sim"": 0.05571354283707507, ""kw_tactic_jaccard"": 0.0, ""mitigation_overlap"": 0.008620689655172414}"
T1678,CWE-1420,0.2599,,"{""title_sim"": 0.75, ""desc_sim"": 0.08651524247039254, ""kw_tactic_jaccard"": 0.0, ""mitigation_overlap"": 0.044642857142857144}"
T1056.002,CWE-450,0.2343,boost_common_term:input,"{""title_sim"": 0.49056603773584906, ""desc_sim"": 0.10829984681454262, ""kw_tactic_jaccard"": 0.0, ""mitigation_overlap"": 0.023076923076923078}"
T1056.002,CWE-20,0.2047,boost_common_term:input,"{""title_sim"": 0.4761904761904762, ""desc_sim"": 0.03451331056711893, ""kw_tactic_jaccard"": 0.0, ""mitigation_overlap"": 0.007407407407407408}"
T1056.002,CWE-1287,0.2021,boost_common_term:input,"{""title_sim"": 0.45454545454545453, ""desc_sim"": 0.0424788076904952, ""kw_tactic_jaccard"": 0.0, ""mitigation_overlap"": 0.015151515151515152}"
T1097,CWE-521,0.1630,,"{""title_sim"": 0.4878048780487805, ""desc_sim"": 0.03453900858270157, ""kw_tactic_jaccard"": 0.0, ""mitigation_overlap"": 0.031578947368421054}"
T1097,CWE-256,0.1500,,"{""title_sim"": 0.4782608695652174, ""desc_sim"": 0.02184011687077738, ""kw_tactic_jaccard"": 0.0, ""mitigation_overlap"": 0.0}"
T1097,CWE-617,0.1434,,"{""title_sim"": 0.411764705882353, ""desc_sim"": 0.045719211531111276, ""kw_tactic_jaccard"": 0.0, ""mitigation_overlap"": 0.030927835051546393}"
T1588.002,CWE-1249,0.3518,boost_subtech_title_match,"{""title_sim"": 1.0, ""desc_sim"": 0.04865128247389905, ""kw_tactic_jaccard"": 0.0, ""mitigation_overlap"": 0.036036036036036036}"
T1588.002,CWE-510,0.1553,,"{""title_sim"": 0.5, ""desc_sim"": 0.011677396835342586, ""kw_tactic_jaccard"": 0.0, ""mitigation_overlap"": 0.009174311926605505}"
T1588.002,CWE-114,0.1112,,"{""title_sim"": 0.31578947368421056, ""desc_sim"": 0.03530083066184102, ""kw_tactic_jaccard"": 0.0, ""mitigation_overlap"": 0.029411764705882353}"
T1052.001,CWE-1420,0.1891,boost_common_term:over,"{""title_sim"": 0.345679012345679, ""desc_sim"": 0.07246981167281412, ""kw_tactic_jaccard"": 0.0, ""mitigation_overlap"": 0.06818181818181818}"
T1052.001,CWE-638,0.1729,boost_common_term:over,"{""title_sim"": 0.3673469387755102, ""desc_sim"": 0.02939561590153888, ""kw_tactic_jaccard"": 0.0, ""mitigation_overlap"": 0.019230769230769232}"
T1052.001,CWE-1422,0.1649,boost_common_term:over,"{""title_sim"": 0.25641025641025633, ""desc_sim"": 0.08125529887888866, ""kw_tactic_jaccard"": 0.0, ""mitigation_overlap"": 0.06818181818181818}"
T1574.013,CWE-617,0.1788,,"{""title_sim"": 0.5263157894736842, ""desc_sim"": 0.06429692183177366, ""kw_tactic_jaccard"": 0.0, ""mitigation_overlap"": 0.007874015748031496}"
T1574.013,CWE-562,0.1587,,"{""title_sim"": 0.3921568627450981, ""desc_sim"": 0.11431345400003307, ""kw_tactic_jaccard"": 0.0, ""mitigation_overlap"": 0.03361344537815126}"
T1574.013,CWE-1108,0.1474,,"{""title_sim"": 0.4210526315789474, ""desc_sim"": 0.054729680287694746, ""kw_tactic_jaccard"": 0.0, ""mitigation_overlap"": 0.0234375}"
T1597,CWE-428,0.2399,boost_common_term:search,"{""title_sim"": 0.5384615384615384, ""desc_sim"": 0.051083297639121804, ""kw_tactic_jaccard"": 0.0, ""mitigation_overlap"": 0.06521739130434782}"
T1597,CWE-427,0.2256,boost_common_term:search,"{""title_sim"": 0.49056603773584906, ""desc_sim"": 0.06595358046192311, ""kw_tactic_jaccard"": 0.0, ""mitigation_overlap"": 0.043010752688172046}"
T1597,CWE-426,0.2233,boost_common_term:search,"{""title_sim"": 0.4761904761904762, ""desc_sim"": 0.06398134750043459, ""kw_tactic_jaccard"": 0.0, ""mitigation_overlap"": 0.056179775280898875}"
T1053.006,CWE-360,0.1679,,"{""title_sim"": 0.5, ""desc_sim"": 0.048905131603923825, ""kw_tactic_jaccard"": 0.0, ""mitigation_overlap"": 0.016129032258064516}"
T1053.006,CWE-36,0.1361,,"{""title_sim"": 0.4324324324324324, ""desc_sim"": 0.011819781232491278, ""kw_tactic_jaccard"": 0.0, ""mitigation_overlap"": 0.013986013986013986}"
T1053.006,CWE-511,0.1344,,"{""title_sim"": 0.41379310344827586, ""desc_sim"": 0.019197454303786658, ""kw_tactic_jaccard"": 0.0, ""mitigation_overlap"": 0.022556390977443608}"
T1566,CWE-414,0.1408,,"{""title_sim"": 0.4615384615384615, ""desc_sim"": 0.0077720404162638455, ""kw_tactic_jaccard"": 0.0, ""mitigation_overlap"": 0.0}"
T1566,CWE-431,0.1332,,"{""title_sim"": 0.43478260869565216, ""desc_sim"": 0.009153474110381744, ""kw_tactic_jaccard"": 0.0, ""mitigation_overlap"": 0.0}"
T1566,CWE-268,0.1300,,"{""title_sim"": 0.3846153846153846, ""desc_sim"": 0.03659582583264534, ""kw_tactic_jaccard"": 0.0, ""mitigation_overlap"": 0.018292682926829267}"
T1061,CWE-451,0.3079,"boost_common_term:user,interface","{""title_sim"": 0.736842105263158, ""desc_sim"": 0.09564724051552245, ""kw_tactic_jaccard"": 0.0, ""mitigation_overlap"": 0.04054054054054054}"
T1061,CWE-1429,0.2297,boost_common_term:interface,"{""title_sim"": 0.5454545454545454, ""desc_sim"": 0.03589646314003924, ""kw_tactic_jaccard"": 0.0, ""mitigation_overlap"": 0.02666666666666667}"
T1061,CWE-1262,0.2225,boost_common_term:interface,"{""title_sim"": 0.5454545454545454, ""desc_sim"": 0.029693967704377187, ""kw_tactic_jaccard"": 0.0, ""mitigation_overlap"": 0.0}"
T1542.004,CWE-1277,0.0906,,"{""title_sim"": 0.125, ""desc_sim"": 0.1343901257598478, ""kw_tactic_jaccard"": 0.0, ""mitigation_overlap"": 0.0641025641025641}"
T1542.004,CWE-508,0.0861,,"{""title_sim"": 0.20512820512820512, ""desc_sim"": 0.0567038814204938, ""kw_tactic_jaccard"": 0.0, ""mitigation_overlap"": 0.0379746835443038}"
T1542.004,CWE-1328,0.0822,,"{""title_sim"": 0.13793103448275856, ""desc_sim"": 0.1005299679997187, ""kw_tactic_jaccard"": 0.0, ""mitigation_overlap"": 0.05333333333333334}"
T1218.001,CWE-910,0.1943,boost_common_term:file,"{""title_sim"": 0.45833333333333337, ""desc_sim"": 0.015233890807774984, ""kw_tactic_jaccard"": 0.0, ""mitigation_overlap"": 0.011363636363636364}"
T1218.001,CWE-260,0.1884,boost_common_term:file,"{""title_sim"": 0.41666666666666663, ""desc_sim"": 0.022528146541896527, ""kw_tactic_jaccard"": 0.0, ""mitigation_overlap"": 0.03333333333333333}"
T1218.001,CWE-616,0.1824,boost_common_term:file,"{""title_sim"": 0.36363636363636365, ""desc_sim"": 0.04564964264285827, ""kw_tactic_jaccard"": 0.0, ""mitigation_overlap"": 0.04807692307692308}"
T1496.001,CWE-667,0.1770,,"{""title_sim"": 0.5454545454545454, ""desc_sim"": 0.03888271189822667, ""kw_tactic_jaccard"": 0.0, ""mitigation_overlap"": 0.008620689655172414}"
T1496.001,CWE-638,0.1736,,"{""title_sim"": 0.5333333333333333, ""desc_sim"": 0.03447045238849486, ""kw_tactic_jaccard"": 0.0, ""mitigation_overlap"": 0.016129032258064516}"
T1496.001,CWE-1176,0.1621,,"{""title_sim"": 0.5, ""desc_sim"": 0.034905535329327844, ""kw_tactic_jaccard"": 0.0, ""mitigation_overlap"": 0.008333333333333333}"
T1070.005,CWE-1331,0.2294,boost_common_term:network,"{""title_sim"": 0.5263157894736842, ""desc_sim"": 0.039017136872819644, ""kw_tactic_jaccard"": 0.0, ""mitigation_overlap"": 0.04918032786885246}"
T1070.005,CWE-245,0.2189,boost_common_term:connection,"{""title_sim"": 0.4523809523809524, ""desc_sim"": 0.09762478212525767, ""kw_tactic_jaccard"": 0.0, ""mitigation_overlap"": 0.0196078431372549}"
T1070.005,CWE-40,0.2177,boost_common_term:share,"{""title_sim"": 0.32183908045977005, ""desc_sim"": 0.20022294139160324, ""kw_tactic_jaccard"": 0.0, ""mitigation_overlap"": 0.05555555555555555}"
T1090.003,CWE-441,0.2518,boost_common_term:proxy,"{""title_sim"": 0.5, ""desc_sim"": 0.13984879758880442, ""kw_tactic_jaccard"": 0.0, ""mitigation_overlap"": 0.049079754601226995}"
T1090.003,CWE-605,0.1527,,"{""title_sim"": 0.43478260869565216, ""desc_sim"": 0.060916218006280935, ""kw_tactic_jaccard"": 0.0, ""mitigation_overlap"": 0.020134228187919462}"
T1090.003,CWE-1104,0.1397,boost_common_term:proxy,"{""title_sim"": 0.2105263157894737, ""desc_sim"": 0.07073151849463971, ""kw_tactic_jaccard"": 0.0, ""mitigation_overlap"": 0.026845637583892617}"
T1110,CWE-257,0.1946,"boost_common_term:brute,force","{""title_sim"": 0.2692307692307692, ""desc_sim"": 0.1635969072213751, ""kw_tactic_jaccard"": 0.0, ""mitigation_overlap"": 0.0738255033557047}"
T1110,CWE-415,0.1655,,"{""title_sim"": 0.5454545454545454, ""desc_sim"": 0.0060752653755270876, ""kw_tactic_jaccard"": 0.0, ""mitigation_overlap"": 0.0}"
T1110,CWE-416,0.1634,,"{""title_sim"": 0.48, ""desc_sim"": 0.03713844534466944, ""kw_tactic_jaccard"": 0.0, ""mitigation_overlap"": 0.0410958904109589}"
T1059.004,CWE-553,0.3383,boost_common_term:shell;boost_subtech_title_match,"{""title_sim"": 0.6666666666666665, ""desc_sim"": 0.16058394489922495, ""kw_tactic_jaccard"": 0.0, ""mitigation_overlap"": 0.05042016806722689}"
T1059.004,CWE-535,0.3153,boost_common_term:shell;boost_subtech_title_match,"{""title_sim"": 0.6666666666666665, ""desc_sim"": 0.08656769818634633, ""kw_tactic_jaccard"": 0.0, ""mitigation_overlap"": 0.046875}"
T1059.004,CWE-71,0.1417,boost_common_term:unix,"{""title_sim"": 0.20512820512820512, ""desc_sim"": 0.09026751738215498, ""kw_tactic_jaccard"": 0.0, ""mitigation_overlap"": 0.015625}"
T1137.003,CWE-102,0.2638,boost_common_term:forms,"{""title_sim"": 0.5555555555555556, ""desc_sim"": 0.12442333834463484, ""kw_tactic_jaccard"": 0.0, ""mitigation_overlap"": 0.04918032786885246}"
T1137.003,CWE-110,0.2057,boost_common_term:forms,"{""title_sim"": 0.40816326530612246, ""desc_sim"": 0.0738156638135164, ""kw_tactic_jaccard"": 0.0, ""mitigation_overlap"": 0.05555555555555555}"
T1137.003,CWE-507,0.1425,,"{""title_sim"": 0.4, ""desc_sim"": 0.031938223763340996, ""kw_tactic_jaccard"": 0.0, ""mitigation_overlap"": 0.06451612903225806}"
T1219.003,CWE-1088,0.3246,boost_common_term:remote;boost_subtech_title_match,"{""title_sim"": 0.7428571428571428, ""desc_sim"": 0.06417135803654371, ""kw_tactic_jaccard"": 0.0, ""mitigation_overlap"": 0.0125}"
T1219.003,CWE-1278,0.2528,boost_common_term:hardware,"{""title_sim"": 0.5333333333333333, ""desc_sim"": 0.11077292602250446, ""kw_tactic_jaccard"": 0.0, ""mitigation_overlap"": 0.047619047619047616}"
T1219.003,CWE-1338,0.2500,boost_common_term:hardware,"{""title_sim"": 0.5333333333333333, ""desc_sim"": 0.11610866055395193, ""kw_tactic_jaccard"": 0.0, ""mitigation_overlap"": 0.025974025974025976}"
T1157,CWE-609,0.1407,,"{""title_sim"": 0.4324324324324324, ""desc_sim"": 0.027797004522156207, ""kw_tactic_jaccard"": 0.0, ""mitigation_overlap"": 0.013157894736842105}"
T1157,CWE-272,0.1387,,"{""title_sim"": 0.3, ""desc_sim"": 0.12670188559167947, ""kw_tactic_jaccard"": 0.0, ""mitigation_overlap"": 0.05333333333333334}"
T1157,CWE-102,0.1340,,"{""title_sim"": 0.3265306122448979, ""desc_sim"": 0.08671811031265353, ""kw_tactic_jaccard"": 0.0, ""mitigation_overlap"": 0.05}"
T1562.001,CWE-455,0.1847,boost_common_term:modify,"{""title_sim"": 0.3214285714285714, ""desc_sim"": 0.10196585579077778, ""kw_tactic_jaccard"": 0.0, ""mitigation_overlap"": 0.03858520900321544}"
T1562.001,CWE-1209,0.1832,,"{""title_sim"": 0.509090909090909, ""desc_sim"": 0.07829490156119762, ""kw_tactic_jaccard"": 0.0, ""mitigation_overlap"": 0.03503184713375796}"
T1562.001,CWE-1220,0.1699,boost_common_term:disable,"{""title_sim"": 0.27692307692307694, ""desc_sim"": 0.10366515679749792, ""kw_tactic_jaccard"": 0.0, ""mitigation_overlap"": 0.028846153846153848}"
T1565,CWE-785,0.2615,,"{""title_sim"": 0.8275862068965517, ""desc_sim"": 0.03619807044067436, ""kw_tactic_jaccard"": 0.0, ""mitigation_overlap"": 0.011764705882352941}"
T1565,CWE-249,0.2563,,"{""title_sim"": 0.8275862068965517, ""desc_sim"": 0.026722416705383605, ""kw_tactic_jaccard"": 0.0, ""mitigation_overlap"": 0.0}"
T1565,CWE-20,0.2239,boost_common_term:data,"{""title_sim"": 0.4761904761904762, ""desc_sim"": 0.0787254268404426, ""kw_tactic_jaccard"": 0.0, ""mitigation_overlap"": 0.037037037037037035}"
T1559,CWE-923,0.2587,boost_common_term:communication,"{""title_sim"": 0.65, ""desc_sim"": 0.03347521996430989, ""kw_tactic_jaccard"": 0.0, ""mitigation_overlap"": 0.018518518518518517}"
T1559,CWE-941,0.2575,boost_common_term:communication,"{""title_sim"": 0.65, ""desc_sim"": 0.02925964133394401, ""kw_tactic_jaccard"": 0.0, ""mitigation_overlap"": 0.018518518518518517}"
T1559,CWE-940,0.2568,boost_common_term:communication,"{""title_sim"": 0.65, ""desc_sim"": 0.02727803169097657, ""kw_tactic_jaccard"": 0.0, ""mitigation_overlap"": 0.018018018018018018}"
T1001,CWE-649,0.3244,boost_common_term:obfuscation,"{""title_sim"": 0.8148148148148148, ""desc_sim"": 0.07965920370199513, ""kw_tactic_jaccard"": 0.0, ""mitigation_overlap"": 0.030303030303030304}"
T1001,CWE-591,0.2140,boost_common_term:data,"{""title_sim"": 0.4, ""desc_sim"": 0.09825758115453082, ""kw_tactic_jaccard"": 0.0, ""mitigation_overlap"": 0.07246376811594203}"
T1001,CWE-219,0.2038,boost_common_term:data,"{""title_sim"": 0.4, ""desc_sim"": 0.07997285987594586, ""kw_tactic_jaccard"": 0.0, ""mitigation_overlap"": 0.04918032786885246}"
T1039,CWE-1331,0.2859,"boost_common_term:shared,network","{""title_sim"": 0.6363636363636364, ""desc_sim"": 0.10957177482198562, ""kw_tactic_jaccard"": 0.0, ""mitigation_overlap"": 0.06060606060606061}"
T1039,CWE-567,0.2581,"boost_common_term:shared,data","{""title_sim"": 0.5365853658536586, ""desc_sim"": 0.12537519353642224, ""kw_tactic_jaccard"": 0.0, ""mitigation_overlap"": 0.047619047619047616}"
T1039,CWE-1051,0.2529,"boost_common_term:network,data","{""title_sim"": 0.5714285714285715, ""desc_sim"": 0.06842670231388939, ""kw_tactic_jaccard"": 0.0, ""mitigation_overlap"": 0.05454545454545454}"
T1584.006,CWE-830,0.2212,boost_common_term:web,"{""title_sim"": 0.4, ""desc_sim"": 0.14470649350909756, ""kw_tactic_jaccard"": 0.0, ""mitigation_overlap"": 0.038834951456310676}"
T1584.006,CWE-525,0.2202,boost_common_term:web,"{""title_sim"": 0.4, ""desc_sim"": 0.14146071724255266, ""kw_tactic_jaccard"": 0.0, ""mitigation_overlap"": 0.038834951456310676}"
T1584.006,CWE-80,0.2150,boost_common_term:web,"{""title_sim"": 0.4, ""desc_sim"": 0.1257325435675105, ""kw_tactic_jaccard"": 0.0, ""mitigation_overlap"": 0.03636363636363636}"
T1601,CWE-1249,0.2405,boost_common_term:system,"{""title_sim"": 0.48, ""desc_sim"": 0.1368800683802752, ""kw_tactic_jaccard"": 0.0, ""mitigation_overlap"": 0.02702702702702703}"
T1601,CWE-15,0.2221,boost_common_term:system,"{""title_sim"": 0.48, ""desc_sim"": 0.05914840370126814, ""kw_tactic_jaccard"": 0.0, ""mitigation_overlap"": 0.05172413793103448}"
T1601,CWE-497,0.2140,boost_common_term:system,"{""title_sim"": 0.48, ""desc_sim"": 0.05726748640440623, ""kw_tactic_jaccard"": 0.0, ""mitigation_overlap"": 0.014285714285714285}"
T1574,CWE-1342,0.2551,boost_common_term:execution,"{""title_sim"": 0.6, ""desc_sim"": 0.06731307770018541, ""kw_tactic_jaccard"": 0.0, ""mitigation_overlap"": 0.024691358024691357}"
T1574,CWE-1423,0.2537,boost_common_term:execution,"{""title_sim"": 0.6, ""desc_sim"": 0.05561826382048502, ""kw_tactic_jaccard"": 0.0, ""mitigation_overlap"": 0.03488372093023256}"
T1574,CWE-1112,0.2402,,"{""title_sim"": 0.6, ""desc_sim"": 0.1480323070490164, ""kw_tactic_jaccard"": 0.0, ""mitigation_overlap"": 0.07894736842105263}"
T1036.012,CWE-525,0.1973,,"{""title_sim"": 0.5384615384615384, ""desc_sim"": 0.08533389329134194, ""kw_tactic_jaccard"": 0.0, ""mitigation_overlap"": 0.05063291139240506}"
T1036.012,CWE-644,0.1714,boost_common_term:browser,"{""title_sim"": 0.30379746835443044, ""desc_sim"": 0.06769108257858049, ""kw_tactic_jaccard"": 0.0, ""mitigation_overlap"": 0.05}"
T1036.012,CWE-618,0.1701,boost_common_term:browser,"{""title_sim"": 0.25, ""desc_sim"": 0.10770198158599734, ""kw_tactic_jaccard"": 0.0, ""mitigation_overlap"": 0.0641025641025641}"
T1059.011,CWE-804,0.0686,,"{""title_sim"": 0.2, ""desc_sim"": 0.017336776809718072, ""kw_tactic_jaccard"": 0.0, ""mitigation_overlap"": 0.017241379310344827}"
T1059.011,CWE-126,0.0643,,"{""title_sim"": 0.2105263157894737, ""desc_sim"": 0.003812902051770288, ""kw_tactic_jaccard"": 0.0, ""mitigation_overlap"": 0.0}"
T1059.011,CWE-510,0.0641,,"{""title_sim"": 0.18181818181818188, ""desc_sim"": 0.021861227032308094, ""kw_tactic_jaccard"": 0.0, ""mitigation_overlap"": 0.014925373134328358}"
T1027.005,CWE-1301,0.1829,boost_common_term:removal,"{""title_sim"": 0.4, ""desc_sim"": 0.042881757798473835, ""kw_tactic_jaccard"": 0.0, ""mitigation_overlap"": 0.0}"
T1027.005,CWE-14,0.1671,,"{""title_sim"": 0.49275362318840576, ""desc_sim"": 0.05453805316209995, ""kw_tactic_jaccard"": 0.0, ""mitigation_overlap"": 0.014492753623188406}"
T1027.005,CWE-343,0.1659,,"{""title_sim"": 0.5, ""desc_sim"": 0.02427688477358968, ""kw_tactic_jaccard"": 0.0, ""mitigation_overlap"": 0.04285714285714286}"
T1204.003,CWE-506,0.3416,boost_common_term:malicious;boost_subtech_title_match,"{""title_sim"": 0.75, ""desc_sim"": 0.10016783799809387, ""kw_tactic_jaccard"": 0.0, ""mitigation_overlap"": 0.03296703296703297}"
T1204.003,CWE-508,0.3365,boost_common_term:malicious;boost_subtech_title_match,"{""title_sim"": 0.75, ""desc_sim"": 0.08499897154731813, ""kw_tactic_jaccard"": 0.0, ""mitigation_overlap"": 0.03}"
T1204.003,CWE-509,0.3358,boost_common_term:malicious;boost_subtech_title_match,"{""title_sim"": 0.75, ""desc_sim"": 0.08976455363682503, ""kw_tactic_jaccard"": 0.0, ""mitigation_overlap"": 0.019417475728155338}"
T1543.005,CWE-645,0.1951,boost_common_term:service,"{""title_sim"": 0.42622950819672134, ""desc_sim"": 0.03935857698000946, ""kw_tactic_jaccard"": 0.0, ""mitigation_overlap"": 0.02702702702702703}"
T1543.005,CWE-245,0.1941,boost_common_term:container,"{""title_sim"": 0.3768115942028985, ""desc_sim"": 0.08325882038775927, ""kw_tactic_jaccard"": 0.0, ""mitigation_overlap"": 0.030612244897959183}"
T1543.005,CWE-651,0.1940,boost_common_term:service,"{""title_sim"": 0.39436619718309857, ""desc_sim"": 0.056317349063887794, ""kw_tactic_jaccard"": 0.0, ""mitigation_overlap"": 0.043859649122807015}"
T1078,CWE-645,0.1923,boost_common_term:accounts,"{""title_sim"": 0.3793103448275862, ""desc_sim"": 0.07484697066356497, ""kw_tactic_jaccard"": 0.0, ""mitigation_overlap"": 0.03007518796992481}"
T1078,CWE-129,0.1807,boost_common_term:valid,"{""title_sim"": 0.375, ""desc_sim"": 0.04554781495705963, ""kw_tactic_jaccard"": 0.0, ""mitigation_overlap"": 0.022900763358778626}"
T1078,CWE-416,0.1637,boost_common_term:valid,"{""title_sim"": 0.2142857142857143, ""desc_sim"": 0.1265748015028089, ""kw_tactic_jaccard"": 0.0, ""mitigation_overlap"": 0.05714285714285714}"
T1571,CWE-605,0.2838,boost_common_term:port,"{""title_sim"": 0.38095238095238093, ""desc_sim"": 0.3566205826098517, ""kw_tactic_jaccard"": 0.0, ""mitigation_overlap"": 0.0625}"
T1571,CWE-1240,0.1605,boost_common_term:non-standard,"{""title_sim"": 0.24, ""desc_sim"": 0.10826884072146262, ""kw_tactic_jaccard"": 0.0, ""mitigation_overlap"": 0.030303030303030304}"
T1571,CWE-1431,0.1498,boost_common_term:port,"{""title_sim"": 0.21739130434782608, ""desc_sim"": 0.08966820133651533, ""kw_tactic_jaccard"": 0.0, ""mitigation_overlap"": 0.038461538461538464}"
T1585.001,CWE-645,0.1974,boost_common_term:accounts,"{""title_sim"": 0.4307692307692308, ""desc_sim"": 0.04309687612533525, ""kw_tactic_jaccard"": 0.0, ""mitigation_overlap"": 0.02608695652173913}"
T1585.001,CWE-797,0.1871,boost_common_term:accounts,"{""title_sim"": 0.39473684210526316, ""desc_sim"": 0.0390823348644543, ""kw_tactic_jaccard"": 0.0, ""mitigation_overlap"": 0.034782608695652174}"
T1585.001,CWE-796,0.1772,boost_common_term:accounts,"{""title_sim"": 0.3561643835616438, ""desc_sim"": 0.045506263598545, ""kw_tactic_jaccard"": 0.0, ""mitigation_overlap"": 0.03361344537815126}"
T1073,CWE-609,0.1389,,"{""title_sim"": 0.4210526315789474, ""desc_sim"": 0.03225466894089177, ""kw_tactic_jaccard"": 0.0, ""mitigation_overlap"": 0.014705882352941176}"
T1073,CWE-779,0.1369,,"{""title_sim"": 0.4390243902439025, ""desc_sim"": 0.017142890479251178, ""kw_tactic_jaccard"": 0.0, ""mitigation_overlap"": 0.0}"
T1073,CWE-545,0.1343,,"{""title_sim"": 0.3571428571428571, ""desc_sim"": 0.07258653559714859, ""kw_tactic_jaccard"": 0.0, ""mitigation_overlap"": 0.02666666666666667}"
T1055.012,CWE-214,0.2681,boost_common_term:process,"{""title_sim"": 0.5833333333333334, ""desc_sim"": 0.12761723335660996, ""kw_tactic_jaccard"": 0.0, ""mitigation_overlap"": 0.024}"
T1055.012,CWE-114,0.2468,boost_subtech_title_match,"{""title_sim"": 0.6363636363636364, ""desc_sim"": 0.07015277986759484, ""kw_tactic_jaccard"": 0.0, ""mitigation_overlap"": 0.024}"
T1055.012,CWE-67,0.1947,boost_common_term:process,"{""title_sim"": 0.3793103448275862, ""desc_sim"": 0.07438436449628177, ""kw_tactic_jaccard"": 0.0, ""mitigation_overlap"": 0.04316546762589928}"
T1068,CWE-272,0.2705,boost_common_term:privilege,"{""title_sim"": 0.6451612903225806, ""desc_sim"": 0.0716404622038805, ""kw_tactic_jaccard"": 0.0, ""mitigation_overlap"": 0.027210884353741496}"
T1068,CWE-267,0.2408,boost_common_term:privilege,"{""title_sim"": 0.5405405405405406, ""desc_sim"": 0.07339509133671004, ""kw_tactic_jaccard"": 0.0, ""mitigation_overlap"": 0.033112582781456956}"
T1068,CWE-250,0.2272,boost_common_term:privilege,"{""title_sim"": 0.48648648648648646, ""desc_sim"": 0.07741819194753287, ""kw_tactic_jaccard"": 0.0, ""mitigation_overlap"": 0.040268456375838924}"
T1564.009,CWE-413,0.3596,boost_common_term:resource;boost_subtech_title_match,"{""title_sim"": 0.7317073170731707, ""desc_sim"": 0.18032353485943173, ""kw_tactic_jaccard"": 0.0, ""mitigation_overlap"": 0.03}"
T1564.009,CWE-669,0.3435,boost_common_term:resource;boost_subtech_title_match,"{""title_sim"": 0.6666666666666665, ""desc_sim"": 0.19281266608042885, ""kw_tactic_jaccard"": 0.0, ""mitigation_overlap"": 0.02830188679245283}"
T1564.009,CWE-689,0.3404,boost_common_term:resource;boost_subtech_title_match,"{""title_sim"": 0.6666666666666665, ""desc_sim"": 0.18276642037047275, ""kw_tactic_jaccard"": 0.0, ""mitigation_overlap"": 0.027777777777777776}"
T1531,CWE-284,0.2348,boost_common_term:access,"{""title_sim"": 0.5777777777777778, ""desc_sim"": 0.03249611129472449, ""kw_tactic_jaccard"": 0.0, ""mitigation_overlap"": 0.008695652173913044}"
T1531,CWE-645,0.2333,boost_common_term:account,"{""title_sim"": 0.48275862068965514, ""desc_sim"": 0.10151233936608114, ""kw_tactic_jaccard"": 0.0, ""mitigation_overlap"": 0.04}"
T1531,CWE-1263,0.2285,boost_common_term:access,"{""title_sim"": 0.5555555555555556, ""desc_sim"": 0.03382793941548323, ""kw_tactic_jaccard"": 0.0, ""mitigation_overlap"": 0.00819672131147541}"
T1110.004,CWE-1273,0.2595,boost_subtech_title_match,"{""title_sim"": 0.689655172413793, ""desc_sim"": 0.059455155846711225, ""kw_tactic_jaccard"": 0.0, ""mitigation_overlap"": 0.024}"
T1110.004,CWE-1392,0.1935,,"{""title_sim"": 0.5777777777777778, ""desc_sim"": 0.05092741564248633, ""kw_tactic_jaccard"": 0.0, ""mitigation_overlap"": 0.024193548387096774}"
T1110.004,CWE-522,0.1925,,"{""title_sim"": 0.5818181818181818, ""desc_sim"": 0.04959501695068669, ""kw_tactic_jaccard"": 0.0, ""mitigation_overlap"": 0.015625}"
T1208,CWE-507,0.1506,,"{""title_sim"": 0.48, ""desc_sim"": 0.016758235073244126, ""kw_tactic_jaccard"": 0.0, ""mitigation_overlap"": 0.008064516129032258}"
T1208,CWE-667,0.1469,,"{""title_sim"": 0.48275862068965514, ""desc_sim"": 0.006844849850501803, ""kw_tactic_jaccard"": 0.0, ""mitigation_overlap"": 0.0}"
T1208,CWE-662,0.1439,,"{""title_sim"": 0.4324324324324324, ""desc_sim"": 0.02167311430569211, ""kw_tactic_jaccard"": 0.0, ""mitigation_overlap"": 0.038461538461538464}"
T1027,CWE-221,0.2733,boost_common_term:information,"{""title_sim"": 0.6666666666666665, ""desc_sim"": 0.06437251902602703, ""kw_tactic_jaccard"": 0.0, ""mitigation_overlap"": 0.020134228187919462}"
T1027,CWE-538,0.2668,"boost_common_term:files,information","{""title_sim"": 0.6222222222222222, ""desc_sim"": 0.07817706299835918, ""kw_tactic_jaccard"": 0.0, ""mitigation_overlap"": 0.03355704697986577}"
T1027,CWE-222,0.2511,boost_common_term:information,"{""title_sim"": 0.5945945945945946, ""desc_sim"": 0.05768740863478265, ""kw_tactic_jaccard"": 0.0, ""mitigation_overlap"": 0.027210884353741496}"
T1556.006,CWE-1390,0.3617,boost_common_term:authentication;boost_subtech_title_match,"{""title_sim"": 0.8484848484848484, ""desc_sim"": 0.07484813401895213, ""kw_tactic_jaccard"": 0.0, ""mitigation_overlap"": 0.0234375}"
T1556.006,CWE-308,0.3463,boost_common_term:authentication;boost_subtech_title_match,"{""title_sim"": 0.7096774193548387, ""desc_sim"": 0.1672926900158668, ""kw_tactic_jaccard"": 0.0, ""mitigation_overlap"": 0.016129032258064516}"
T1556.006,CWE-294,0.3128,boost_common_term:authentication;boost_subtech_title_match,"{""title_sim"": 0.6829268292682927, ""desc_sim"": 0.07309322065846072, ""kw_tactic_jaccard"": 0.0, ""mitigation_overlap"": 0.03007518796992481}"
T1114.002,CWE-1088,0.1845,boost_common_term:remote,"{""title_sim"": 0.41379310344827586, ""desc_sim"": 0.034685598508373536, ""kw_tactic_jaccard"": 0.0, ""mitigation_overlap"": 0.0}"
T1114.002,CWE-1229,0.1749,,"{""title_sim"": 0.5384615384615384, ""desc_sim"": 0.021309419314935605, ""kw_tactic_jaccard"": 0.0, ""mitigation_overlap"": 0.03508771929824561}"
T1114.002,CWE-192,0.1648,,"{""title_sim"": 0.5333333333333333, ""desc_sim"": 0.016056824611734254, ""kw_tactic_jaccard"": 0.0, ""mitigation_overlap"": 0.0}"
T1505.004,CWE-1103,0.3479,boost_common_term:components;boost_subtech_title_match,"{""title_sim"": 0.8333333333333333, ""desc_sim"": 0.030698769293039184, ""kw_tactic_jaccard"": 0.0, ""mitigation_overlap"": 0.043478260869565216}"
T1505.004,CWE-1104,0.3429,boost_common_term:components;boost_subtech_title_match,"{""title_sim"": 0.8333333333333333, ""desc_sim"": 0.026044144264461305, ""kw_tactic_jaccard"": 0.0, ""mitigation_overlap"": 0.025423728813559324}"
T1505.004,CWE-1296,0.3384,boost_common_term:components;boost_subtech_title_match,"{""title_sim"": 0.8333333333333333, ""desc_sim"": 0.02223824776605053, ""kw_tactic_jaccard"": 0.0, ""mitigation_overlap"": 0.008771929824561403}"
T1036.001,CWE-561,0.2857,boost_common_term:code;boost_subtech_title_match,"{""title_sim"": 0.6153846153846154, ""desc_sim"": 0.05311838540618172, ""kw_tactic_jaccard"": 0.0, ""mitigation_overlap"": 0.02564102564102564}"
T1036.001,CWE-347,0.2802,boost_common_term:signature,"{""title_sim"": 0.5806451612903225, ""desc_sim"": 0.16969404727122095, ""kw_tactic_jaccard"": 0.0, ""mitigation_overlap"": 0.02531645569620253}"
T1036.001,CWE-1064,0.2605,boost_common_term:signature,"{""title_sim"": 0.5806451612903225, ""desc_sim"": 0.10504902977281963, ""kw_tactic_jaccard"": 0.0, ""mitigation_overlap"": 0.024096385542168676}"
T1564.006,CWE-1063,0.2644,boost_common_term:instance,"{""title_sim"": 0.5714285714285715, ""desc_sim"": 0.13591795522944292, ""kw_tactic_jaccard"": 0.0, ""mitigation_overlap"": 0.011049723756906077}"
T1564.006,CWE-1087,0.2626,boost_common_term:virtual,"{""title_sim"": 0.5185185185185186, ""desc_sim"": 0.1791420231973229, ""kw_tactic_jaccard"": 0.0, ""mitigation_overlap"": 0.016304347826086956}"
T1564.006,CWE-1082,0.2597,boost_common_term:instance,"{""title_sim"": 0.5714285714285715, ""desc_sim"": 0.11691544721105113, ""kw_tactic_jaccard"": 0.0, ""mitigation_overlap"": 0.016216216216216217}"
T1154,CWE-510,0.2245,,"{""title_sim"": 0.6666666666666665, ""desc_sim"": 0.041187534882064766, ""kw_tactic_jaccard"": 0.0, ""mitigation_overlap"": 0.06060606060606061}"
T1154,CWE-507,0.1251,,"{""title_sim"": 0.375, ""desc_sim"": 0.02261539377978913, ""kw_tactic_jaccard"": 0.0, ""mitigation_overlap"": 0.028985507246376812}"
T1154,CWE-128,0.0891,,"{""title_sim"": 0.2857142857142857, ""desc_sim"": 0.01134488301564454, ""kw_tactic_jaccard"": 0.0, ""mitigation_overlap"": 0.0}"
T1027.014,CWE-561,0.2855,boost_common_term:code;boost_subtech_title_match,"{""title_sim"": 0.6153846153846154, ""desc_sim"": 0.053141148429637124, ""kw_tactic_jaccard"": 0.0, ""mitigation_overlap"": 0.024691358024691357}"
T1027.014,CWE-1120,0.2426,boost_common_term:code,"{""title_sim"": 0.4878048780487805, ""desc_sim"": 0.13788436789742434, ""kw_tactic_jaccard"": 0.0, ""mitigation_overlap"": 0.024691358024691357}"
T1027.014,CWE-1071,0.2251,boost_common_term:code,"{""title_sim"": 0.5, ""desc_sim"": 0.06768324215685381, ""kw_tactic_jaccard"": 0.0, ""mitigation_overlap"": 0.023809523809523808}"
T1201,CWE-261,0.2829,boost_common_term:password,"{""title_sim"": 0.5490196078431372, ""desc_sim"": 0.2154564580924228, ""kw_tactic_jaccard"": 0.0, ""mitigation_overlap"": 0.017699115044247787}"
T1201,CWE-640,0.2664,boost_common_term:password,"{""title_sim"": 0.5352112676056339, ""desc_sim"": 0.17490447038247975, ""kw_tactic_jaccard"": 0.0, ""mitigation_overlap"": 0.01680672268907563}"
T1201,CWE-257,0.2650,boost_common_term:password,"{""title_sim"": 0.45454545454545453, ""desc_sim"": 0.20401454807159988, ""kw_tactic_jaccard"": 0.0, ""mitigation_overlap"": 0.08695652173913043}"
T1546,CWE-1422,0.2393,boost_common_term:event,"{""title_sim"": 0.5294117647058824, ""desc_sim"": 0.08299017370913908, ""kw_tactic_jaccard"": 0.0, ""mitigation_overlap"": 0.028037383177570093}"
T1546,CWE-1420,0.2365,boost_common_term:event,"{""title_sim"": 0.5294117647058824, ""desc_sim"": 0.07348532899093785, ""kw_tactic_jaccard"": 0.0, ""mitigation_overlap"": 0.028037383177570093}"
T1546,CWE-1421,0.2323,boost_common_term:event,"{""title_sim"": 0.5294117647058824, ""desc_sim"": 0.054942775563724615, ""kw_tactic_jaccard"": 0.0, ""mitigation_overlap"": 0.03508771929824561}"
T1546.004,CWE-260,0.2755,boost_common_term:configuration;boost_subtech_title_match,"{""title_sim"": 0.6046511627906976, ""desc_sim"": 0.03678193910838911, ""kw_tactic_jaccard"": 0.0, ""mitigation_overlap"": 0.015544041450777202}"
T1546.004,CWE-553,0.2411,boost_common_term:shell,"{""title_sim"": 0.4235294117647059, ""desc_sim"": 0.18928301251446156, ""kw_tactic_jaccard"": 0.0, ""mitigation_overlap"": 0.03608247422680412}"
T1546.004,CWE-535,0.2363,boost_common_term:shell,"{""title_sim"": 0.45454545454545453, ""desc_sim"": 0.14344475823839034, ""kw_tactic_jaccard"": 0.0, ""mitigation_overlap"": 0.034482758620689655}"
T1187,CWE-1390,0.3490,boost_common_term:authentication,"{""title_sim"": 0.8484848484848484, ""desc_sim"": 0.13067538741622498, ""kw_tactic_jaccard"": 0.0, ""mitigation_overlap"": 0.02643171806167401}"
T1187,CWE-294,0.3472,boost_common_term:authentication,"{""title_sim"": 0.8, ""desc_sim"": 0.1677260338661459, ""kw_tactic_jaccard"": 0.0, ""mitigation_overlap"": 0.03463203463203463}"
T1187,CWE-603,0.3313,boost_common_term:authentication,"{""title_sim"": 0.8, ""desc_sim"": 0.12296871826424681, ""kw_tactic_jaccard"": 0.0, ""mitigation_overlap"": 0.022026431718061675}"
T1134.005,CWE-1319,0.2459,boost_common_term:injection,"{""title_sim"": 0.6, ""desc_sim"": 0.039537512526276755, ""kw_tactic_jaccard"": 0.0, ""mitigation_overlap"": 0.020202020202020204}"
T1134.005,CWE-91,0.1991,,"{""title_sim"": 0.6, ""desc_sim"": 0.044466979875527564, ""kw_tactic_jaccard"": 0.0, ""mitigation_overlap"": 0.02857142857142857}"
T1134.005,CWE-1334,0.1937,,"{""title_sim"": 0.6, ""desc_sim"": 0.032426623065465704, ""kw_tactic_jaccard"": 0.0, ""mitigation_overlap"": 0.019801980198019802}"
T1599,CWE-1331,0.2348,boost_common_term:network,"{""title_sim"": 0.4375, ""desc_sim"": 0.1386737424204156, ""kw_tactic_jaccard"": 0.0, ""mitigation_overlap"": 0.059602649006622516}"
T1599,CWE-406,0.2291,boost_common_term:network,"{""title_sim"": 0.4375, ""desc_sim"": 0.13760397606933322, ""kw_tactic_jaccard"": 0.0, ""mitigation_overlap"": 0.03289473684210526}"
T1599,CWE-501,0.2255,,"{""title_sim"": 0.5306122448979592, ""desc_sim"": 0.20239908264247938, ""kw_tactic_jaccard"": 0.0, ""mitigation_overlap"": 0.028169014084507043}"
T1486,CWE-1314,0.2162,boost_common_term:data,"{""title_sim"": 0.48484848484848486, ""desc_sim"": 0.056356769645854884, ""kw_tactic_jaccard"": 0.0, ""mitigation_overlap"": 0.01932367149758454}"
T1486,CWE-326,0.2133,boost_common_term:data,"{""title_sim"": 0.4727272727272727, ""desc_sim"": 0.05829882895198269, ""kw_tactic_jaccard"": 0.0, ""mitigation_overlap"": 0.01990049751243781}"
T1486,CWE-1094,0.2090,boost_common_term:data,"{""title_sim"": 0.48484848484848486, ""desc_sim"": 0.034940987123732496, ""kw_tactic_jaccard"": 0.0, ""mitigation_overlap"": 0.015228426395939087}"
T1488,CWE-433,0.2406,boost_common_term:content,"{""title_sim"": 0.5833333333333334, ""desc_sim"": 0.046258454244235823, ""kw_tactic_jaccard"": 0.0, ""mitigation_overlap"": 0.008403361344537815}"
T1488,CWE-594,0.1916,boost_common_term:disk,"{""title_sim"": 0.38095238095238093, ""desc_sim"": 0.08542781085583806, ""kw_tactic_jaccard"": 0.0, ""mitigation_overlap"": 0.00847457627118644}"
T1488,CWE-769,0.1616,boost_common_term:content,"{""title_sim"": 0.318840579710145, ""desc_sim"": 0.029389332002027334, ""kw_tactic_jaccard"": 0.0, ""mitigation_overlap"": 0.03571428571428571}"
T1553,CWE-1233,0.2362,boost_common_term:controls,"{""title_sim"": 0.5333333333333333, ""desc_sim"": 0.06427791784885313, ""kw_tactic_jaccard"": 0.0, ""mitigation_overlap"": 0.034482758620689655}"
T1553,CWE-1220,0.2198,boost_common_term:controls,"{""title_sim"": 0.4375, ""desc_sim"": 0.11295415297261026, ""kw_tactic_jaccard"": 0.0, ""mitigation_overlap"": 0.023255813953488372}"
T1553,CWE-296,0.2152,boost_common_term:trust,"{""title_sim"": 0.3703703703703704, ""desc_sim"": 0.162888241725194, ""kw_tactic_jaccard"": 0.0, ""mitigation_overlap"": 0.02631578947368421}"
T1548.004,CWE-250,0.2417,boost_subtech_title_match,"{""title_sim"": 0.6363636363636364, ""desc_sim"": 0.05911523998829587, ""kw_tactic_jaccard"": 0.0, ""mitigation_overlap"": 0.015503875968992248}"
T1548.004,CWE-362,0.2398,boost_subtech_title_match,"{""title_sim"": 0.6363636363636364, ""desc_sim"": 0.03724377444463639, ""kw_tactic_jaccard"": 0.0, ""mitigation_overlap"": 0.038461538461538464}"
T1548.004,CWE-768,0.1980,boost_common_term:execution,"{""title_sim"": 0.40625, ""desc_sim"": 0.06752743232041383, ""kw_tactic_jaccard"": 0.0, ""mitigation_overlap"": 0.029411764705882353}"
T1592.003,CWE-1277,0.4276,boost_common_term:firmware;boost_subtech_title_match,"{""title_sim"": 1.0, ""desc_sim"": 0.13335591089106053, ""kw_tactic_jaccard"": 0.0, ""mitigation_overlap"": 0.0380952380952381}"
T1592.003,CWE-512,0.2091,,"{""title_sim"": 0.5333333333333333, ""desc_sim"": 0.1219248731167392, ""kw_tactic_jaccard"": 0.0, ""mitigation_overlap"": 0.0625}"
T1592.003,CWE-203,0.1331,,"{""title_sim"": 0.33333333333333326, ""desc_sim"": 0.08094778181187058, ""kw_tactic_jaccard"": 0.0, ""mitigation_overlap"": 0.04424778761061947}"
T1573,CWE-514,0.2632,boost_common_term:channel,"{""title_sim"": 0.6666666666666665, ""desc_sim"": 0.04405605168157064, ""kw_tactic_jaccard"": 0.0, ""mitigation_overlap"": 0.0}"
T1573,CWE-419,0.2581,boost_common_term:channel,"{""title_sim"": 0.6363636363636364, ""desc_sim"": 0.05716501629973166, ""kw_tactic_jaccard"": 0.0, ""mitigation_overlap"": 0.0}"
T1573,CWE-300,0.2491,boost_common_term:channel,"{""title_sim"": 0.5833333333333334, ""desc_sim"": 0.06798704717956248, ""kw_tactic_jaccard"": 0.0, ""mitigation_overlap"": 0.018518518518518517}"
T1174,CWE-261,0.2812,boost_common_term:password,"{""title_sim"": 0.5925925925925926, ""desc_sim"": 0.16961084246313154, ""kw_tactic_jaccard"": 0.0, ""mitigation_overlap"": 0.0125}"
T1174,CWE-620,0.2768,boost_common_term:password,"{""title_sim"": 0.5925925925925926, ""desc_sim"": 0.14794253061118398, ""kw_tactic_jaccard"": 0.0, ""mitigation_overlap"": 0.023255813953488372}"
T1174,CWE-640,0.2751,boost_common_term:password,"{""title_sim"": 0.5925925925925926, ""desc_sim"": 0.14193906162016992, ""kw_tactic_jaccard"": 0.0, ""mitigation_overlap"": 0.023529411764705882}"
T1547.002,CWE-1390,0.3763,boost_common_term:authentication;boost_subtech_title_match,"{""title_sim"": 0.8484848484848484, ""desc_sim"": 0.11914404496610365, ""kw_tactic_jaccard"": 0.0, ""mitigation_overlap"": 0.030303030303030304}"
T1547.002,CWE-305,0.3748,boost_common_term:authentication;boost_subtech_title_match,"{""title_sim"": 0.7777777777777777, ""desc_sim"": 0.17201227283344664, ""kw_tactic_jaccard"": 0.0, ""mitigation_overlap"": 0.04918032786885246}"
T1547.002,CWE-301,0.3659,boost_common_term:authentication;boost_subtech_title_match,"{""title_sim"": 0.7777777777777777, ""desc_sim"": 0.13141459529269012, ""kw_tactic_jaccard"": 0.0, ""mitigation_overlap"": 0.06557377049180328}"
T1218.010,CWE-514,0.0993,,"{""title_sim"": 0.27272727272727265, ""desc_sim"": 0.03718685364830063, ""kw_tactic_jaccard"": 0.0, ""mitigation_overlap"": 0.031746031746031744}"
T1218.010,CWE-283,0.0980,,"{""title_sim"": 0.2857142857142857, ""desc_sim"": 0.02506761757347515, ""kw_tactic_jaccard"": 0.0, ""mitigation_overlap"": 0.024}"
T1218.010,CWE-834,0.0977,,"{""title_sim"": 0.29629629629629634, ""desc_sim"": 0.01892960215901683, ""kw_tactic_jaccard"": 0.0, ""mitigation_overlap"": 0.015873015873015872}"
T1002,CWE-409,0.4087,boost_common_term:compressed,"{""title_sim"": 1.0, ""desc_sim"": 0.16967136000829453, ""kw_tactic_jaccard"": 0.0, ""mitigation_overlap"": 0.0392156862745098}"
T1002,CWE-591,0.2208,boost_common_term:data,"{""title_sim"": 0.4210526315789474, ""desc_sim"": 0.09187823537197823, ""kw_tactic_jaccard"": 0.0, ""mitigation_overlap"": 0.0847457627118644}"
T1002,CWE-1422,0.2193,boost_common_term:data,"{""title_sim"": 0.4210526315789474, ""desc_sim"": 0.10315847738220295, ""kw_tactic_jaccard"": 0.0, ""mitigation_overlap"": 0.06}"
T1567.003,CWE-515,0.2422,boost_common_term:storage,"{""title_sim"": 0.5, ""desc_sim"": 0.10920442640188234, ""kw_tactic_jaccard"": 0.0, ""mitigation_overlap"": 0.047058823529411764}"
T1567.003,CWE-1046,0.2346,boost_common_term:text,"{""title_sim"": 0.5057471264367817, ""desc_sim"": 0.10018132195722297, ""kw_tactic_jaccard"": 0.0, ""mitigation_overlap"": 0.013888888888888888}"
T1567.003,CWE-312,0.2296,boost_subtech_title_match,"{""title_sim"": 0.6052631578947368, ""desc_sim"": 0.051246842278563395, ""kw_tactic_jaccard"": 0.0, ""mitigation_overlap"": 0.012987012987012988}"
T1081,CWE-1392,0.2998,boost_common_term:credentials,"{""title_sim"": 0.7096774193548387, ""desc_sim"": 0.1079425372036221, ""kw_tactic_jaccard"": 0.0, ""mitigation_overlap"": 0.02247191011235955}"
T1081,CWE-1391,0.2888,boost_common_term:credentials,"{""title_sim"": 0.7096774193548387, ""desc_sim"": 0.06466800450684759, ""kw_tactic_jaccard"": 0.0, ""mitigation_overlap"": 0.03225806451612903}"
T1081,CWE-522,0.2874,boost_common_term:credentials,"{""title_sim"": 0.7096774193548387, ""desc_sim"": 0.06712700964107476, ""kw_tactic_jaccard"": 0.0, ""mitigation_overlap"": 0.021739130434782608}"
T1592.002,CWE-1256,0.3591,boost_subtech_title_match,"{""title_sim"": 1.0, ""desc_sim"": 0.0773608278416991, ""kw_tactic_jaccard"": 0.0, ""mitigation_overlap"": 0.029585798816568046}"
T1592.002,CWE-512,0.2776,boost_subtech_title_match,"{""title_sim"": 0.6666666666666665, ""desc_sim"": 0.1264082555328907, ""kw_tactic_jaccard"": 0.0, ""mitigation_overlap"": 0.048484848484848485}"
T1592.002,CWE-1059,0.1343,boost_common_term:software,"{""title_sim"": 0.18181818181818188, ""desc_sim"": 0.0717843970035724, ""kw_tactic_jaccard"": 0.0, ""mitigation_overlap"": 0.04093567251461988}"
T1128,CWE-1124,0.1355,,"{""title_sim"": 0.4, ""desc_sim"": 0.02681892461557378, ""kw_tactic_jaccard"": 0.0, ""mitigation_overlap"": 0.037037037037037035}"
T1128,CWE-605,0.1275,,"{""title_sim"": 0.3829787234042554, ""desc_sim"": 0.018093774888623144, ""kw_tactic_jaccard"": 0.0, ""mitigation_overlap"": 0.03571428571428571}"
T1128,CWE-590,0.1272,,"{""title_sim"": 0.391304347826087, ""desc_sim"": 0.017970653239664697, ""kw_tactic_jaccard"": 0.0, ""mitigation_overlap"": 0.022222222222222223}"
T1056,CWE-450,0.2673,boost_common_term:input,"{""title_sim"": 0.5555555555555556, ""desc_sim"": 0.14759125710308588, ""kw_tactic_jaccard"": 0.0, ""mitigation_overlap"": 0.031746031746031744}"
T1056,CWE-147,0.2513,boost_common_term:input,"{""title_sim"": 0.5555555555555556, ""desc_sim"": 0.09651008209826027, ""kw_tactic_jaccard"": 0.0, ""mitigation_overlap"": 0.028169014084507043}"
T1056,CWE-1286,0.2505,boost_common_term:input,"{""title_sim"": 0.5555555555555556, ""desc_sim"": 0.10313356417740538, ""kw_tactic_jaccard"": 0.0, ""mitigation_overlap"": 0.014705882352941176}"
T1566.004,CWE-325,0.1509,,"{""title_sim"": 0.4888888888888889, ""desc_sim"": 0.00889077257501392, ""kw_tactic_jaccard"": 0.0, ""mitigation_overlap"": 0.008}"
T1566.004,CWE-413,0.1477,,"{""title_sim"": 0.45454545454545453, ""desc_sim"": 0.026994590927851062, ""kw_tactic_jaccard"": 0.0, ""mitigation_overlap"": 0.01639344262295082}"
T1566.004,CWE-697,0.1445,,"{""title_sim"": 0.4615384615384615, ""desc_sim"": 0.014753335917402095, ""kw_tactic_jaccard"": 0.0, ""mitigation_overlap"": 0.008}"
T1587.004,CWE-248,0.1191,,"{""title_sim"": 0.3846153846153846, ""desc_sim"": 0.01227129474495103, ""kw_tactic_jaccard"": 0.0, ""mitigation_overlap"": 0.0}"
T1587.004,CWE-1061,0.1169,,"{""title_sim"": 0.35294117647058826, ""desc_sim"": 0.027569914655681003, ""kw_tactic_jaccard"": 0.0, ""mitigation_overlap"": 0.013888888888888888}"
T1587.004,CWE-571,0.1137,,"{""title_sim"": 0.36363636363636365, ""desc_sim"": 0.009986821105020723, ""kw_tactic_jaccard"": 0.0, ""mitigation_overlap"": 0.008}"
T1593.001,CWE-638,0.1315,,"{""title_sim"": 0.4, ""desc_sim"": 0.0117631135993414, ""kw_tactic_jaccard"": 0.0, ""mitigation_overlap"": 0.04}"
T1593.001,CWE-833,0.1288,,"{""title_sim"": 0.4, ""desc_sim"": 0.015365687503128778, ""kw_tactic_jaccard"": 0.0, ""mitigation_overlap"": 0.021052631578947368}"
T1593.001,CWE-617,0.1280,,"{""title_sim"": 0.3870967741935484, ""desc_sim"": 0.0193134436082564, ""kw_tactic_jaccard"": 0.0, ""mitigation_overlap"": 0.030612244897959183}"
T1213.004,CWE-1256,0.2237,boost_common_term:management,"{""title_sim"": 0.49523809523809526, ""desc_sim"": 0.06754672102019613, ""kw_tactic_jaccard"": 0.0, ""mitigation_overlap"": 0.024390243902439025}"
T1213.004,CWE-245,0.2082,boost_common_term:management,"{""title_sim"": 0.4946236559139785, ""desc_sim"": 0.026433182927174247, ""kw_tactic_jaccard"": 0.0, ""mitigation_overlap"": 0.009259259259259259}"
T1213.004,CWE-1314,0.1952,boost_common_term:software,"{""title_sim"": 0.4130434782608695, ""desc_sim"": 0.05411109508327501, ""kw_tactic_jaccard"": 0.0, ""mitigation_overlap"": 0.025210084033613446}"
T1546.015,CWE-595,0.2673,boost_common_term:object,"{""title_sim"": 0.525, ""desc_sim"": 0.1794464258719214, ""kw_tactic_jaccard"": 0.0, ""mitigation_overlap"": 0.02962962962962963}"
T1546.015,CWE-386,0.2527,boost_common_term:object,"{""title_sim"": 0.5066666666666666, ""desc_sim"": 0.14908533852534356, ""kw_tactic_jaccard"": 0.0, ""mitigation_overlap"": 0.02962962962962963}"
T1546.015,CWE-1357,0.2305,boost_common_term:component,"{""title_sim"": 0.475, ""desc_sim"": 0.09774664047518758, ""kw_tactic_jaccard"": 0.0, ""mitigation_overlap"": 0.04316546762589928}"
T1589.001,CWE-1392,0.4090,boost_common_term:credentials;boost_subtech_title_match,"{""title_sim"": 1.0, ""desc_sim"": 0.08389602375405383, ""kw_tactic_jaccard"": 0.0, ""mitigation_overlap"": 0.01935483870967742}"
T1589.001,CWE-1391,0.4065,boost_common_term:credentials;boost_subtech_title_match,"{""title_sim"": 1.0, ""desc_sim"": 0.07165932227189471, ""kw_tactic_jaccard"": 0.0, ""mitigation_overlap"": 0.025157232704402517}"
T1589.001,CWE-522,0.4052,boost_common_term:credentials;boost_subtech_title_match,"{""title_sim"": 1.0, ""desc_sim"": 0.07117719834025846, ""kw_tactic_jaccard"": 0.0, ""mitigation_overlap"": 0.0189873417721519}"
T1195.002,CWE-296,0.2041,boost_common_term:chain,"{""title_sim"": 0.4197530864197531, ""desc_sim"": 0.07528705552202546, ""kw_tactic_jaccard"": 0.0, ""mitigation_overlap"": 0.027777777777777776}"
T1195.002,CWE-1279,0.2029,"boost_common_term:compromise,supply","{""title_sim"": 0.3829787234042554, ""desc_sim"": 0.07535636219543462, ""kw_tactic_jaccard"": 0.0, ""mitigation_overlap"": 0.07692307692307693}"
T1195.002,CWE-733,0.1882,boost_common_term:software,"{""title_sim"": 0.3495145631067962, ""desc_sim"": 0.07067961898328311, ""kw_tactic_jaccard"": 0.0, ""mitigation_overlap"": 0.06060606060606061}"
T1036.003,CWE-645,0.1747,boost_common_term:legitimate,"{""title_sim"": 0.3661971830985915, ""desc_sim"": 0.0422427922317919, ""kw_tactic_jaccard"": 0.0, ""mitigation_overlap"": 0.010869565217391304}"
T1036.003,CWE-394,0.1691,boost_common_term:legitimate,"{""title_sim"": 0.33846153846153837, ""desc_sim"": 0.04223527354834771, ""kw_tactic_jaccard"": 0.0, ""mitigation_overlap"": 0.024390243902439025}"
T1036.003,CWE-1038,0.1671,,"{""title_sim"": 0.5084745762711864, ""desc_sim"": 0.03401866337251372, ""kw_tactic_jaccard"": 0.0, ""mitigation_overlap"": 0.02197802197802198}"
T1102.002,CWE-940,0.3050,boost_common_term:communication;boost_subtech_title_match,"{""title_sim"": 0.65, ""desc_sim"": 0.0818337489950579, ""kw_tactic_jaccard"": 0.0, ""mitigation_overlap"": 0.02702702702702703}"
T1102.002,CWE-941,0.3041,boost_common_term:communication;boost_subtech_title_match,"{""title_sim"": 0.65, ""desc_sim"": 0.08478873788963232, ""kw_tactic_jaccard"": 0.0, ""mitigation_overlap"": 0.01834862385321101}"
T1102.002,CWE-923,0.3022,boost_common_term:communication;boost_subtech_title_match,"{""title_sim"": 0.65, ""desc_sim"": 0.07847528643591642, ""kw_tactic_jaccard"": 0.0, ""mitigation_overlap"": 0.01834862385321101}"
T1203,CWE-768,0.2205,boost_common_term:execution,"{""title_sim"": 0.4776119402985075, ""desc_sim"": 0.07032693149394392, ""kw_tactic_jaccard"": 0.0, ""mitigation_overlap"": 0.03048780487804878}"
T1203,CWE-603,0.2155,boost_common_term:client,"{""title_sim"": 0.45454545454545453, ""desc_sim"": 0.07537926530477204, ""kw_tactic_jaccard"": 0.0, ""mitigation_overlap"": 0.032467532467532464}"
T1203,CWE-393,0.2122,boost_common_term:execution,"{""title_sim"": 0.4666666666666666, ""desc_sim"": 0.05734332652011616, ""kw_tactic_jaccard"": 0.0, ""mitigation_overlap"": 0.025}"
T1595.003,CWE-514,0.1511,,"{""title_sim"": 0.4516129032258065, ""desc_sim"": 0.03171403477820303, ""kw_tactic_jaccard"": 0.0, ""mitigation_overlap"": 0.030303030303030304}"
T1595.003,CWE-268,0.1490,,"{""title_sim"": 0.45714285714285713, ""desc_sim"": 0.025184876468046753, ""kw_tactic_jaccard"": 0.0, ""mitigation_overlap"": 0.02142857142857143}"
T1595.003,CWE-172,0.1418,,"{""title_sim"": 0.4516129032258065, ""desc_sim"": 0.01604159626243272, ""kw_tactic_jaccard"": 0.0, ""mitigation_overlap"": 0.007575757575757576}"
T1667,CWE-511,0.1424,,"{""title_sim"": 0.42857142857142855, ""desc_sim"": 0.03035283020090704, ""kw_tactic_jaccard"": 0.0, ""mitigation_overlap"": 0.0234375}"
T1667,CWE-172,0.1375,,"{""title_sim"": 0.4444444444444444, ""desc_sim"": 0.008499735277282497, ""kw_tactic_jaccard"": 0.0, ""mitigation_overlap"": 0.008130081300813009}"
T1667,CWE-187,0.1327,,"{""title_sim"": 0.4210526315789474, ""desc_sim"": 0.011109865558005213, ""kw_tactic_jaccard"": 0.0, ""mitigation_overlap"": 0.015384615384615385}"
T1562.011,CWE-1270,0.2631,boost_common_term:security,"{""title_sim"": 0.5806451612903225, ""desc_sim"": 0.11660731360416607, ""kw_tactic_jaccard"": 0.0, ""mitigation_overlap"": 0.019417475728155338}"
T1562.011,CWE-671,0.2471,boost_common_term:security,"{""title_sim"": 0.5161290322580645, ""desc_sim"": 0.12199098655750017, ""kw_tactic_jaccard"": 0.0, ""mitigation_overlap"": 0.02830188679245283}"
T1562.011,CWE-1259,0.2438,boost_common_term:security,"{""title_sim"": 0.5277777777777778, ""desc_sim"": 0.11192269262783078, ""kw_tactic_jaccard"": 0.0, ""mitigation_overlap"": 0.009615384615384616}"
T1137.004,CWE-79,0.2017,boost_common_term:page,"{""title_sim"": 0.38095238095238093, ""desc_sim"": 0.0939152877495179, ""kw_tactic_jaccard"": 0.0, ""mitigation_overlap"": 0.046153846153846156}"
T1137.004,CWE-97,0.1956,boost_common_term:page,"{""title_sim"": 0.38095238095238093, ""desc_sim"": 0.08434782527034078, ""kw_tactic_jaccard"": 0.0, ""mitigation_overlap"": 0.029850746268656716}"
T1137.004,CWE-756,0.1614,,"{""title_sim"": 0.42857142857142855, ""desc_sim"": 0.0872646272672464, ""kw_tactic_jaccard"": 0.0, ""mitigation_overlap"": 0.03333333333333333}"
T1573.002,CWE-405,0.2605,boost_subtech_title_match,"{""title_sim"": 0.6060606060606061, ""desc_sim"": 0.1496074784416693, ""kw_tactic_jaccard"": 0.0, ""mitigation_overlap"": 0.019230769230769232}"
T1573.002,CWE-780,0.1873,boost_common_term:asymmetric,"{""title_sim"": 0.2142857142857143, ""desc_sim"": 0.19976035085682992, ""kw_tactic_jaccard"": 0.0, ""mitigation_overlap"": 0.06521739130434782}"
T1573.002,CWE-1394,0.1612,,"{""title_sim"": 0.43636363636363634, ""desc_sim"": 0.08557349064479979, ""kw_tactic_jaccard"": 0.0, ""mitigation_overlap"": 0.022988505747126436}"
T1567.002,CWE-515,0.2453,boost_common_term:storage,"{""title_sim"": 0.5098039215686274, ""desc_sim"": 0.1307281251619844, ""kw_tactic_jaccard"": 0.0, ""mitigation_overlap"": 0.015625}"
T1567.002,CWE-312,0.2066,,"{""title_sim"": 0.5915492957746479, ""desc_sim"": 0.07155830359045469, ""kw_tactic_jaccard"": 0.0, ""mitigation_overlap"": 0.038461538461538464}"
T1567.002,CWE-311,0.2040,boost_common_term:storage,"{""title_sim"": 0.4, ""desc_sim"": 0.10016206138985614, ""kw_tactic_jaccard"": 0.0, ""mitigation_overlap"": 0.02}"
T1570,CWE-669,0.2605,boost_common_term:transfer,"{""title_sim"": 0.5517241379310345, ""desc_sim"": 0.1311159012003041, ""kw_tactic_jaccard"": 0.0, ""mitigation_overlap"": 0.02830188679245283}"
T1570,CWE-1075,0.2472,boost_common_term:transfer,"{""title_sim"": 0.5517241379310345, ""desc_sim"": 0.09261771111859933, ""kw_tactic_jaccard"": 0.0, ""mitigation_overlap"": 0.0196078431372549}"
T1570,CWE-514,0.1903,boost_common_term:transfer,"{""title_sim"": 0.4, ""desc_sim"": 0.04783063612696349, ""kw_tactic_jaccard"": 0.0, ""mitigation_overlap"": 0.0297029702970297}"
T1574.009,CWE-428,0.3527,"boost_common_term:path,unquoted;boost_subtech_title_match","{""title_sim"": 0.6666666666666665, ""desc_sim"": 0.20948317314203607, ""kw_tactic_jaccard"": 0.0, ""mitigation_overlap"": 0.04950495049504951}"
T1574.009,CWE-427,0.2854,boost_common_term:path,"{""title_sim"": 0.5573770491803279, ""desc_sim"": 0.1941041243377467, ""kw_tactic_jaccard"": 0.0, ""mitigation_overlap"": 0.05}"
T1574.009,CWE-426,0.2747,boost_common_term:path,"{""title_sim"": 0.6, ""desc_sim"": 0.12171544144950482, ""kw_tactic_jaccard"": 0.0, ""mitigation_overlap"": 0.04081632653061224}"
T1608.003,CWE-298,0.2872,boost_common_term:certificate,"{""title_sim"": 0.5789473684210527, ""desc_sim"": 0.17654094766983297, ""kw_tactic_jaccard"": 0.0, ""mitigation_overlap"": 0.05263157894736842}"
T1608.003,CWE-599,0.2720,boost_common_term:certificate,"{""title_sim"": 0.5789473684210527, ""desc_sim"": 0.14414190973457647, ""kw_tactic_jaccard"": 0.0, ""mitigation_overlap"": 0.025423728813559324}"
T1608.003,CWE-299,0.2664,boost_common_term:certificate,"{""title_sim"": 0.5789473684210527, ""desc_sim"": 0.10802696892746716, ""kw_tactic_jaccard"": 0.0, ""mitigation_overlap"": 0.05172413793103448}"
T1168,CWE-1108,0.1559,boost_common_term:local,"{""title_sim"": 0.31034482758620685, ""desc_sim"": 0.03857962918851606, ""kw_tactic_jaccard"": 0.0, ""mitigation_overlap"": 0.006289308176100629}"
T1168,CWE-121,0.1482,boost_common_term:local,"{""title_sim"": 0.29787234042553196, ""desc_sim"": 0.029485099805493343, ""kw_tactic_jaccard"": 0.0, ""mitigation_overlap"": 0.0}"
T1168,CWE-553,0.1448,,"{""title_sim"": 0.38235294117647056, ""desc_sim"": 0.06911870792968206, ""kw_tactic_jaccard"": 0.0, ""mitigation_overlap"": 0.04697986577181208}"
T1166,CWE-384,0.1538,,"{""title_sim"": 0.4242424242424242, ""desc_sim"": 0.07650235827183935, ""kw_tactic_jaccard"": 0.0, ""mitigation_overlap"": 0.018018018018018018}"
T1166,CWE-515,0.1515,,"{""title_sim"": 0.3076923076923077, ""desc_sim"": 0.17433820316883117, ""kw_tactic_jaccard"": 0.0, ""mitigation_overlap"": 0.034482758620689655}"
T1166,CWE-1209,0.1499,,"{""title_sim"": 0.2448979591836735, ""desc_sim"": 0.21241811338136446, ""kw_tactic_jaccard"": 0.0, ""mitigation_overlap"": 0.06349206349206349}"
T1037.005,CWE-426,0.1298,,"{""title_sim"": 0.411764705882353, ""desc_sim"": 0.014557186642440175, ""kw_tactic_jaccard"": 0.0, ""mitigation_overlap"": 0.009615384615384616}"
T1037.005,CWE-102,0.1240,,"{""title_sim"": 0.3829787234042554, ""desc_sim"": 0.024256473312709272, ""kw_tactic_jaccard"": 0.0, ""mitigation_overlap"": 0.009259259259259259}"
T1037.005,CWE-326,0.1226,,"{""title_sim"": 0.37209302325581395, ""desc_sim"": 0.030366942530180324, ""kw_tactic_jaccard"": 0.0, ""mitigation_overlap"": 0.009345794392523364}"
T1100,CWE-553,0.3757,"boost_common_term:shell,web","{""title_sim"": 0.7142857142857143, ""desc_sim"": 0.30995513622122645, ""kw_tactic_jaccard"": 0.0, ""mitigation_overlap"": 0.09230769230769231}"
T1100,CWE-535,0.3251,"boost_common_term:shell,web","{""title_sim"": 0.7142857142857143, ""desc_sim"": 0.1677209224913122, ""kw_tactic_jaccard"": 0.0, ""mitigation_overlap"": 0.05263157894736842}"
T1100,CWE-525,0.2702,boost_common_term:web,"{""title_sim"": 0.5, ""desc_sim"": 0.20498286034261273, ""kw_tactic_jaccard"": 0.0, ""mitigation_overlap"": 0.043478260869565216}"
T1186,CWE-214,0.2298,boost_common_term:process,"{""title_sim"": 0.5, ""desc_sim"": 0.0805081802526107, ""kw_tactic_jaccard"": 0.0, ""mitigation_overlap"": 0.028169014084507043}"
T1186,CWE-114,0.2073,,"{""title_sim"": 0.6363636363636364, ""desc_sim"": 0.0454445275327796, ""kw_tactic_jaccard"": 0.0, ""mitigation_overlap"": 0.013888888888888888}"
T1186,CWE-67,0.1998,boost_common_term:process,"{""title_sim"": 0.3870967741935484, ""desc_sim"": 0.08684329138412382, ""kw_tactic_jaccard"": 0.0, ""mitigation_overlap"": 0.03821656050955414}"
T1184,CWE-384,0.1691,,"{""title_sim"": 0.41379310344827586, ""desc_sim"": 0.11880085294226436, ""kw_tactic_jaccard"": 0.0, ""mitigation_overlap"": 0.04672897196261682}"
T1184,CWE-564,0.1374,,"{""title_sim"": 0.4324324324324324, ""desc_sim"": 0.019528875760892316, ""kw_tactic_jaccard"": 0.0, ""mitigation_overlap"": 0.00909090909090909}"
T1184,CWE-62,0.1201,,"{""title_sim"": 0.3703703703703704, ""desc_sim"": 0.02436940182484132, ""kw_tactic_jaccard"": 0.0, ""mitigation_overlap"": 0.008264462809917356}"
T1614.001,CWE-917,0.2375,boost_common_term:language,"{""title_sim"": 0.48484848484848486, ""desc_sim"": 0.11580962789144467, ""kw_tactic_jaccard"": 0.0, ""mitigation_overlap"": 0.0364963503649635}"
T1614.001,CWE-111,0.1989,boost_common_term:language,"{""title_sim"": 0.40816326530612246, ""desc_sim"": 0.07265769908967334, ""kw_tactic_jaccard"": 0.0, ""mitigation_overlap"": 0.023255813953488372}"
T1614.001,CWE-341,0.1977,boost_common_term:system,"{""title_sim"": 0.3793103448275862, ""desc_sim"": 0.08584698993085915, ""kw_tactic_jaccard"": 0.0, ""mitigation_overlap"": 0.040983606557377046}"
T1095,CWE-1054,0.2433,boost_common_term:layer,"{""title_sim"": 0.4077669902912621, ""desc_sim"": 0.20936396375573213, ""kw_tactic_jaccard"": 0.0, ""mitigation_overlap"": 0.04081632653061224}"
T1095,CWE-573,0.2137,boost_common_term:protocol,"{""title_sim"": 0.45333333333333337, ""desc_sim"": 0.0733138226454447, ""kw_tactic_jaccard"": 0.0, ""mitigation_overlap"": 0.02877697841726619}"
T1095,CWE-353,0.1831,boost_common_term:protocol,"{""title_sim"": 0.33846153846153837, ""desc_sim"": 0.07623762467987806, ""kw_tactic_jaccard"": 0.0, ""mitigation_overlap"": 0.043478260869565216}"
T1075,CWE-836,0.2864,boost_common_term:hash,"{""title_sim"": 0.4705882352941177, ""desc_sim"": 0.2876802282849513, ""kw_tactic_jaccard"": 0.0, ""mitigation_overlap"": 0.04477611940298507}"
T1075,CWE-328,0.2655,boost_common_term:hash,"{""title_sim"": 0.5517241379310345, ""desc_sim"": 0.14345679715739784, ""kw_tactic_jaccard"": 0.0, ""mitigation_overlap"": 0.034482758620689655}"
T1075,CWE-916,0.2517,boost_common_term:hash,"{""title_sim"": 0.4705882352941177, ""desc_sim"": 0.16568769759341306, ""kw_tactic_jaccard"": 0.0, ""mitigation_overlap"": 0.05405405405405406}"
T1059.013,CWE-589,0.1905,boost_common_term:api,"{""title_sim"": 0.37209302325581395, ""desc_sim"": 0.08382403194385335, ""kw_tactic_jaccard"": 0.0, ""mitigation_overlap"": 0.018404907975460124}"
T1059.013,CWE-648,0.1789,boost_common_term:api,"{""title_sim"": 0.3265306122448979, ""desc_sim"": 0.09073868966150167, ""kw_tactic_jaccard"": 0.0, ""mitigation_overlap"": 0.018633540372670808}"
T1059.013,CWE-216,0.1726,boost_common_term:container,"{""title_sim"": 0.33333333333333326, ""desc_sim"": 0.06742635211256352, ""kw_tactic_jaccard"": 0.0, ""mitigation_overlap"": 0.011627906976744186}"
T1027.003,CWE-377,0.1201,,"{""title_sim"": 0.33333333333333326, ""desc_sim"": 0.044974295965785616, ""kw_tactic_jaccard"": 0.0, ""mitigation_overlap"": 0.03296703296703297}"
T1027.003,CWE-515,0.1191,,"{""title_sim"": 0.2857142857142857, ""desc_sim"": 0.07117073461679768, ""kw_tactic_jaccard"": 0.0, ""mitigation_overlap"": 0.06}"
T1027.003,CWE-514,0.1177,,"{""title_sim"": 0.29629629629629634, ""desc_sim"": 0.058865831979754375, ""kw_tactic_jaccard"": 0.0, ""mitigation_overlap"": 0.05555555555555555}"
T1584.002,CWE-650,0.3187,boost_common_term:server;boost_subtech_title_match,"{""title_sim"": 0.75, ""desc_sim"": 0.03116591781750369, ""kw_tactic_jaccard"": 0.0, ""mitigation_overlap"": 0.021739130434782608}"
T1584.002,CWE-533,0.2575,boost_subtech_title_match,"{""title_sim"": 0.75, ""desc_sim"": 0.008324309825172922, ""kw_tactic_jaccard"": 0.0, ""mitigation_overlap"": 0.0}"
T1584.002,CWE-350,0.2309,boost_common_term:dns,"{""title_sim"": 0.4615384615384615, ""desc_sim"": 0.13038139165197798, ""kw_tactic_jaccard"": 0.0, ""mitigation_overlap"": 0.01639344262295082}"
T1671,CWE-926,0.2545,boost_common_term:application,"{""title_sim"": 0.55, ""desc_sim"": 0.10394461153394186, ""kw_tactic_jaccard"": 0.0, ""mitigation_overlap"": 0.041666666666666664}"
T1671,CWE-1065,0.2530,boost_common_term:application,"{""title_sim"": 0.55, ""desc_sim"": 0.1130472017148242, ""kw_tactic_jaccard"": 0.0, ""mitigation_overlap"": 0.02054794520547945}"
T1671,CWE-1249,0.2147,boost_common_term:application,"{""title_sim"": 0.4144144144144144, ""desc_sim"": 0.12148635824894038, ""kw_tactic_jaccard"": 0.0, ""mitigation_overlap"": 0.01948051948051948}"
T1001.003,CWE-606,0.2152,boost_common_term:service,"{""title_sim"": 0.5074626865671642, ""desc_sim"": 0.027165807485784267, ""kw_tactic_jaccard"": 0.0, ""mitigation_overlap"": 0.024096385542168676}"
T1001.003,CWE-651,0.2075,boost_common_term:service,"{""title_sim"": 0.3908045977011494, ""desc_sim"": 0.10505205137494833, ""kw_tactic_jaccard"": 0.0, ""mitigation_overlap"": 0.04395604395604396}"
T1001.003,CWE-301,0.1975,,"{""title_sim"": 0.5, ""desc_sim"": 0.12380844277604335, ""kw_tactic_jaccard"": 0.0, ""mitigation_overlap"": 0.05194805194805195}"
T1012,CWE-314,0.2770,,"{""title_sim"": 0.7272727272727272, ""desc_sim"": 0.18591836732757963, ""kw_tactic_jaccard"": 0.0, ""mitigation_overlap"": 0.015151515151515152}"
T1012,CWE-943,0.2434,boost_common_term:query,"{""title_sim"": 0.5263157894736842, ""desc_sim"": 0.08495993289184639, ""kw_tactic_jaccard"": 0.0, ""mitigation_overlap"": 0.05}"
T1012,CWE-598,0.2406,boost_common_term:query,"{""title_sim"": 0.5263157894736842, ""desc_sim"": 0.09088851998615287, ""kw_tactic_jaccard"": 0.0, ""mitigation_overlap"": 0.02702702702702703}"
T1030,CWE-469,0.2401,boost_common_term:size,"{""title_sim"": 0.463768115942029, ""desc_sim"": 0.13820717887645678, ""kw_tactic_jaccard"": 0.0, ""mitigation_overlap"": 0.047619047619047616}"
T1030,CWE-1075,0.2344,boost_common_term:transfer,"{""title_sim"": 0.48484848484848486, ""desc_sim"": 0.11163568283964224, ""kw_tactic_jaccard"": 0.0, ""mitigation_overlap"": 0.02702702702702703}"
T1030,CWE-669,0.2296,boost_common_term:transfer,"{""title_sim"": 0.48484848484848486, ""desc_sim"": 0.09788112186568146, ""kw_tactic_jaccard"": 0.0, ""mitigation_overlap"": 0.023809523809523808}"
T1028,CWE-1065,0.2456,boost_common_term:management,"{""title_sim"": 0.5714285714285715, ""desc_sim"": 0.06631271863232818, ""kw_tactic_jaccard"": 0.0, ""mitigation_overlap"": 0.02127659574468085}"
T1028,CWE-245,0.2431,boost_common_term:management,"{""title_sim"": 0.5714285714285715, ""desc_sim"": 0.055892244574448885, ""kw_tactic_jaccard"": 0.0, ""mitigation_overlap"": 0.024390243902439025}"
T1028,CWE-67,0.2346,boost_common_term:windows,"{""title_sim"": 0.48484848484848486, ""desc_sim"": 0.07310896745590992, ""kw_tactic_jaccard"": 0.0, ""mitigation_overlap"": 0.08620689655172414}"
T1550.004,CWE-614,0.3790,boost_subtech_title_match,"{""title_sim"": 0.875, ""desc_sim"": 0.26223749066376373, ""kw_tactic_jaccard"": 0.0, ""mitigation_overlap"": 0.0392156862745098}"
T1550.004,CWE-384,0.3255,boost_common_term:session;boost_subtech_title_match,"{""title_sim"": 0.6086956521739131, ""desc_sim"": 0.18571981855553782, ""kw_tactic_jaccard"": 0.0, ""mitigation_overlap"": 0.036036036036036036}"
T1550.004,CWE-1004,0.2984,boost_common_term:cookie,"{""title_sim"": 0.5, ""desc_sim"": 0.3025088683861384, ""kw_tactic_jaccard"": 0.0, ""mitigation_overlap"": 0.0380952380952381}"
T1078.002,CWE-830,0.1868,boost_common_term:domain,"{""title_sim"": 0.2857142857142857, ""desc_sim"": 0.14327240595718582, ""kw_tactic_jaccard"": 0.0, ""mitigation_overlap"": 0.04054054054054054}"
T1078.002,CWE-645,0.1848,boost_common_term:accounts,"{""title_sim"": 0.3728813559322034, ""desc_sim"": 0.04215072557308594, ""kw_tactic_jaccard"": 0.0, ""mitigation_overlap"": 0.05128205128205128}"
T1078.002,CWE-618,0.1740,boost_common_term:domain,"{""title_sim"": 0.3181818181818181, ""desc_sim"": 0.0773139021024352, ""kw_tactic_jaccard"": 0.0, ""mitigation_overlap"": 0.02666666666666667}"
T1218.009,CWE-23,0.1193,,"{""title_sim"": 0.32432432432432434, ""desc_sim"": 0.04852214274952278, ""kw_tactic_jaccard"": 0.0, ""mitigation_overlap"": 0.037037037037037035}"
T1218.009,CWE-185,0.1075,,"{""title_sim"": 0.33333333333333326, ""desc_sim"": 0.01557188682924371, ""kw_tactic_jaccard"": 0.0, ""mitigation_overlap"": 0.014084507042253521}"
T1218.009,CWE-111,0.1073,,"{""title_sim"": 0.26315789473684204, ""desc_sim"": 0.060712814964005754, ""kw_tactic_jaccard"": 0.0, ""mitigation_overlap"": 0.05063291139240506}"
T1034,CWE-428,0.2653,boost_common_term:path,"{""title_sim"": 0.5, ""desc_sim"": 0.19156549893801783, ""kw_tactic_jaccard"": 0.0, ""mitigation_overlap"": 0.039301310043668124}"
T1034,CWE-427,0.2647,boost_common_term:path,"{""title_sim"": 0.4897959183673469, ""desc_sim"": 0.2026864748948513, ""kw_tactic_jaccard"": 0.0, ""mitigation_overlap"": 0.034934497816593885}"
T1034,CWE-426,0.2498,boost_common_term:path,"{""title_sim"": 0.4736842105263158, ""desc_sim"": 0.1688593224282856, ""kw_tactic_jaccard"": 0.0, ""mitigation_overlap"": 0.035398230088495575}"
T1546.018,CWE-426,0.1507,,"{""title_sim"": 0.4390243902439025, ""desc_sim"": 0.0479453792479533, ""kw_tactic_jaccard"": 0.0, ""mitigation_overlap"": 0.022988505747126436}"
T1546.018,CWE-622,0.1432,boost_common_term:hooks,"{""title_sim"": 0.27272727272727265, ""desc_sim"": 0.037896205065581626, ""kw_tactic_jaccard"": 0.0, ""mitigation_overlap"": 0.0}"
T1546.018,CWE-393,0.1401,,"{""title_sim"": 0.425531914893617, ""desc_sim"": 0.02725866679441051, ""kw_tactic_jaccard"": 0.0, ""mitigation_overlap"": 0.02127659574468085}"
T1506,CWE-614,0.3470,,"{""title_sim"": 0.875, ""desc_sim"": 0.2547861805587146, ""kw_tactic_jaccard"": 0.0, ""mitigation_overlap"": 0.04040404040404041}"
T1506,CWE-1004,0.3023,boost_common_term:cookie,"{""title_sim"": 0.5, ""desc_sim"": 0.31475589311018015, ""kw_tactic_jaccard"": 0.0, ""mitigation_overlap"": 0.0392156862745098}"
T1506,CWE-384,0.2978,boost_common_term:session,"{""title_sim"": 0.6086956521739131, ""desc_sim"": 0.19254325322377736, ""kw_tactic_jaccard"": 0.0, ""mitigation_overlap"": 0.037037037037037035}"
T1553.004,CWE-599,0.3495,boost_common_term:certificate;boost_subtech_title_match,"{""title_sim"": 0.6285714285714286, ""desc_sim"": 0.2537571877295698, ""kw_tactic_jaccard"": 0.0, ""mitigation_overlap"": 0.023809523809523808}"
T1553.004,CWE-298,0.3468,boost_common_term:certificate;boost_subtech_title_match,"{""title_sim"": 0.6285714285714286, ""desc_sim"": 0.22805059770523384, ""kw_tactic_jaccard"": 0.0, ""mitigation_overlap"": 0.049079754601226995}"
T1553.004,CWE-297,0.3388,boost_common_term:certificate;boost_subtech_title_match,"{""title_sim"": 0.6285714285714286, ""desc_sim"": 0.21788533150841138, ""kw_tactic_jaccard"": 0.0, ""mitigation_overlap"": 0.024096385542168676}"
T1037.003,CWE-406,0.2392,boost_common_term:network,"{""title_sim"": 0.5185185185185186, ""desc_sim"": 0.07243072776940206, ""kw_tactic_jaccard"": 0.0, ""mitigation_overlap"": 0.05970149253731343}"
T1037.003,CWE-1051,0.2316,boost_common_term:network,"{""title_sim"": 0.5185185185185186, ""desc_sim"": 0.06464932126138546, ""kw_tactic_jaccard"": 0.0, ""mitigation_overlap"": 0.03333333333333333}"
T1037.003,CWE-1331,0.2291,boost_common_term:network,"{""title_sim"": 0.5185185185185186, ""desc_sim"": 0.05998291530652631, ""kw_tactic_jaccard"": 0.0, ""mitigation_overlap"": 0.027777777777777776}"
T1499,CWE-437,0.2645,boost_common_term:endpoint,"{""title_sim"": 0.5945945945945946, ""desc_sim"": 0.10707801621997594, ""kw_tactic_jaccard"": 0.0, ""mitigation_overlap"": 0.01984126984126984}"
T1499,CWE-1327,0.2246,boost_common_term:service,"{""title_sim"": 0.4444444444444444, ""desc_sim"": 0.12634827749129973, ""kw_tactic_jaccard"": 0.0, ""mitigation_overlap"": 0.016597510373443983}"
T1499,CWE-67,0.2240,"boost_common_term:service,denial","{""title_sim"": 0.44776119402985076, ""desc_sim"": 0.11672201439713943, ""kw_tactic_jaccard"": 0.0, ""mitigation_overlap"": 0.0234375}"
T1027.004,CWE-416,0.2265,boost_common_term:after,"{""title_sim"": 0.5263157894736842, ""desc_sim"": 0.043480729848980965, ""kw_tactic_jaccard"": 0.0, ""mitigation_overlap"": 0.028037383177570093}"
T1027.004,CWE-1120,0.1843,,"{""title_sim"": 0.5531914893617021, ""desc_sim"": 0.053134447254128185, ""kw_tactic_jaccard"": 0.0, ""mitigation_overlap"": 0.012195121951219513}"
T1027.004,CWE-14,0.1776,,"{""title_sim"": 0.4444444444444444, ""desc_sim"": 0.12559875279640317, ""kw_tactic_jaccard"": 0.0, ""mitigation_overlap"": 0.03296703296703297}"
T1065,CWE-605,0.2516,boost_common_term:port,"{""title_sim"": 0.35294117647058826, ""desc_sim"": 0.2390945850109879, ""kw_tactic_jaccard"": 0.0, ""mitigation_overlap"": 0.12}"
T1065,CWE-676,0.1987,boost_common_term:used,"{""title_sim"": 0.456140350877193, ""desc_sim"": 0.016488272848813174, ""kw_tactic_jaccard"": 0.0, ""mitigation_overlap"": 0.034482758620689655}"
T1065,CWE-606,0.1706,boost_common_term:used,"{""title_sim"": 0.3703703703703704, ""desc_sim"": 0.011368726511542235, ""kw_tactic_jaccard"": 0.0, ""mitigation_overlap"": 0.030303030303030304}"
T1614,CWE-786,0.2213,boost_common_term:location,"{""title_sim"": 0.4857142857142857, ""desc_sim"": 0.07196216997571293, ""kw_tactic_jaccard"": 0.0, ""mitigation_overlap"": 0.020202020202020204}"
T1614,CWE-788,0.2199,boost_common_term:location,"{""title_sim"": 0.48484848484848486, ""desc_sim"": 0.06809634975350497, ""kw_tactic_jaccard"": 0.0, ""mitigation_overlap"": 0.020202020202020204}"
T1614,CWE-795,0.2153,boost_common_term:location,"{""title_sim"": 0.48484848484848486, ""desc_sim"": 0.05370416192115827, ""kw_tactic_jaccard"": 0.0, ""mitigation_overlap"": 0.018691588785046728}"
T1564.007,CWE-1116,0.1389,,"{""title_sim"": 0.2580645161290323, ""desc_sim"": 0.17344643709978438, ""kw_tactic_jaccard"": 0.0, ""mitigation_overlap"": 0.04716981132075472}"
T1564.007,CWE-1115,0.1330,,"{""title_sim"": 0.1754385964912281, ""desc_sim"": 0.23687097786998595, ""kw_tactic_jaccard"": 0.0, ""mitigation_overlap"": 0.046296296296296294}"
T1564.007,CWE-1120,0.1295,,"{""title_sim"": 0.27027027027027034, ""desc_sim"": 0.15499326529128893, ""kw_tactic_jaccard"": 0.0, ""mitigation_overlap"": 0.009615384615384616}"
T1197,CWE-1209,0.2291,boost_common_term:bits,"{""title_sim"": 0.19512195121951223, ""desc_sim"": 0.38591822113181173, ""kw_tactic_jaccard"": 0.0, ""mitigation_overlap"": 0.024096385542168676}"
T1197,CWE-515,0.2142,boost_common_term:bits,"{""title_sim"": 0.12903225806451615, ""desc_sim"": 0.3962636332386825, ""kw_tactic_jaccard"": 0.0, ""mitigation_overlap"": 0.033112582781456956}"
T1197,CWE-1242,0.2037,boost_common_term:bits,"{""title_sim"": 0.1355932203389831, ""desc_sim"": 0.362698400432145, ""kw_tactic_jaccard"": 0.0, ""mitigation_overlap"": 0.02112676056338028}"
T1127.001,CWE-112,0.1027,,"{""title_sim"": 0.2758620689655173, ""desc_sim"": 0.058306181606943445, ""kw_tactic_jaccard"": 0.0, ""mitigation_overlap"": 0.012195121951219513}"
T1127.001,CWE-912,0.1006,,"{""title_sim"": 0.29629629629629634, ""desc_sim"": 0.02323006244779918, ""kw_tactic_jaccard"": 0.0, ""mitigation_overlap"": 0.023529411764705882}"
T1127.001,CWE-1071,0.0957,,"{""title_sim"": 0.26086956521739124, ""desc_sim"": 0.04155629111702921, ""kw_tactic_jaccard"": 0.0, ""mitigation_overlap"": 0.025}"
T1656,CWE-520,0.2228,penalize_generic_cwe,"{""title_sim"": 1.0, ""desc_sim"": 0.07185883156957167, ""kw_tactic_jaccard"": 0.0, ""mitigation_overlap"": 0.006289308176100629}"
T1656,CWE-556,0.2224,penalize_generic_cwe,"{""title_sim"": 1.0, ""desc_sim"": 0.070171385865582, ""kw_tactic_jaccard"": 0.0, ""mitigation_overlap"": 0.006622516556291391}"
T1656,CWE-662,0.2180,,"{""title_sim"": 0.6486486486486487, ""desc_sim"": 0.049860467846493964, ""kw_tactic_jaccard"": 0.0, ""mitigation_overlap"": 0.04216867469879518}"
T1578.005,CWE-94,0.2043,boost_common_term:modify,"{""title_sim"": 0.4719101123595506, ""desc_sim"": 0.026535760954401206, ""kw_tactic_jaccard"": 0.0, ""mitigation_overlap"": 0.023622047244094488}"
T1578.005,CWE-393,0.1999,boost_common_term:modify,"{""title_sim"": 0.4516129032258065, ""desc_sim"": 0.031676896372343354, ""kw_tactic_jaccard"": 0.0, ""mitigation_overlap"": 0.024390243902439025}"
T1578.005,CWE-1327,0.1886,boost_common_term:cloud,"{""title_sim"": 0.33333333333333326, ""desc_sim"": 0.09331704201725881, ""kw_tactic_jaccard"": 0.0, ""mitigation_overlap"": 0.05309734513274336}"
T1088,CWE-294,0.2380,"boost_common_term:bypass,user","{""title_sim"": 0.5151515151515151, ""desc_sim"": 0.09623757708848772, ""kw_tactic_jaccard"": 0.0, ""mitigation_overlap"": 0.022857142857142857}"
T1088,CWE-639,0.2354,boost_common_term:user,"{""title_sim"": 0.5066666666666666, ""desc_sim"": 0.09150621863887677, ""kw_tactic_jaccard"": 0.0, ""mitigation_overlap"": 0.02976190476190476}"
T1088,CWE-1262,0.2226,boost_common_term:control,"{""title_sim"": 0.5205479452054794, ""desc_sim"": 0.038835995129915826, ""kw_tactic_jaccard"": 0.0, ""mitigation_overlap"": 0.023809523809523808}"
T1494,CWE-502,0.2382,boost_common_term:data,"{""title_sim"": 0.5517241379310345, ""desc_sim"": 0.053715313558742726, ""kw_tactic_jaccard"": 0.0, ""mitigation_overlap"": 0.03260869565217391}"
T1494,CWE-1061,0.2236,boost_common_term:data,"{""title_sim"": 0.5098039215686274, ""desc_sim"": 0.05064249158001289, ""kw_tactic_jaccard"": 0.0, ""mitigation_overlap"": 0.027522935779816515}"
T1494,CWE-1313,0.2225,"boost_common_term:runtime,data","{""title_sim"": 0.4375, ""desc_sim"": 0.10540623290872542, ""kw_tactic_jaccard"": 0.0, ""mitigation_overlap"": 0.04807692307692308}"
T1090.004,CWE-187,0.1765,,"{""title_sim"": 0.55, ""desc_sim"": 0.024420931270296528, ""kw_tactic_jaccard"": 0.0, ""mitigation_overlap"": 0.020833333333333332}"
T1090.004,CWE-830,0.1685,boost_common_term:domain,"{""title_sim"": 0.25714285714285706, ""desc_sim"": 0.1240546927805759, ""kw_tactic_jaccard"": 0.0, ""mitigation_overlap"": 0.020618556701030927}"
T1090.004,CWE-638,0.1650,,"{""title_sim"": 0.5116279069767442, ""desc_sim"": 0.025072096080275816, ""kw_tactic_jaccard"": 0.0, ""mitigation_overlap"": 0.02}"
T1557.002,CWE-524,0.2205,boost_common_term:cache,"{""title_sim"": 0.41666666666666663, ""desc_sim"": 0.1286611309975976, ""kw_tactic_jaccard"": 0.0, ""mitigation_overlap"": 0.034722222222222224}"
T1557.002,CWE-414,0.1693,,"{""title_sim"": 0.5405405405405406, ""desc_sim"": 0.014501377470266906, ""kw_tactic_jaccard"": 0.0, ""mitigation_overlap"": 0.013888888888888888}"
T1557.002,CWE-291,0.1662,,"{""title_sim"": 0.33333333333333326, ""desc_sim"": 0.21075884034582038, ""kw_tactic_jaccard"": 0.0, ""mitigation_overlap"": 0.014705882352941176}"
T1562.008,CWE-779,0.2108,boost_common_term:logs,"{""title_sim"": 0.37735849056603776, ""desc_sim"": 0.1405666226138874, ""kw_tactic_jaccard"": 0.0, ""mitigation_overlap"": 0.02727272727272727}"
T1562.008,CWE-455,0.1924,boost_common_term:modify,"{""title_sim"": 0.39344262295081966, ""desc_sim"": 0.04910745418234476, ""kw_tactic_jaccard"": 0.0, ""mitigation_overlap"": 0.048}"
T1562.008,CWE-393,0.1869,boost_common_term:modify,"{""title_sim"": 0.4, ""desc_sim"": 0.03865612563695853, ""kw_tactic_jaccard"": 0.0, ""mitigation_overlap"": 0.02631578947368421}"
T1518.001,CWE-446,0.2878,boost_common_term:security;boost_subtech_title_match,"{""title_sim"": 0.6129032258064516, ""desc_sim"": 0.056852240773953254, ""kw_tactic_jaccard"": 0.0, ""mitigation_overlap"": 0.03418803418803419}"
T1518.001,CWE-671,0.2375,boost_common_term:security,"{""title_sim"": 0.5142857142857143, ""desc_sim"": 0.0891012514165475, ""kw_tactic_jaccard"": 0.0, ""mitigation_overlap"": 0.032520325203252036}"
T1518.001,CWE-1290,0.2304,boost_common_term:security,"{""title_sim"": 0.5217391304347826, ""desc_sim"": 0.06333148895153326, ""kw_tactic_jaccard"": 0.0, ""mitigation_overlap"": 0.02459016393442623}"
T1564.003,CWE-912,0.2608,boost_subtech_title_match,"{""title_sim"": 0.631578947368421, ""desc_sim"": 0.12663056759669217, ""kw_tactic_jaccard"": 0.0, ""mitigation_overlap"": 0.016853932584269662}"
T1564.003,CWE-65,0.2547,boost_subtech_title_match,"{""title_sim"": 0.6666666666666665, ""desc_sim"": 0.06462003422816343, ""kw_tactic_jaccard"": 0.0, ""mitigation_overlap"": 0.026737967914438502}"
T1564.003,CWE-507,0.1943,boost_common_term:hidden,"{""title_sim"": 0.32, ""desc_sim"": 0.13484272985113363, ""kw_tactic_jaccard"": 0.0, ""mitigation_overlap"": 0.03910614525139665}"
T1493,CWE-502,0.2466,boost_common_term:data,"{""title_sim"": 0.5806451612903225, ""desc_sim"": 0.052829515675734455, ""kw_tactic_jaccard"": 0.0, ""mitigation_overlap"": 0.03296703296703297}"
T1493,CWE-1061,0.2275,boost_common_term:data,"{""title_sim"": 0.509090909090909, ""desc_sim"": 0.05778877126457343, ""kw_tactic_jaccard"": 0.0, ""mitigation_overlap"": 0.037383177570093455}"
T1493,CWE-1314,0.2129,boost_common_term:data,"{""title_sim"": 0.45, ""desc_sim"": 0.06721943286965479, ""kw_tactic_jaccard"": 0.0, ""mitigation_overlap"": 0.038834951456310676}"
T1127.002,CWE-682,0.1235,,"{""title_sim"": 0.4, ""desc_sim"": 0.006507489052224667, ""kw_tactic_jaccard"": 0.0, ""mitigation_overlap"": 0.007633587786259542}"
T1127.002,CWE-508,0.1205,,"{""title_sim"": 0.3076923076923077, ""desc_sim"": 0.06810152865368374, ""kw_tactic_jaccard"": 0.0, ""mitigation_overlap"": 0.03875968992248062}"
T1127.002,CWE-436,0.1182,,"{""title_sim"": 0.375, ""desc_sim"": 0.013977145050625547, ""kw_tactic_jaccard"": 0.0, ""mitigation_overlap"": 0.007575757575757576}"
T1059.006,CWE-1390,0.1038,,"{""title_sim"": 0.32, ""desc_sim"": 0.017577586600408375, ""kw_tactic_jaccard"": 0.0, ""mitigation_overlap"": 0.01282051282051282}"
T1059.006,CWE-272,0.1019,,"{""title_sim"": 0.2580645161290323, ""desc_sim"": 0.05372060452419863, ""kw_tactic_jaccard"": 0.0, ""mitigation_overlap"": 0.041666666666666664}"
T1059.006,CWE-862,0.1010,,"{""title_sim"": 0.29629629629629634, ""desc_sim"": 0.030991417433212706, ""kw_tactic_jaccard"": 0.0, ""mitigation_overlap"": 0.013888888888888888}"
T1070.010,CWE-1277,0.1615,,"{""title_sim"": 0.4615384615384615, ""desc_sim"": 0.056421828590889615, ""kw_tactic_jaccard"": 0.0, ""mitigation_overlap"": 0.03076923076923077}"
T1070.010,CWE-508,0.1569,,"{""title_sim"": 0.43478260869565216, ""desc_sim"": 0.05666972909222297, ""kw_tactic_jaccard"": 0.0, ""mitigation_overlap"": 0.047244094488188976}"
T1070.010,CWE-420,0.1452,,"{""title_sim"": 0.4444444444444444, ""desc_sim"": 0.023861615640291954, ""kw_tactic_jaccard"": 0.0, ""mitigation_overlap"": 0.023622047244094488}"
T1591.004,CWE-66,0.2590,boost_subtech_title_match,"{""title_sim"": 0.7272727272727272, ""desc_sim"": 0.022473532014719168, ""kw_tactic_jaccard"": 0.0, ""mitigation_overlap"": 0.020618556701030927}"
T1591.004,CWE-268,0.1673,boost_common_term:roles,"{""title_sim"": 0.3125, ""desc_sim"": 0.057229246588369934, ""kw_tactic_jaccard"": 0.0, ""mitigation_overlap"": 0.031914893617021274}"
T1591.004,CWE-617,0.1424,,"{""title_sim"": 0.4242424242424242, ""desc_sim"": 0.028897373521072585, ""kw_tactic_jaccard"": 0.0, ""mitigation_overlap"": 0.03225806451612903}"
T1132,CWE-838,0.3800,boost_common_term:encoding,"{""title_sim"": 0.7619047619047619, ""desc_sim"": 0.3265038652822822, ""kw_tactic_jaccard"": 0.0, ""mitigation_overlap"": 0.017543859649122806}"
T1132,CWE-116,0.3634,"boost_common_term:encoding,data","{""title_sim"": 0.7619047619047619, ""desc_sim"": 0.24888614378370144, ""kw_tactic_jaccard"": 0.0, ""mitigation_overlap"": 0.05084745762711865}"
T1132,CWE-261,0.3628,boost_common_term:encoding,"{""title_sim"": 0.7619047619047619, ""desc_sim"": 0.2672614651750908, ""kw_tactic_jaccard"": 0.0, ""mitigation_overlap"": 0.02040816326530612}"
T1546.010,CWE-778,0.1181,,"{""title_sim"": 0.375, ""desc_sim"": 0.011219836777018911, ""kw_tactic_jaccard"": 0.0, ""mitigation_overlap"": 0.011235955056179775}"
T1546.010,CWE-648,0.1178,,"{""title_sim"": 0.27272727272727265, ""desc_sim"": 0.08315249763854031, ""kw_tactic_jaccard"": 0.0, ""mitigation_overlap"": 0.054945054945054944}"
T1546.010,CWE-695,0.1155,,"{""title_sim"": 0.33333333333333326, ""desc_sim"": 0.03603983929541385, ""kw_tactic_jaccard"": 0.0, ""mitigation_overlap"": 0.023255813953488372}"
T1598,CWE-221,0.2950,boost_common_term:information,"{""title_sim"": 0.7307692307692308, ""desc_sim"": 0.07802282600232044, ""kw_tactic_jaccard"": 0.0, ""mitigation_overlap"": 0.011834319526627219}"
T1598,CWE-213,0.2897,boost_common_term:information,"{""title_sim"": 0.6285714285714286, ""desc_sim"": 0.14369208587044172, ""kw_tactic_jaccard"": 0.0, ""mitigation_overlap"": 0.04}"
T1598,CWE-451,0.2850,"boost_common_term:phishing,information","{""title_sim"": 0.6285714285714286, ""desc_sim"": 0.1389980674083327, ""kw_tactic_jaccard"": 0.0, ""mitigation_overlap"": 0.023529411764705882}"
T1496,CWE-410,0.2937,boost_common_term:resource,"{""title_sim"": 0.6153846153846154, ""desc_sim"": 0.15870339374082268, ""kw_tactic_jaccard"": 0.0, ""mitigation_overlap"": 0.05714285714285714}"
T1496,CWE-413,0.2812,boost_common_term:resource,"{""title_sim"": 0.6511627906976745, ""desc_sim"": 0.10912373267624839, ""kw_tactic_jaccard"": 0.0, ""mitigation_overlap"": 0.015384615384615385}"
T1496,CWE-689,0.2743,boost_common_term:resource,"{""title_sim"": 0.6153846153846154, ""desc_sim"": 0.11385382660997936, ""kw_tactic_jaccard"": 0.0, ""mitigation_overlap"": 0.027777777777777776}"
T1585,CWE-645,0.1862,boost_common_term:accounts,"{""title_sim"": 0.3870967741935484, ""desc_sim"": 0.0521414650564291, ""kw_tactic_jaccard"": 0.0, ""mitigation_overlap"": 0.022388059701492536}"
T1585,CWE-797,0.1598,boost_common_term:accounts,"{""title_sim"": 0.3013698630136986, ""desc_sim"": 0.04478801358360553, ""kw_tactic_jaccard"": 0.0, ""mitigation_overlap"": 0.029850746268656716}"
T1585,CWE-468,0.1437,,"{""title_sim"": 0.4186046511627907, ""desc_sim"": 0.04964162362609134, ""kw_tactic_jaccard"": 0.0, ""mitigation_overlap"": 0.016}"
T1588,CWE-1209,0.1822,boost_common_term:capabilities,"{""title_sim"": 0.3137254901960784, ""desc_sim"": 0.09466839668861393, ""kw_tactic_jaccard"": 0.0, ""mitigation_overlap"": 0.04854368932038835}"
T1588,CWE-268,0.1782,boost_common_term:capabilities,"{""title_sim"": 0.32432432432432434, ""desc_sim"": 0.08012225105455405, ""kw_tactic_jaccard"": 0.0, ""mitigation_overlap"": 0.034482758620689655}"
T1588,CWE-1099,0.1771,boost_common_term:capabilities,"{""title_sim"": 0.33333333333333326, ""desc_sim"": 0.0756761125566571, ""kw_tactic_jaccard"": 0.0, ""mitigation_overlap"": 0.022222222222222223}"
T1546.002,CWE-286,0.1507,,"{""title_sim"": 0.4444444444444444, ""desc_sim"": 0.04227645081716367, ""kw_tactic_jaccard"": 0.0, ""mitigation_overlap"": 0.023529411764705882}"
T1546.002,CWE-416,0.1356,,"{""title_sim"": 0.4, ""desc_sim"": 0.033806836579569816, ""kw_tactic_jaccard"": 0.0, ""mitigation_overlap"": 0.02727272727272727}"
T1546.002,CWE-203,0.1340,,"{""title_sim"": 0.4242424242424242, ""desc_sim"": 0.01586867132798715, ""kw_tactic_jaccard"": 0.0, ""mitigation_overlap"": 0.009708737864077669}"
T1147,CWE-912,0.2718,boost_common_term:users,"{""title_sim"": 0.6666666666666665, ""desc_sim"": 0.05463991535228578, ""kw_tactic_jaccard"": 0.0, ""mitigation_overlap"": 0.02702702702702703}"
T1147,CWE-356,0.1751,boost_common_term:users,"{""title_sim"": 0.30508474576271183, ""desc_sim"": 0.06961792285283118, ""kw_tactic_jaccard"": 0.0, ""mitigation_overlap"": 0.06329113924050633}"
T1147,CWE-507,0.1699,boost_common_term:hidden,"{""title_sim"": 0.33333333333333326, ""desc_sim"": 0.04936802877715708, ""kw_tactic_jaccard"": 0.0, ""mitigation_overlap"": 0.02531645569620253}"
T1556.009,CWE-284,0.3039,boost_common_term:access;boost_subtech_title_match,"{""title_sim"": 0.64, ""desc_sim"": 0.09510387306008372, ""kw_tactic_jaccard"": 0.0, ""mitigation_overlap"": 0.016666666666666666}"
T1556.009,CWE-1263,0.2536,boost_common_term:access,"{""title_sim"": 0.576271186440678, ""desc_sim"": 0.08649349171760691, ""kw_tactic_jaccard"": 0.0, ""mitigation_overlap"": 0.023809523809523808}"
T1556.009,CWE-1220,0.2435,boost_common_term:access,"{""title_sim"": 0.5507246376811594, ""desc_sim"": 0.08040229840427812, ""kw_tactic_jaccard"": 0.0, ""mitigation_overlap"": 0.02097902097902098}"
T1578.002,CWE-1063,0.2600,boost_common_term:instance,"{""title_sim"": 0.5517241379310345, ""desc_sim"": 0.1392058532474673, ""kw_tactic_jaccard"": 0.0, ""mitigation_overlap"": 0.0136986301369863}"
T1578.002,CWE-1082,0.2532,boost_common_term:instance,"{""title_sim"": 0.5517241379310345, ""desc_sim"": 0.10821423504108019, ""kw_tactic_jaccard"": 0.0, ""mitigation_overlap"": 0.025974025974025976}"
T1578.002,CWE-793,0.2515,boost_common_term:instance,"{""title_sim"": 0.5517241379310345, ""desc_sim"": 0.10352709426515959, ""kw_tactic_jaccard"": 0.0, ""mitigation_overlap"": 0.024390243902439025}"
T1500,CWE-416,0.2262,boost_common_term:after,"{""title_sim"": 0.5263157894736842, ""desc_sim"": 0.042715446163701314, ""kw_tactic_jaccard"": 0.0, ""mitigation_overlap"": 0.02727272727272727}"
T1500,CWE-1120,0.1836,,"{""title_sim"": 0.5531914893617021, ""desc_sim"": 0.05086009890078119, ""kw_tactic_jaccard"": 0.0, ""mitigation_overlap"": 0.011764705882352941}"
T1500,CWE-788,0.1778,boost_common_term:after,"{""title_sim"": 0.40625, ""desc_sim"": 0.01987554984585839, ""kw_tactic_jaccard"": 0.0, ""mitigation_overlap"": 0.0}"
T1555.006,CWE-245,0.2270,boost_common_term:management,"{""title_sim"": 0.5301204819277108, ""desc_sim"": 0.047610357879922655, ""kw_tactic_jaccard"": 0.0, ""mitigation_overlap"": 0.01834862385321101}"
T1555.006,CWE-286,0.2249,boost_subtech_title_match,"{""title_sim"": 0.6071428571428572, ""desc_sim"": 0.04255857385723485, ""kw_tactic_jaccard"": 0.0, ""mitigation_overlap"": 0.0}"
T1555.006,CWE-1065,0.2196,boost_common_term:management,"{""title_sim"": 0.4878048780487805, ""desc_sim"": 0.06595796845827416, ""kw_tactic_jaccard"": 0.0, ""mitigation_overlap"": 0.017391304347826087}"
T1213.003,CWE-561,0.2917,boost_common_term:code;boost_subtech_title_match,"{""title_sim"": 0.6153846153846154, ""desc_sim"": 0.07641701546804695, ""kw_tactic_jaccard"": 0.0, ""mitigation_overlap"": 0.020833333333333332}"
T1213.003,CWE-540,0.2436,boost_common_term:code,"{""title_sim"": 0.38095238095238093, ""desc_sim"": 0.22349232762054777, ""kw_tactic_jaccard"": 0.0, ""mitigation_overlap"": 0.061224489795918366}"
T1213.003,CWE-1115,0.2432,boost_common_term:code,"{""title_sim"": 0.38095238095238093, ""desc_sim"": 0.2301812592212699, ""kw_tactic_jaccard"": 0.0, ""mitigation_overlap"": 0.04950495049504951}"
T1565.002,CWE-502,0.2498,boost_common_term:data,"{""title_sim"": 0.5806451612903225, ""desc_sim"": 0.06415528008110324, ""kw_tactic_jaccard"": 0.0, ""mitigation_overlap"": 0.031578947368421054}"
T1565.002,CWE-1061,0.2295,boost_common_term:data,"{""title_sim"": 0.509090909090909, ""desc_sim"": 0.06516095198480479, ""kw_tactic_jaccard"": 0.0, ""mitigation_overlap"": 0.036036036036036036}"
T1565.002,CWE-201,0.2172,boost_common_term:data,"{""title_sim"": 0.4615384615384615, ""desc_sim"": 0.07556378331951219, ""kw_tactic_jaccard"": 0.0, ""mitigation_overlap"": 0.030303030303030304}"
T1003.008,CWE-257,0.1642,,"{""title_sim"": 0.411764705882353, ""desc_sim"": 0.0816643751848888, ""kw_tactic_jaccard"": 0.0, ""mitigation_overlap"": 0.08064516129032258}"
T1003.008,CWE-1299,0.1640,boost_common_term:shadow,"{""title_sim"": 0.25, ""desc_sim"": 0.10666485971922053, ""kw_tactic_jaccard"": 0.0, ""mitigation_overlap"": 0.03508771929824561}"
T1003.008,CWE-521,0.1526,,"{""title_sim"": 0.41509433962264153, ""desc_sim"": 0.061118369092190566, ""kw_tactic_jaccard"": 0.0, ""mitigation_overlap"": 0.04854368932038835}"
T1543.001,CWE-1334,0.1588,boost_common_term:agent,"{""title_sim"": 0.25, ""desc_sim"": 0.08342670786670414, ""kw_tactic_jaccard"": 0.0, ""mitigation_overlap"": 0.043859649122807015}"
T1543.001,CWE-617,0.1487,,"{""title_sim"": 0.4516129032258065, ""desc_sim"": 0.021722816129972358, ""kw_tactic_jaccard"": 0.0, ""mitigation_overlap"": 0.03361344537815126}"
T1543.001,CWE-708,0.1330,,"{""title_sim"": 0.42857142857142855, ""desc_sim"": 0.014758865600875243, ""kw_tactic_jaccard"": 0.0, ""mitigation_overlap"": 0.0}"
T1569,CWE-15,0.2542,boost_common_term:system,"{""title_sim"": 0.5714285714285715, ""desc_sim"": 0.07950592841273547, ""kw_tactic_jaccard"": 0.0, ""mitigation_overlap"": 0.044444444444444446}"
T1569,CWE-1249,0.2362,boost_common_term:system,"{""title_sim"": 0.5714285714285715, ""desc_sim"": 0.0270411053745915, ""kw_tactic_jaccard"": 0.0, ""mitigation_overlap"": 0.03333333333333333}"
T1569,CWE-1276,0.2339,boost_common_term:system,"{""title_sim"": 0.5714285714285715, ""desc_sim"": 0.027342357330348174, ""kw_tactic_jaccard"": 0.0, ""mitigation_overlap"": 0.02127659574468085}"
T1059.003,CWE-553,0.3761,boost_common_term:shell;boost_subtech_title_match,"{""title_sim"": 0.7647058823529411, ""desc_sim"": 0.18529370573163978, ""kw_tactic_jaccard"": 0.0, ""mitigation_overlap"": 0.05555555555555555}"
T1059.003,CWE-88,0.2279,boost_common_term:command,"{""title_sim"": 0.5, ""desc_sim"": 0.07912620683081727, ""kw_tactic_jaccard"": 0.0, ""mitigation_overlap"": 0.020618556701030927}"
T1059.003,CWE-77,0.2273,boost_common_term:command,"{""title_sim"": 0.5, ""desc_sim"": 0.07780166991822803, ""kw_tactic_jaccard"": 0.0, ""mitigation_overlap"": 0.019801980198019802}"
T1055.009,CWE-591,0.3419,boost_common_term:memory;boost_subtech_title_match,"{""title_sim"": 0.7058823529411765, ""desc_sim"": 0.13542169255911152, ""kw_tactic_jaccard"": 0.0, ""mitigation_overlap"": 0.047619047619047616}"
T1055.009,CWE-1274,0.3393,boost_common_term:memory;boost_subtech_title_match,"{""title_sim"": 0.7058823529411765, ""desc_sim"": 0.12102796071515498, ""kw_tactic_jaccard"": 0.0, ""mitigation_overlap"": 0.056338028169014086}"
T1055.009,CWE-1325,0.3373,boost_common_term:memory;boost_subtech_title_match,"{""title_sim"": 0.7058823529411765, ""desc_sim"": 0.12868387943665527, ""kw_tactic_jaccard"": 0.0, ""mitigation_overlap"": 0.034482758620689655}"
T1223,CWE-910,0.1945,boost_common_term:file,"{""title_sim"": 0.45833333333333337, ""desc_sim"": 0.015781132081322542, ""kw_tactic_jaccard"": 0.0, ""mitigation_overlap"": 0.011111111111111112}"
T1223,CWE-260,0.1885,boost_common_term:file,"{""title_sim"": 0.41666666666666663, ""desc_sim"": 0.0233374165937707, ""kw_tactic_jaccard"": 0.0, ""mitigation_overlap"": 0.03260869565217391}"
T1223,CWE-616,0.1803,boost_common_term:file,"{""title_sim"": 0.36363636363636365, ""desc_sim"": 0.039210479387565625, ""kw_tactic_jaccard"": 0.0, ""mitigation_overlap"": 0.04716981132075472}"
T1650,CWE-1220,0.2639,boost_common_term:access,"{""title_sim"": 0.6, ""desc_sim"": 0.09078893901093885, ""kw_tactic_jaccard"": 0.0, ""mitigation_overlap"": 0.03333333333333333}"
T1650,CWE-1263,0.2601,boost_common_term:access,"{""title_sim"": 0.6, ""desc_sim"": 0.09646549662304202, ""kw_tactic_jaccard"": 0.0, ""mitigation_overlap"": 0.005952380952380952}"
T1650,CWE-1244,0.2594,boost_common_term:access,"{""title_sim"": 0.6, ""desc_sim"": 0.09414844573780176, ""kw_tactic_jaccard"": 0.0, ""mitigation_overlap"": 0.005847953216374269}"
T1601.001,CWE-1249,0.2654,boost_common_term:system,"{""title_sim"": 0.5, ""desc_sim"": 0.20072755184461755, ""kw_tactic_jaccard"": 0.0, ""mitigation_overlap"": 0.025974025974025976}"
T1601.001,CWE-497,0.2299,boost_common_term:system,"{""title_sim"": 0.5, ""desc_sim"": 0.08502905674046313, ""kw_tactic_jaccard"": 0.0, ""mitigation_overlap"": 0.022026431718061675}"
T1601.001,CWE-15,0.2230,boost_common_term:system,"{""title_sim"": 0.5, ""desc_sim"": 0.06745711541475966, ""kw_tactic_jaccard"": 0.0, ""mitigation_overlap"": 0.0136986301369863}"
T1558.002,CWE-385,0.1308,,"{""title_sim"": 0.411764705882353, ""desc_sim"": 0.008751549057591589, ""kw_tactic_jaccard"": 0.0, ""mitigation_overlap"": 0.023255813953488372}"
T1558.002,CWE-331,0.1274,,"{""title_sim"": 0.36363636363636365, ""desc_sim"": 0.03650304398680962, ""kw_tactic_jaccard"": 0.0, ""mitigation_overlap"": 0.036585365853658534}"
T1558.002,CWE-377,0.1255,,"{""title_sim"": 0.38888888888888884, ""desc_sim"": 0.01220055872149527, ""kw_tactic_jaccard"": 0.0, ""mitigation_overlap"": 0.02564102564102564}"
T1213,CWE-201,0.2850,"boost_common_term:data,information","{""title_sim"": 0.64, ""desc_sim"": 0.12346248111740851, ""kw_tactic_jaccard"": 0.0, ""mitigation_overlap"": 0.02976190476190476}"
T1213,CWE-202,0.2846,boost_common_term:information,"{""title_sim"": 0.64, ""desc_sim"": 0.12996454299189258, ""kw_tactic_jaccard"": 0.0, ""mitigation_overlap"": 0.017964071856287425}"
T1213,CWE-1230,0.2829,boost_common_term:information,"{""title_sim"": 0.5952380952380952, ""desc_sim"": 0.15741869344483875, ""kw_tactic_jaccard"": 0.0, ""mitigation_overlap"": 0.03529411764705882}"
T1070.009,CWE-1239,0.1716,boost_common_term:clear,"{""title_sim"": 0.3448275862068965, ""desc_sim"": 0.05289930397234546, ""kw_tactic_jaccard"": 0.0, ""mitigation_overlap"": 0.011494252873563218}"
T1070.009,CWE-314,0.1649,,"{""title_sim"": 0.52, ""desc_sim"": 0.02961041287299527, ""kw_tactic_jaccard"": 0.0, ""mitigation_overlap"": 0.0}"
T1070.009,CWE-1258,0.1594,boost_common_term:clear,"{""title_sim"": 0.3, ""desc_sim"": 0.04967260240853479, ""kw_tactic_jaccard"": 0.0, ""mitigation_overlap"": 0.022727272727272728}"
T1059.012,CWE-697,0.1293,,"{""title_sim"": 0.411764705882353, ""desc_sim"": 0.010838209124945798, ""kw_tactic_jaccard"": 0.0, ""mitigation_overlap"": 0.012658227848101266}"
T1059.012,CWE-413,0.1259,,"{""title_sim"": 0.4102564102564103, ""desc_sim"": 0.009473091099273582, ""kw_tactic_jaccard"": 0.0, ""mitigation_overlap"": 0.0}"
T1059.012,CWE-273,0.1217,,"{""title_sim"": 0.3921568627450981, ""desc_sim"": 0.013477203898930253, ""kw_tactic_jaccard"": 0.0, ""mitigation_overlap"": 0.0}"
T1146,CWE-77,0.2275,boost_common_term:command,"{""title_sim"": 0.5, ""desc_sim"": 0.07380636140302475, ""kw_tactic_jaccard"": 0.0, ""mitigation_overlap"": 0.026785714285714284}"
T1146,CWE-78,0.2270,boost_common_term:command,"{""title_sim"": 0.5, ""desc_sim"": 0.07207101290695271, ""kw_tactic_jaccard"": 0.0, ""mitigation_overlap"": 0.026785714285714284}"
T1146,CWE-88,0.2269,boost_common_term:command,"{""title_sim"": 0.5, ""desc_sim"": 0.07738053602424086, ""kw_tactic_jaccard"": 0.0, ""mitigation_overlap"": 0.01834862385321101}"
T1555.004,CWE-1391,0.2614,boost_subtech_title_match,"{""title_sim"": 0.6122448979591837, ""desc_sim"": 0.12796227785164827, ""kw_tactic_jaccard"": 0.0, ""mitigation_overlap"": 0.046875}"
T1555.004,CWE-1273,0.2229,,"{""title_sim"": 0.5862068965517241, ""desc_sim"": 0.14639630975722925, ""kw_tactic_jaccard"": 0.0, ""mitigation_overlap"": 0.015625}"
T1555.004,CWE-67,0.2182,boost_common_term:windows,"{""title_sim"": 0.4776119402985075, ""desc_sim"": 0.0599194592538765, ""kw_tactic_jaccard"": 0.0, ""mitigation_overlap"": 0.034482758620689655}"
T1036.010,CWE-645,0.2328,boost_common_term:account,"{""title_sim"": 0.4666666666666666, ""desc_sim"": 0.11478655266499016, ""kw_tactic_jaccard"": 0.0, ""mitigation_overlap"": 0.041666666666666664}"
T1036.010,CWE-289,0.2015,boost_common_term:name,"{""title_sim"": 0.3870967741935484, ""desc_sim"": 0.09533888477804281, ""kw_tactic_jaccard"": 0.0, ""mitigation_overlap"": 0.03389830508474576}"
T1036.010,CWE-706,0.1840,boost_common_term:name,"{""title_sim"": 0.38235294117647056, ""desc_sim"": 0.05236057708740911, ""kw_tactic_jaccard"": 0.0, ""mitigation_overlap"": 0.017857142857142856}"
T1519,CWE-128,0.1173,,"{""title_sim"": 0.36363636363636365, ""desc_sim"": 0.022045063918006827, ""kw_tactic_jaccard"": 0.0, ""mitigation_overlap"": 0.007874015748031496}"
T1519,CWE-585,0.1052,,"{""title_sim"": 0.3448275862068965, ""desc_sim"": 0.0058776975912662845, ""kw_tactic_jaccard"": 0.0, ""mitigation_overlap"": 0.0}"
T1519,CWE-1069,0.1001,,"{""title_sim"": 0.3076923076923077, ""desc_sim"": 0.009429871171319182, ""kw_tactic_jaccard"": 0.0, ""mitigation_overlap"": 0.025}"
T1194,CWE-67,0.1843,boost_common_term:service,"{""title_sim"": 0.3939393939393939, ""desc_sim"": 0.044471724039089035, ""kw_tactic_jaccard"": 0.0, ""mitigation_overlap"": 0.013986013986013986}"
T1194,CWE-1245,0.1705,boost_common_term:service,"{""title_sim"": 0.35, ""desc_sim"": 0.04655154510830081, ""kw_tactic_jaccard"": 0.0, ""mitigation_overlap"": 0.007575757575757576}"
T1194,CWE-179,0.1652,boost_common_term:via,"{""title_sim"": 0.3283582089552239, ""desc_sim"": 0.04063754930708047, ""kw_tactic_jaccard"": 0.0, ""mitigation_overlap"": 0.022727272727272728}"
T1200,CWE-1256,0.2801,boost_common_term:hardware,"{""title_sim"": 0.6153846153846154, ""desc_sim"": 0.11319727253914415, ""kw_tactic_jaccard"": 0.0, ""mitigation_overlap"": 0.05785123966942149}"
T1200,CWE-1338,0.2721,boost_common_term:hardware,"{""title_sim"": 0.6153846153846154, ""desc_sim"": 0.11249081006908625, ""kw_tactic_jaccard"": 0.0, ""mitigation_overlap"": 0.018691588785046728}"
T1200,CWE-1278,0.2714,boost_common_term:hardware,"{""title_sim"": 0.6153846153846154, ""desc_sim"": 0.09925829724208102, ""kw_tactic_jaccard"": 0.0, ""mitigation_overlap"": 0.03508771929824561}"
T1219.002,CWE-1088,0.1926,boost_common_term:remote,"{""title_sim"": 0.41379310344827586, ""desc_sim"": 0.05389541317151979, ""kw_tactic_jaccard"": 0.0, ""mitigation_overlap"": 0.011235955056179775}"
T1219.002,CWE-1262,0.1890,boost_common_term:software,"{""title_sim"": 0.3768115942028985, ""desc_sim"": 0.05753492257912332, ""kw_tactic_jaccard"": 0.0, ""mitigation_overlap"": 0.043478260869565216}"
T1219.002,CWE-1256,0.1813,,"{""title_sim"": 0.5161290322580645, ""desc_sim"": 0.068827620791569, ""kw_tactic_jaccard"": 0.0, ""mitigation_overlap"": 0.028846153846153848}"
T1505,CWE-1357,0.2342,boost_common_term:component,"{""title_sim"": 0.5294117647058824, ""desc_sim"": 0.05681513323997677, ""kw_tactic_jaccard"": 0.0, ""mitigation_overlap"": 0.041666666666666664}"
T1505,CWE-650,0.2295,boost_common_term:server,"{""title_sim"": 0.4473684210526316, ""desc_sim"": 0.098967329722627, ""kw_tactic_jaccard"": 0.0, ""mitigation_overlap"": 0.078125}"
T1505,CWE-1083,0.2280,boost_common_term:component,"{""title_sim"": 0.5294117647058824, ""desc_sim"": 0.03843986424589131, ""kw_tactic_jaccard"": 0.0, ""mitigation_overlap"": 0.038461538461538464}"
T1485,CWE-1082,0.2611,,"{""title_sim"": 0.8148148148148148, ""desc_sim"": 0.04763209378658026, ""kw_tactic_jaccard"": 0.0, ""mitigation_overlap"": 0.011904761904761904}"
T1485,CWE-502,0.2262,boost_common_term:data,"{""title_sim"": 0.5306122448979592, ""desc_sim"": 0.048647535813561356, ""kw_tactic_jaccard"": 0.0, ""mitigation_overlap"": 0.011904761904761904}"
T1485,CWE-188,0.2085,boost_common_term:data,"{""title_sim"": 0.4782608695652174, ""desc_sim"": 0.0461190382860464, ""kw_tactic_jaccard"": 0.0, ""mitigation_overlap"": 0.005747126436781609}"
T1132.002,CWE-838,0.3178,boost_common_term:encoding,"{""title_sim"": 0.5517241379310345, ""desc_sim"": 0.3158013911622216, ""kw_tactic_jaccard"": 0.0, ""mitigation_overlap"": 0.03773584905660377}"
T1132.002,CWE-172,0.3101,boost_subtech_title_match,"{""title_sim"": 0.7272727272727272, ""desc_sim"": 0.17798008471706156, ""kw_tactic_jaccard"": 0.0, ""mitigation_overlap"": 0.0425531914893617}"
T1132.002,CWE-116,0.2992,boost_common_term:encoding,"{""title_sim"": 0.5517241379310345, ""desc_sim"": 0.24330212185284192, ""kw_tactic_jaccard"": 0.0, ""mitigation_overlap"": 0.05357142857142857}"
T1556.001,CWE-1390,0.3807,boost_common_term:authentication;boost_subtech_title_match,"{""title_sim"": 0.8484848484848484, ""desc_sim"": 0.12712378018876183, ""kw_tactic_jaccard"": 0.0, ""mitigation_overlap"": 0.04}"
T1556.001,CWE-308,0.3365,boost_common_term:authentication;boost_subtech_title_match,"{""title_sim"": 0.6268656716417911, ""desc_sim"": 0.18957351485709742, ""kw_tactic_jaccard"": 0.0, ""mitigation_overlap"": 0.057971014492753624}"
T1556.001,CWE-603,0.3304,boost_common_term:authentication;boost_subtech_title_match,"{""title_sim"": 0.6461538461538461, ""desc_sim"": 0.1613561505771744, ""kw_tactic_jaccard"": 0.0, ""mitigation_overlap"": 0.04054054054054054}"
T1537,CWE-1083,0.2372,boost_common_term:data,"{""title_sim"": 0.5185185185185186, ""desc_sim"": 0.08038875733990328, ""kw_tactic_jaccard"": 0.0, ""mitigation_overlap"": 0.03773584905660377}"
T1537,CWE-349,0.2337,boost_common_term:data,"{""title_sim"": 0.5121951219512195, ""desc_sim"": 0.08681544869940305, ""kw_tactic_jaccard"": 0.0, ""mitigation_overlap"": 0.02}"
T1537,CWE-567,0.2319,boost_common_term:data,"{""title_sim"": 0.4731182795698925, ""desc_sim"": 0.10738201701046739, ""kw_tactic_jaccard"": 0.0, ""mitigation_overlap"": 0.038834951456310676}"
T1027.006,CWE-80,0.1778,,"{""title_sim"": 0.4444444444444444, ""desc_sim"": 0.11803530574894662, ""kw_tactic_jaccard"": 0.0, ""mitigation_overlap"": 0.045454545454545456}"
T1027.006,CWE-82,0.1560,boost_common_term:html,"{""title_sim"": 0.19753086419753088, ""desc_sim"": 0.13438888682722877, ""kw_tactic_jaccard"": 0.0, ""mitigation_overlap"": 0.032}"
T1027.006,CWE-778,0.1142,,"{""title_sim"": 0.35294117647058826, ""desc_sim"": 0.017178725996997848, ""kw_tactic_jaccard"": 0.0, ""mitigation_overlap"": 0.016}"
T1556.005,CWE-326,0.3143,boost_common_term:encryption;boost_subtech_title_match,"{""title_sim"": 0.6451612903225806, ""desc_sim"": 0.11625920009306412, ""kw_tactic_jaccard"": 0.0, ""mitigation_overlap"": 0.029197080291970802}"
T1556.005,CWE-649,0.3055,boost_common_term:encryption;boost_subtech_title_match,"{""title_sim"": 0.6451612903225806, ""desc_sim"": 0.09238772689527383, ""kw_tactic_jaccard"": 0.0, ""mitigation_overlap"": 0.02127659574468085}"
T1556.005,CWE-323,0.2564,boost_subtech_title_match,"{""title_sim"": 0.6451612903225806, ""desc_sim"": 0.10442924431358513, ""kw_tactic_jaccard"": 0.0, ""mitigation_overlap"": 0.007751937984496124}"
T1027.010,CWE-649,0.3588,boost_common_term:obfuscation;boost_subtech_title_match,"{""title_sim"": 0.7333333333333333, ""desc_sim"": 0.17412881524104695, ""kw_tactic_jaccard"": 0.0, ""mitigation_overlap"": 0.032679738562091505}"
T1027.010,CWE-88,0.2532,boost_common_term:command,"{""title_sim"": 0.5384615384615384, ""desc_sim"": 0.11266793309227759, ""kw_tactic_jaccard"": 0.0, ""mitigation_overlap"": 0.0392156862745098}"
T1027.010,CWE-77,0.2390,boost_common_term:command,"{""title_sim"": 0.5384615384615384, ""desc_sim"": 0.0748530894944266, ""kw_tactic_jaccard"": 0.0, ""mitigation_overlap"": 0.025157232704402517}"
T1130,CWE-296,0.3222,"boost_common_term:certificate,root","{""title_sim"": 0.4931506849315068, ""desc_sim"": 0.3768021746533106, ""kw_tactic_jaccard"": 0.0, ""mitigation_overlap"": 0.055900621118012424}"
T1130,CWE-599,0.3198,boost_common_term:certificate,"{""title_sim"": 0.6285714285714286, ""desc_sim"": 0.2544500211791896, ""kw_tactic_jaccard"": 0.0, ""mitigation_overlap"": 0.024539877300613498}"
T1130,CWE-298,0.3184,boost_common_term:certificate,"{""title_sim"": 0.6285714285714286, ""desc_sim"": 0.23220402181374578, ""kw_tactic_jaccard"": 0.0, ""mitigation_overlap"": 0.05063291139240506}"
T1022,CWE-591,0.2225,boost_common_term:data,"{""title_sim"": 0.4444444444444444, ""desc_sim"": 0.08827081418978458, ""kw_tactic_jaccard"": 0.0, ""mitigation_overlap"": 0.06329113924050633}"
T1022,CWE-201,0.2172,boost_common_term:data,"{""title_sim"": 0.4444444444444444, ""desc_sim"": 0.08374730654080867, ""kw_tactic_jaccard"": 0.0, ""mitigation_overlap"": 0.043478260869565216}"
T1022,CWE-349,0.2137,boost_common_term:data,"{""title_sim"": 0.4444444444444444, ""desc_sim"": 0.07166426620290971, ""kw_tactic_jaccard"": 0.0, ""mitigation_overlap"": 0.04411764705882353}"
T1070.004,CWE-463,0.3264,boost_common_term:deletion;boost_subtech_title_match,"{""title_sim"": 0.7619047619047619, ""desc_sim"": 0.051073923825964214, ""kw_tactic_jaccard"": 0.0, ""mitigation_overlap"": 0.012345679012345678}"
T1070.004,CWE-651,0.2203,boost_common_term:file,"{""title_sim"": 0.4705882352941177, ""desc_sim"": 0.07680668964662705, ""kw_tactic_jaccard"": 0.0, ""mitigation_overlap"": 0.030612244897959183}"
T1070.004,CWE-541,0.2189,boost_common_term:file,"{""title_sim"": 0.4705882352941177, ""desc_sim"": 0.07637474152390121, ""kw_tactic_jaccard"": 0.0, ""mitigation_overlap"": 0.023809523809523808}"
T1189,CWE-149,0.1655,boost_common_term:compromise,"{""title_sim"": 0.3, ""desc_sim"": 0.07151186160777932, ""kw_tactic_jaccard"": 0.0, ""mitigation_overlap"": 0.02040816326530612}"
T1189,CWE-697,0.1635,,"{""title_sim"": 0.5128205128205129, ""desc_sim"": 0.0286065855591705, ""kw_tactic_jaccard"": 0.0, ""mitigation_overlap"": 0.0051813471502590676}"
T1189,CWE-521,0.1523,boost_common_term:compromise,"{""title_sim"": 0.2666666666666667, ""desc_sim"": 0.06055898040433553, ""kw_tactic_jaccard"": 0.0, ""mitigation_overlap"": 0.02072538860103627}"
T1498,CWE-406,0.2732,boost_common_term:network,"{""title_sim"": 0.5714285714285715, ""desc_sim"": 0.14511557652957255, ""kw_tactic_jaccard"": 0.0, ""mitigation_overlap"": 0.041379310344827586}"
T1498,CWE-1331,0.2500,boost_common_term:network,"{""title_sim"": 0.5714285714285715, ""desc_sim"": 0.08206685584533302, ""kw_tactic_jaccard"": 0.0, ""mitigation_overlap"": 0.019867549668874173}"
T1498,CWE-1327,0.2185,boost_common_term:service,"{""title_sim"": 0.3870967741935484, ""desc_sim"": 0.15087924215309081, ""kw_tactic_jaccard"": 0.0, ""mitigation_overlap"": 0.03546099290780142}"
T1651,CWE-77,0.1970,boost_common_term:command,"{""title_sim"": 0.4324324324324324, ""desc_sim"": 0.04177418465229426, ""kw_tactic_jaccard"": 0.0, ""mitigation_overlap"": 0.023809523809523808}"
T1651,CWE-1327,0.1965,boost_common_term:cloud,"{""title_sim"": 0.4, ""desc_sim"": 0.06056596522988372, ""kw_tactic_jaccard"": 0.0, ""mitigation_overlap"": 0.041666666666666664}"
T1651,CWE-78,0.1930,boost_common_term:command,"{""title_sim"": 0.4181818181818182, ""desc_sim"": 0.04255707665459014, ""kw_tactic_jaccard"": 0.0, ""mitigation_overlap"": 0.023809523809523808}"
T1546.016,CWE-114,0.1698,,"{""title_sim"": 0.48484848484848486, ""desc_sim"": 0.05758530233859687, ""kw_tactic_jaccard"": 0.0, ""mitigation_overlap"": 0.03546099290780142}"
T1546.016,CWE-487,0.1546,boost_common_term:packages,"{""title_sim"": 0.2857142857142857, ""desc_sim"": 0.05818972236345689, ""kw_tactic_jaccard"": 0.0, ""mitigation_overlap"": 0.007042253521126761}"
T1546.016,CWE-468,0.1470,,"{""title_sim"": 0.4186046511627907, ""desc_sim"": 0.0573638180870599, ""kw_tactic_jaccard"": 0.0, ""mitigation_overlap"": 0.02112676056338028}"
T1595.001,CWE-1317,0.2048,boost_common_term:blocks,"{""title_sim"": 0.2758620689655173, ""desc_sim"": 0.22030859767127609, ""kw_tactic_jaccard"": 0.0, ""mitigation_overlap"": 0.0297029702970297}"
T1595.001,CWE-1069,0.1665,,"{""title_sim"": 0.5128205128205129, ""desc_sim"": 0.027486816030078333, ""kw_tactic_jaccard"": 0.0, ""mitigation_overlap"": 0.02197802197802198}"
T1595.001,CWE-585,0.1648,,"{""title_sim"": 0.5238095238095238, ""desc_sim"": 0.025680513444860786, ""kw_tactic_jaccard"": 0.0, ""mitigation_overlap"": 0.0}"
T1158,CWE-552,0.3017,"boost_common_term:files,directories","{""title_sim"": 0.7555555555555555, ""desc_sim"": 0.07523778976881207, ""kw_tactic_jaccard"": 0.0, ""mitigation_overlap"": 0.012195121951219513}"
T1158,CWE-507,0.2086,boost_common_term:hidden,"{""title_sim"": 0.35, ""desc_sim"": 0.15069595786581647, ""kw_tactic_jaccard"": 0.0, ""mitigation_overlap"": 0.041916167664670656}"
T1158,CWE-538,0.2057,"boost_common_term:files,directories","{""title_sim"": 0.3925233644859813, ""desc_sim"": 0.10210189677568166, ""kw_tactic_jaccard"": 0.0, ""mitigation_overlap"": 0.036585365853658534}"
T1221,CWE-1336,0.3149,boost_common_term:template,"{""title_sim"": 0.6153846153846154, ""desc_sim"": 0.2431790683814746, ""kw_tactic_jaccard"": 0.0, ""mitigation_overlap"": 0.036458333333333336}"
T1221,CWE-1319,0.2825,boost_common_term:injection,"{""title_sim"": 0.6666666666666665, ""desc_sim"": 0.10103677198099498, ""kw_tactic_jaccard"": 0.0, ""mitigation_overlap"": 0.01092896174863388}"
T1221,CWE-91,0.2520,,"{""title_sim"": 0.6666666666666665, ""desc_sim"": 0.15561543009511009, ""kw_tactic_jaccard"": 0.0, ""mitigation_overlap"": 0.026737967914438502}"
T1037.004,CWE-425,0.1344,boost_common_term:scripts,"{""title_sim"": 0.22727272727272735, ""desc_sim"": 0.04943712969594544, ""kw_tactic_jaccard"": 0.0, ""mitigation_overlap"": 0.006756756756756757}"
T1037.004,CWE-546,0.1317,,"{""title_sim"": 0.42857142857142855, ""desc_sim"": 0.010463345257518483, ""kw_tactic_jaccard"": 0.0, ""mitigation_overlap"": 0.0}"
T1037.004,CWE-1177,0.1220,,"{""title_sim"": 0.375, ""desc_sim"": 0.027096301569396835, ""kw_tactic_jaccard"": 0.0, ""mitigation_overlap"": 0.006666666666666667}"
T1134,CWE-1270,0.2462,boost_common_term:token,"{""title_sim"": 0.40625, ""desc_sim"": 0.20807375973410794, ""kw_tactic_jaccard"": 0.0, ""mitigation_overlap"": 0.059322033898305086}"
T1134,CWE-1259,0.2442,boost_common_term:token,"{""title_sim"": 0.40540540540540543, ""desc_sim"": 0.20829399694661968, ""kw_tactic_jaccard"": 0.0, ""mitigation_overlap"": 0.05042016806722689}"
T1134,CWE-1220,0.2385,boost_common_term:access,"{""title_sim"": 0.5074626865671642, ""desc_sim"": 0.10110187213929697, ""kw_tactic_jaccard"": 0.0, ""mitigation_overlap"": 0.029411764705882353}"
T1209,CWE-511,0.2126,boost_common_term:time,"{""title_sim"": 0.41379310344827586, ""desc_sim"": 0.11406773073315561, ""kw_tactic_jaccard"": 0.0, ""mitigation_overlap"": 0.02127659574468085}"
T1209,CWE-385,0.2126,boost_common_term:time,"{""title_sim"": 0.45714285714285713, ""desc_sim"": 0.06400172240641348, ""kw_tactic_jaccard"": 0.0, ""mitigation_overlap"": 0.03125}"
T1209,CWE-662,0.1713,boost_common_term:time,"{""title_sim"": 0.31578947368421056, ""desc_sim"": 0.06333749915600573, ""kw_tactic_jaccard"": 0.0, ""mitigation_overlap"": 0.03773584905660377}"
T1111,CWE-1390,0.3449,boost_common_term:authentication,"{""title_sim"": 0.8484848484848484, ""desc_sim"": 0.10775257053728295, ""kw_tactic_jaccard"": 0.0, ""mitigation_overlap"": 0.04}"
T1111,CWE-308,0.3124,boost_common_term:authentication,"{""title_sim"": 0.64, ""desc_sim"": 0.21655419827367067, ""kw_tactic_jaccard"": 0.0, ""mitigation_overlap"": 0.027210884353741496}"
T1111,CWE-603,0.2711,boost_common_term:authentication,"{""title_sim"": 0.5957446808510638, ""desc_sim"": 0.11441451496592213, ""kw_tactic_jaccard"": 0.0, ""mitigation_overlap"": 0.040268456375838924}"
T1159,CWE-1334,0.1619,boost_common_term:agent,"{""title_sim"": 0.25, ""desc_sim"": 0.08739624262246179, ""kw_tactic_jaccard"": 0.0, ""mitigation_overlap"": 0.05319148936170213}"
T1159,CWE-617,0.1521,,"{""title_sim"": 0.4516129032258065, ""desc_sim"": 0.035295059053698195, ""kw_tactic_jaccard"": 0.0, ""mitigation_overlap"": 0.03}"
T1159,CWE-686,0.1342,,"{""title_sim"": 0.4074074074074074, ""desc_sim"": 0.01960367660519051, ""kw_tactic_jaccard"": 0.0, ""mitigation_overlap"": 0.030303030303030304}"
T1027.002,CWE-1256,0.2550,boost_subtech_title_match,"{""title_sim"": 0.6666666666666665, ""desc_sim"": 0.05489720247615702, ""kw_tactic_jaccard"": 0.0, ""mitigation_overlap"": 0.0425531914893617}"
T1027.002,CWE-174,0.1616,,"{""title_sim"": 0.45833333333333337, ""desc_sim"": 0.04807063767595526, ""kw_tactic_jaccard"": 0.0, ""mitigation_overlap"": 0.04819277108433735}"
T1027.002,CWE-1111,0.1603,boost_common_term:software,"{""title_sim"": 0.3181818181818181, ""desc_sim"": 0.03263388148539664, ""kw_tactic_jaccard"": 0.0, ""mitigation_overlap"": 0.02531645569620253}"
T1584.007,CWE-126,0.1472,,"{""title_sim"": 0.4615384615384615, ""desc_sim"": 0.013394142050193722, ""kw_tactic_jaccard"": 0.0, ""mitigation_overlap"": 0.023529411764705882}"
T1584.007,CWE-416,0.1383,,"{""title_sim"": 0.41666666666666663, ""desc_sim"": 0.0248672171494513, ""kw_tactic_jaccard"": 0.0, ""mitigation_overlap"": 0.02912621359223301}"
T1584.007,CWE-114,0.1343,,"{""title_sim"": 0.4, ""desc_sim"": 0.03173185159543197, ""kw_tactic_jaccard"": 0.0, ""mitigation_overlap"": 0.023809523809523808}"
T1071.001,CWE-525,0.2065,boost_common_term:web,"{""title_sim"": 0.375, ""desc_sim"": 0.09524271786663532, ""kw_tactic_jaccard"": 0.0, ""mitigation_overlap"": 0.07692307692307693}"
T1071.001,CWE-830,0.2006,boost_common_term:web,"{""title_sim"": 0.375, ""desc_sim"": 0.08473034574836433, ""kw_tactic_jaccard"": 0.0, ""mitigation_overlap"": 0.06329113924050633}"
T1071.001,CWE-219,0.1975,boost_common_term:web,"{""title_sim"": 0.375, ""desc_sim"": 0.07349683211808512, ""kw_tactic_jaccard"": 0.0, ""mitigation_overlap"": 0.06493506493506493}"
T1059.005,CWE-1007,0.2492,boost_subtech_title_match,"{""title_sim"": 0.6666666666666665, ""desc_sim"": 0.05001928572311199, ""kw_tactic_jaccard"": 0.0, ""mitigation_overlap"": 0.020833333333333332}"
T1059.005,CWE-627,0.1372,,"{""title_sim"": 0.4102564102564103, ""desc_sim"": 0.032040934311280245, ""kw_tactic_jaccard"": 0.0, ""mitigation_overlap"": 0.022388059701492536}"
T1059.005,CWE-440,0.1311,,"{""title_sim"": 0.4102564102564103, ""desc_sim"": 0.016123407652782473, ""kw_tactic_jaccard"": 0.0, ""mitigation_overlap"": 0.015873015873015872}"
T1564.005,CWE-15,0.2228,boost_common_term:system,"{""title_sim"": 0.5, ""desc_sim"": 0.05817439793864999, ""kw_tactic_jaccard"": 0.0, ""mitigation_overlap"": 0.026785714285714284}"
T1564.005,CWE-497,0.2200,boost_common_term:system,"{""title_sim"": 0.5, ""desc_sim"": 0.05569955236570126, ""kw_tactic_jaccard"": 0.0, ""mitigation_overlap"": 0.016260162601626018}"
T1564.005,CWE-541,0.2181,boost_common_term:file,"{""title_sim"": 0.3661971830985915, ""desc_sim"": 0.1649869797557704, ""kw_tactic_jaccard"": 0.0, ""mitigation_overlap"": 0.043859649122807015}"
T1543.002,CWE-67,0.1699,boost_common_term:service,"{""title_sim"": 0.3214285714285714, ""desc_sim"": 0.0641173058705937, ""kw_tactic_jaccard"": 0.0, ""mitigation_overlap"": 0.021164021164021163}"
T1543.002,CWE-426,0.1577,,"{""title_sim"": 0.5, ""desc_sim"": 0.01809259086348319, ""kw_tactic_jaccard"": 0.0, ""mitigation_overlap"": 0.011494252873563218}"
T1543.002,CWE-341,0.1565,,"{""title_sim"": 0.45833333333333337, ""desc_sim"": 0.0441004525655902, ""kw_tactic_jaccard"": 0.0, ""mitigation_overlap"": 0.028901734104046242}"
T1668,CWE-529,0.2571,boost_common_term:control,"{""title_sim"": 0.5833333333333334, ""desc_sim"": 0.08144654036474688, ""kw_tactic_jaccard"": 0.0, ""mitigation_overlap"": 0.0380952380952381}"
T1668,CWE-1220,0.2541,boost_common_term:control,"{""title_sim"": 0.5833333333333334, ""desc_sim"": 0.07550588608797451, ""kw_tactic_jaccard"": 0.0, ""mitigation_overlap"": 0.03225806451612903}"
T1668,CWE-827,0.2491,boost_common_term:control,"{""title_sim"": 0.5833333333333334, ""desc_sim"": 0.0639897768926261, ""kw_tactic_jaccard"": 0.0, ""mitigation_overlap"": 0.02459016393442623}"
T1563.002,CWE-384,0.1885,,"{""title_sim"": 0.3448275862068965, ""desc_sim"": 0.2533954377547566, ""kw_tactic_jaccard"": 0.0, ""mitigation_overlap"": 0.04504504504504504}"
T1563.002,CWE-613,0.1520,,"{""title_sim"": 0.27272727272727265, ""desc_sim"": 0.21588746517129667, ""kw_tactic_jaccard"": 0.0, ""mitigation_overlap"": 0.02702702702702703}"
T1563.002,CWE-268,0.1355,,"{""title_sim"": 0.3870967741935484, ""desc_sim"": 0.04149415721973666, ""kw_tactic_jaccard"": 0.0, ""mitigation_overlap"": 0.034782608695652174}"
T1136,CWE-645,0.2868,boost_common_term:account,"{""title_sim"": 0.6666666666666665, ""desc_sim"": 0.08275535577642551, ""kw_tactic_jaccard"": 0.0, ""mitigation_overlap"": 0.05970149253731343}"
T1136,CWE-638,0.1759,boost_common_term:create,"{""title_sim"": 0.2857142857142857, ""desc_sim"": 0.07052971740966986, ""kw_tactic_jaccard"": 0.0, ""mitigation_overlap"": 0.09523809523809523}"
T1136,CWE-1116,0.1751,,"{""title_sim"": 0.48484848484848486, ""desc_sim"": 0.06419052177327197, ""kw_tactic_jaccard"": 0.0, ""mitigation_overlap"": 0.05172413793103448}"
T1547.013,CWE-603,0.1465,,"{""title_sim"": 0.48148148148148145, ""desc_sim"": 0.006876303154066439, ""kw_tactic_jaccard"": 0.0, ""mitigation_overlap"": 0.0}"
T1547.013,CWE-863,0.1417,,"{""title_sim"": 0.45454545454545453, ""desc_sim"": 0.011308891505840147, ""kw_tactic_jaccard"": 0.0, ""mitigation_overlap"": 0.009900990099009901}"
T1547.013,CWE-416,0.1373,,"{""title_sim"": 0.4, ""desc_sim"": 0.04080695153106054, ""kw_tactic_jaccard"": 0.0, ""mitigation_overlap"": 0.025423728813559324}"
T1584.004,CWE-650,0.3957,boost_common_term:server;boost_subtech_title_match,"{""title_sim"": 1.0, ""desc_sim"": 0.0371268112655279, ""kw_tactic_jaccard"": 0.0, ""mitigation_overlap"": 0.022988505747126436}"
T1584.004,CWE-533,0.3357,boost_subtech_title_match,"{""title_sim"": 1.0, ""desc_sim"": 0.018915062011919268, ""kw_tactic_jaccard"": 0.0, ""mitigation_overlap"": 0.0}"
T1584.004,CWE-918,0.1620,boost_common_term:server,"{""title_sim"": 0.3, ""desc_sim"": 0.04464730063029777, ""kw_tactic_jaccard"": 0.0, ""mitigation_overlap"": 0.04285714285714286}"
T1672,CWE-290,0.3136,boost_common_term:spoofing,"{""title_sim"": 0.7272727272727272, ""desc_sim"": 0.13288339921276743, ""kw_tactic_jaccard"": 0.0, ""mitigation_overlap"": 0.027972027972027972}"
T1672,CWE-667,0.1535,,"{""title_sim"": 0.4666666666666666, ""desc_sim"": 0.031272707999049465, ""kw_tactic_jaccard"": 0.0, ""mitigation_overlap"": 0.020689655172413793}"
T1672,CWE-187,0.1493,,"{""title_sim"": 0.4615384615384615, ""desc_sim"": 0.027154769435181702, ""kw_tactic_jaccard"": 0.0, ""mitigation_overlap"": 0.013245033112582781}"
T1526,CWE-645,0.1993,boost_common_term:service,"{""title_sim"": 0.44776119402985076, ""desc_sim"": 0.03966415021539427, ""kw_tactic_jaccard"": 0.0, ""mitigation_overlap"": 0.015151515151515152}"
T1526,CWE-651,0.1913,boost_common_term:service,"{""title_sim"": 0.31168831168831174, ""desc_sim"": 0.12389923589005467, ""kw_tactic_jaccard"": 0.0, ""mitigation_overlap"": 0.05303030303030303}"
T1526,CWE-1327,0.1724,"boost_common_term:service,cloud","{""title_sim"": 0.3, ""desc_sim"": 0.09161058546950657, ""kw_tactic_jaccard"": 0.0, ""mitigation_overlap"": 0.02459016393442623}"
T1204.004,CWE-506,0.3071,boost_common_term:malicious;boost_subtech_title_match,"{""title_sim"": 0.6382978723404256, ""desc_sim"": 0.10359081548813007, ""kw_tactic_jaccard"": 0.0, ""mitigation_overlap"": 0.022900763358778626}"
T1204.004,CWE-508,0.2663,boost_common_term:malicious,"{""title_sim"": 0.5925925925925926, ""desc_sim"": 0.10914370070633633, ""kw_tactic_jaccard"": 0.0, ""mitigation_overlap"": 0.02877697841726619}"
T1204.004,CWE-509,0.2587,boost_common_term:malicious,"{""title_sim"": 0.5454545454545454, ""desc_sim"": 0.126497978731713, ""kw_tactic_jaccard"": 0.0, ""mitigation_overlap"": 0.03571428571428571}"
T1151,CWE-58,0.2578,boost_common_term:filename,"{""title_sim"": 0.5714285714285715, ""desc_sim"": 0.09219845640225044, ""kw_tactic_jaccard"": 0.0, ""mitigation_overlap"": 0.043478260869565216}"
T1151,CWE-29,0.2302,boost_common_term:filename,"{""title_sim"": 0.52, ""desc_sim"": 0.053077730162443354, ""kw_tactic_jaccard"": 0.0, ""mitigation_overlap"": 0.041237113402061855}"
T1151,CWE-57,0.2193,boost_common_term:filename,"{""title_sim"": 0.41791044776119407, ""desc_sim"": 0.11303630039487741, ""kw_tactic_jaccard"": 0.0, ""mitigation_overlap"": 0.05}"
T1018,CWE-341,0.2133,boost_common_term:system,"{""title_sim"": 0.42857142857142855, ""desc_sim"": 0.0840665689763814, ""kw_tactic_jaccard"": 0.0, ""mitigation_overlap"": 0.047619047619047616}"
T1018,CWE-1249,0.1999,boost_common_term:system,"{""title_sim"": 0.41379310344827586, ""desc_sim"": 0.05643861237199714, ""kw_tactic_jaccard"": 0.0, ""mitigation_overlap"": 0.04424778761061947}"
T1018,CWE-1088,0.1947,boost_common_term:remote,"{""title_sim"": 0.41379310344827586, ""desc_sim"": 0.05560500612365064, ""kw_tactic_jaccard"": 0.0, ""mitigation_overlap"": 0.0196078431372549}"
T1046,CWE-1331,0.2045,boost_common_term:network,"{""title_sim"": 0.4375, ""desc_sim"": 0.05837324100164314, ""kw_tactic_jaccard"": 0.0, ""mitigation_overlap"": 0.028846153846153848}"
T1046,CWE-406,0.2029,boost_common_term:network,"{""title_sim"": 0.4375, ""desc_sim"": 0.05226902871117994, ""kw_tactic_jaccard"": 0.0, ""mitigation_overlap"": 0.0297029702970297}"
T1046,CWE-1051,0.1994,boost_common_term:network,"{""title_sim"": 0.4375, ""desc_sim"": 0.03888462769664509, ""kw_tactic_jaccard"": 0.0, ""mitigation_overlap"": 0.03260869565217391}"
T1590.001,CWE-707,0.1905,boost_common_term:properties,"{""title_sim"": 0.4, ""desc_sim"": 0.05298725958902253, ""kw_tactic_jaccard"": 0.0, ""mitigation_overlap"": 0.023076923076923078}"
T1590.001,CWE-178,0.1863,boost_common_term:properties,"{""title_sim"": 0.4074074074074074, ""desc_sim"": 0.04155223306411197, ""kw_tactic_jaccard"": 0.0, ""mitigation_overlap"": 0.008}"
T1590.001,CWE-20,0.1827,boost_common_term:properties,"{""title_sim"": 0.38095238095238093, ""desc_sim"": 0.045232615014467535, ""kw_tactic_jaccard"": 0.0, ""mitigation_overlap"": 0.024193548387096774}"
T1518,CWE-1256,0.2283,,"{""title_sim"": 0.6153846153846154, ""desc_sim"": 0.11650728868529693, ""kw_tactic_jaccard"": 0.0, ""mitigation_overlap"": 0.043478260869565216}"
T1518,CWE-1247,0.1709,boost_common_term:software,"{""title_sim"": 0.3055555555555556, ""desc_sim"": 0.07384551159687752, ""kw_tactic_jaccard"": 0.0, ""mitigation_overlap"": 0.03529411764705882}"
T1518,CWE-1314,0.1704,boost_common_term:software,"{""title_sim"": 0.318840579710145, ""desc_sim"": 0.059952445714379375, ""kw_tactic_jaccard"": 0.0, ""mitigation_overlap"": 0.033707865168539325}"
T1538,CWE-1327,0.1863,"boost_common_term:service,cloud","{""title_sim"": 0.3, ""desc_sim"": 0.12679731244111944, ""kw_tactic_jaccard"": 0.0, ""mitigation_overlap"": 0.0410958904109589}"
T1538,CWE-645,0.1782,boost_common_term:service,"{""title_sim"": 0.3582089552238806, ""desc_sim"": 0.04478651834737579, ""kw_tactic_jaccard"": 0.0, ""mitigation_overlap"": 0.036585365853658534}"
T1538,CWE-589,0.1723,boost_common_term:service,"{""title_sim"": 0.2857142857142857, ""desc_sim"": 0.08849458432928861, ""kw_tactic_jaccard"": 0.0, ""mitigation_overlap"": 0.05}"
T1055.005,CWE-515,0.2414,boost_common_term:storage,"{""title_sim"": 0.5714285714285715, ""desc_sim"": 0.054207716304744316, ""kw_tactic_jaccard"": 0.0, ""mitigation_overlap"": 0.01834862385321101}"
T1055.005,CWE-572,0.2267,boost_common_term:thread,"{""title_sim"": 0.4745762711864407, ""desc_sim"": 0.09368686375514523, ""kw_tactic_jaccard"": 0.0, ""mitigation_overlap"": 0.030927835051546393}"
T1055.005,CWE-383,0.1969,boost_common_term:thread,"{""title_sim"": 0.42622950819672134, ""desc_sim"": 0.05667618275253098, ""kw_tactic_jaccard"": 0.0, ""mitigation_overlap"": 0.010309278350515464}"
T1622,CWE-1124,0.1520,,"{""title_sim"": 0.45, ""desc_sim"": 0.046141825717429724, ""kw_tactic_jaccard"": 0.0, ""mitigation_overlap"": 0.015706806282722512}"
T1622,CWE-208,0.1443,,"{""title_sim"": 0.4, ""desc_sim"": 0.06812586883601898, ""kw_tactic_jaccard"": 0.0, ""mitigation_overlap"": 0.01951219512195122}"
T1622,CWE-1295,0.1434,,"{""title_sim"": 0.375, ""desc_sim"": 0.09601949456160916, ""kw_tactic_jaccard"": 0.0, ""mitigation_overlap"": 0.010256410256410256}"
T1036.006,CWE-58,0.2578,boost_common_term:filename,"{""title_sim"": 0.5714285714285715, ""desc_sim"": 0.09219845640225044, ""kw_tactic_jaccard"": 0.0, ""mitigation_overlap"": 0.043478260869565216}"
T1036.006,CWE-29,0.2302,boost_common_term:filename,"{""title_sim"": 0.52, ""desc_sim"": 0.053077730162443354, ""kw_tactic_jaccard"": 0.0, ""mitigation_overlap"": 0.041237113402061855}"
T1036.006,CWE-57,0.2193,boost_common_term:filename,"{""title_sim"": 0.41791044776119407, ""desc_sim"": 0.11303630039487741, ""kw_tactic_jaccard"": 0.0, ""mitigation_overlap"": 0.05}"
T1547.007,CWE-926,0.2193,boost_common_term:applications,"{""title_sim"": 0.4788732394366197, ""desc_sim"": 0.061526829490405166, ""kw_tactic_jaccard"": 0.0, ""mitigation_overlap"": 0.03571428571428571}"
T1547.007,CWE-384,0.1764,,"{""title_sim"": 0.5263157894736842, ""desc_sim"": 0.05390282026802405, ""kw_tactic_jaccard"": 0.0, ""mitigation_overlap"": 0.011764705882352941}"
T1547.007,CWE-287,0.1748,,"{""title_sim"": 0.5333333333333333, ""desc_sim"": 0.041369720263156676, ""kw_tactic_jaccard"": 0.0, ""mitigation_overlap"": 0.012048192771084338}"
T1608.006,CWE-187,0.1372,,"{""title_sim"": 0.4210526315789474, ""desc_sim"": 0.02856507299259843, ""kw_tactic_jaccard"": 0.0, ""mitigation_overlap"": 0.011494252873563218}"
T1608.006,CWE-172,0.1367,,"{""title_sim"": 0.4444444444444444, ""desc_sim"": 0.011147956323924648, ""kw_tactic_jaccard"": 0.0, ""mitigation_overlap"": 0.0}"
T1608.006,CWE-1025,0.1349,,"{""title_sim"": 0.4186046511627907, ""desc_sim"": 0.023541105455306743, ""kw_tactic_jaccard"": 0.0, ""mitigation_overlap"": 0.011494252873563218}"
T1550.002,CWE-836,0.3192,boost_common_term:hash,"{""title_sim"": 0.4705882352941177, ""desc_sim"": 0.4043470240077173, ""kw_tactic_jaccard"": 0.0, ""mitigation_overlap"": 0.033707865168539325}"
T1550.002,CWE-328,0.2864,boost_common_term:hash,"{""title_sim"": 0.5517241379310345, ""desc_sim"": 0.2116134182159676, ""kw_tactic_jaccard"": 0.0, ""mitigation_overlap"": 0.037037037037037035}"
T1550.002,CWE-916,0.2700,boost_common_term:hash,"{""title_sim"": 0.4705882352941177, ""desc_sim"": 0.22772613007338788, ""kw_tactic_jaccard"": 0.0, ""mitigation_overlap"": 0.05263157894736842}"
T1052,CWE-1263,0.2479,boost_common_term:physical,"{""title_sim"": 0.49230769230769234, ""desc_sim"": 0.1444934377392165, ""kw_tactic_jaccard"": 0.0, ""mitigation_overlap"": 0.034482758620689655}"
T1052,CWE-1300,0.2470,boost_common_term:physical,"{""title_sim"": 0.4615384615384615, ""desc_sim"": 0.1657242895057616, ""kw_tactic_jaccard"": 0.0, ""mitigation_overlap"": 0.04411764705882353}"
T1052,CWE-1384,0.2466,boost_common_term:physical,"{""title_sim"": 0.4666666666666666, ""desc_sim"": 0.16446837448075735, ""kw_tactic_jaccard"": 0.0, ""mitigation_overlap"": 0.03636363636363636}"
T1574.002,CWE-779,0.1385,,"{""title_sim"": 0.4390243902439025, ""desc_sim"": 0.022784721227948966, ""kw_tactic_jaccard"": 0.0, ""mitigation_overlap"": 0.0}"
T1574.002,CWE-545,0.1363,,"{""title_sim"": 0.3571428571428571, ""desc_sim"": 0.08390556024908971, ""kw_tactic_jaccard"": 0.0, ""mitigation_overlap"": 0.019801980198019802}"
T1574.002,CWE-609,0.1328,,"{""title_sim"": 0.4210526315789474, ""desc_sim"": 0.014457152286857311, ""kw_tactic_jaccard"": 0.0, ""mitigation_overlap"": 0.010638297872340425}"
T1105,CWE-1075,0.2594,boost_common_term:transfer,"{""title_sim"": 0.5517241379310345, ""desc_sim"": 0.1349391086197938, ""kw_tactic_jaccard"": 0.0, ""mitigation_overlap"": 0.017142857142857144}"
T1105,CWE-669,0.2437,boost_common_term:transfer,"{""title_sim"": 0.5517241379310345, ""desc_sim"": 0.08290107731628524, ""kw_tactic_jaccard"": 0.0, ""mitigation_overlap"": 0.016666666666666666}"
T1105,CWE-212,0.1841,,"{""title_sim"": 0.5517241379310345, ""desc_sim"": 0.054580844945504824, ""kw_tactic_jaccard"": 0.0, ""mitigation_overlap"": 0.01098901098901099}"
T1216.002,CWE-325,0.1211,,"{""title_sim"": 0.4, ""desc_sim"": 0.003775491929803495, ""kw_tactic_jaccard"": 0.0, ""mitigation_overlap"": 0.0}"
T1216.002,CWE-115,0.1211,,"{""title_sim"": 0.4, ""desc_sim"": 0.0036886602610104657, ""kw_tactic_jaccard"": 0.0, ""mitigation_overlap"": 0.0}"
T1216.002,CWE-311,0.1209,,"{""title_sim"": 0.4, ""desc_sim"": 0.002997554008600389, ""kw_tactic_jaccard"": 0.0, ""mitigation_overlap"": 0.0}"
T1098.002,CWE-281,0.2578,boost_common_term:permissions,"{""title_sim"": 0.5205479452054794, ""desc_sim"": 0.16343765543415054, ""kw_tactic_jaccard"": 0.0, ""mitigation_overlap"": 0.013157894736842105}"
T1098.002,CWE-276,0.2444,boost_common_term:permissions,"{""title_sim"": 0.55, ""desc_sim"": 0.09322332478664348, ""kw_tactic_jaccard"": 0.0, ""mitigation_overlap"": 0.006993006993006993}"
T1098.002,CWE-689,0.2362,boost_common_term:permissions,"{""title_sim"": 0.5060240963855421, ""desc_sim"": 0.09689396613768345, ""kw_tactic_jaccard"": 0.0, ""mitigation_overlap"": 0.026845637583892617}"
T1588.003,CWE-1291,0.3411,boost_common_term:signing;boost_subtech_title_match,"{""title_sim"": 0.6486486486486487, ""desc_sim"": 0.20586198357747312, ""kw_tactic_jaccard"": 0.0, ""mitigation_overlap"": 0.023529411764705882}"
T1588.003,CWE-561,0.2896,boost_common_term:code;boost_subtech_title_match,"{""title_sim"": 0.6153846153846154, ""desc_sim"": 0.0673780526054077, ""kw_tactic_jaccard"": 0.0, ""mitigation_overlap"": 0.023809523809523808}"
T1588.003,CWE-298,0.2531,boost_common_term:certificates,"{""title_sim"": 0.5142857142857143, ""desc_sim"": 0.1085074198424794, ""kw_tactic_jaccard"": 0.0, ""mitigation_overlap"": 0.08139534883720931}"
T1126,CWE-1331,0.2301,boost_common_term:network,"{""title_sim"": 0.5263157894736842, ""desc_sim"": 0.04003159035726438, ""kw_tactic_jaccard"": 0.0, ""mitigation_overlap"": 0.05084745762711865}"
T1126,CWE-245,0.2198,boost_common_term:connection,"{""title_sim"": 0.4523809523809524, ""desc_sim"": 0.10016304629153784, ""kw_tactic_jaccard"": 0.0, ""mitigation_overlap"": 0.02040816326530612}"
T1126,CWE-40,0.2197,boost_common_term:share,"{""title_sim"": 0.32183908045977005, ""desc_sim"": 0.20542877854009944, ""kw_tactic_jaccard"": 0.0, ""mitigation_overlap"": 0.057692307692307696}"
T1648,CWE-1423,0.2569,boost_common_term:execution,"{""title_sim"": 0.6206896551724138, ""desc_sim"": 0.041267748259155475, ""kw_tactic_jaccard"": 0.0, ""mitigation_overlap"": 0.041666666666666664}"
T1648,CWE-1342,0.2460,boost_common_term:execution,"{""title_sim"": 0.6206896551724138, ""desc_sim"": 0.028538691760750225, ""kw_tactic_jaccard"": 0.0, ""mitigation_overlap"": 0.005952380952380952}"
T1648,CWE-1421,0.2234,,"{""title_sim"": 0.6206896551724138, ""desc_sim"": 0.09645453181697779, ""kw_tactic_jaccard"": 0.0, ""mitigation_overlap"": 0.041176470588235294}"
T1548.006,CWE-785,0.2991,boost_subtech_title_match,"{""title_sim"": 0.8571428571428571, ""desc_sim"": 0.030823330737608158, ""kw_tactic_jaccard"": 0.0, ""mitigation_overlap"": 0.0136986301369863}"
T1548.006,CWE-249,0.2932,boost_subtech_title_match,"{""title_sim"": 0.8571428571428571, ""desc_sim"": 0.015530107412093503, ""kw_tactic_jaccard"": 0.0, ""mitigation_overlap"": 0.006896551724137931}"
T1548.006,CWE-85,0.1772,,"{""title_sim"": 0.5098039215686274, ""desc_sim"": 0.056814187730189855, ""kw_tactic_jaccard"": 0.0, ""mitigation_overlap"": 0.036231884057971016}"
T1084,CWE-360,0.2497,boost_common_term:event,"{""title_sim"": 0.43037974683544306, ""desc_sim"": 0.2155426305979115, ""kw_tactic_jaccard"": 0.0, ""mitigation_overlap"": 0.029411764705882353}"
T1084,CWE-778,0.2327,boost_common_term:event,"{""title_sim"": 0.32876712328767127, ""desc_sim"": 0.2536802223587798, ""kw_tactic_jaccard"": 0.0, ""mitigation_overlap"": 0.04}"
T1084,CWE-1420,0.2205,boost_common_term:event,"{""title_sim"": 0.46017699115044247, ""desc_sim"": 0.08192719222863004, ""kw_tactic_jaccard"": 0.0, ""mitigation_overlap"": 0.039473684210526314}"
T1160,CWE-188,0.1643,,"{""title_sim"": 0.5116279069767442, ""desc_sim"": 0.03009909701646715, ""kw_tactic_jaccard"": 0.0, ""mitigation_overlap"": 0.008695652173913044}"
T1160,CWE-248,0.1519,,"{""title_sim"": 0.4516129032258065, ""desc_sim"": 0.04837067571457497, ""kw_tactic_jaccard"": 0.0, ""mitigation_overlap"": 0.009523809523809525}"
T1160,CWE-617,0.1501,,"{""title_sim"": 0.4375, ""desc_sim"": 0.045502348033506314, ""kw_tactic_jaccard"": 0.0, ""mitigation_overlap"": 0.02586206896551724}"
T1055.008,CWE-497,0.2139,boost_common_term:system,"{""title_sim"": 0.48, ""desc_sim"": 0.04286509625716233, ""kw_tactic_jaccard"": 0.0, ""mitigation_overlap"": 0.03508771929824561}"
T1055.008,CWE-1249,0.2135,boost_common_term:system,"{""title_sim"": 0.48, ""desc_sim"": 0.04260167752846628, ""kw_tactic_jaccard"": 0.0, ""mitigation_overlap"": 0.03361344537815126}"
T1055.008,CWE-341,0.2126,boost_common_term:system,"{""title_sim"": 0.4615384615384615, ""desc_sim"": 0.05015331275099461, ""kw_tactic_jaccard"": 0.0, ""mitigation_overlap"": 0.045454545454545456}"
T1653,CWE-1232,0.2689,boost_common_term:power,"{""title_sim"": 0.5263157894736842, ""desc_sim"": 0.16525736909748093, ""kw_tactic_jaccard"": 0.0, ""mitigation_overlap"": 0.056910569105691054}"
T1653,CWE-920,0.2410,boost_common_term:power,"{""title_sim"": 0.5263157894736842, ""desc_sim"": 0.08788098104168812, ""kw_tactic_jaccard"": 0.0, ""mitigation_overlap"": 0.03389830508474576}"
T1653,CWE-1304,0.2401,boost_common_term:power,"{""title_sim"": 0.5263157894736842, ""desc_sim"": 0.08469674540684674, ""kw_tactic_jaccard"": 0.0, ""mitigation_overlap"": 0.03389830508474576}"
T1027.007,CWE-350,0.2885,boost_common_term:resolution;boost_subtech_title_match,"{""title_sim"": 0.625, ""desc_sim"": 0.0564049831569801, ""kw_tactic_jaccard"": 0.0, ""mitigation_overlap"": 0.02054794520547945}"
T1027.007,CWE-59,0.2414,boost_subtech_title_match,"{""title_sim"": 0.625, ""desc_sim"": 0.0658097910433818, ""kw_tactic_jaccard"": 0.0, ""mitigation_overlap"": 0.020833333333333332}"
T1027.007,CWE-41,0.2398,boost_subtech_title_match,"{""title_sim"": 0.625, ""desc_sim"": 0.05653282958369192, ""kw_tactic_jaccard"": 0.0, ""mitigation_overlap"": 0.026845637583892617}"
T1021.001,CWE-1088,0.2042,boost_common_term:remote,"{""title_sim"": 0.4210526315789474, ""desc_sim"": 0.08447056058356589, ""kw_tactic_jaccard"": 0.0, ""mitigation_overlap"": 0.0125}"
T1021.001,CWE-301,0.1806,,"{""title_sim"": 0.5161290322580645, ""desc_sim"": 0.06138520608210793, ""kw_tactic_jaccard"": 0.0, ""mitigation_overlap"": 0.036585365853658534}"
T1021.001,CWE-188,0.1756,boost_common_term:protocol,"{""title_sim"": 0.37735849056603776, ""desc_sim"": 0.03334593230467607, ""kw_tactic_jaccard"": 0.0, ""mitigation_overlap"": 0.011764705882352941}"
T1037.001,CWE-64,0.1756,boost_common_term:windows,"{""title_sim"": 0.36363636363636365, ""desc_sim"": 0.03656392971705873, ""kw_tactic_jaccard"": 0.0, ""mitigation_overlap"": 0.027777777777777776}"
T1037.001,CWE-67,0.1581,boost_common_term:windows,"{""title_sim"": 0.2857142857142857, ""desc_sim"": 0.04880418440087175, ""kw_tactic_jaccard"": 0.0, ""mitigation_overlap"": 0.03896103896103896}"
T1037.001,CWE-40,0.1578,boost_common_term:windows,"{""title_sim"": 0.31168831168831174, ""desc_sim"": 0.026286099074239455, ""kw_tactic_jaccard"": 0.0, ""mitigation_overlap"": 0.03225806451612903}"
T1055.015,CWE-272,0.1598,,"{""title_sim"": 0.48648648648648646, ""desc_sim"": 0.04201547287617848, ""kw_tactic_jaccard"": 0.0, ""mitigation_overlap"": 0.006369426751592357}"
T1055.015,CWE-508,0.1465,,"{""title_sim"": 0.38095238095238093, ""desc_sim"": 0.08591661364867167, ""kw_tactic_jaccard"": 0.0, ""mitigation_overlap"": 0.03225806451612903}"
T1055.015,CWE-468,0.1441,,"{""title_sim"": 0.3783783783783784, ""desc_sim"": 0.0934642547901131, ""kw_tactic_jaccard"": 0.0, ""mitigation_overlap"": 0.01282051282051282}"
T1665,CWE-1327,0.1759,,"{""title_sim"": 0.42857142857142855, ""desc_sim"": 0.14142788299773532, ""kw_tactic_jaccard"": 0.0, ""mitigation_overlap"": 0.024390243902439025}"
T1665,CWE-1061,0.1748,boost_common_term:hide,"{""title_sim"": 0.35555555555555557, ""desc_sim"": 0.04547383034177067, ""kw_tactic_jaccard"": 0.0, ""mitigation_overlap"": 0.022598870056497175}"
T1665,CWE-696,0.1576,,"{""title_sim"": 0.46511627906976744, ""desc_sim"": 0.043942229674610096, ""kw_tactic_jaccard"": 0.0, ""mitigation_overlap"": 0.024390243902439025}"
T1484,CWE-942,0.2425,boost_common_term:policy,"{""title_sim"": 0.4489795918367347, ""desc_sim"": 0.17900125960454782, ""kw_tactic_jaccard"": 0.0, ""mitigation_overlap"": 0.02040816326530612}"
T1484,CWE-473,0.2286,boost_common_term:modification,"{""title_sim"": 0.5428571428571428, ""desc_sim"": 0.03441620356821466, ""kw_tactic_jaccard"": 0.0, ""mitigation_overlap"": 0.026845637583892617}"
T1484,CWE-213,0.2151,boost_common_term:policy,"{""title_sim"": 0.4897959183673469, ""desc_sim"": 0.047473924605743574, ""kw_tactic_jaccard"": 0.0, ""mitigation_overlap"": 0.019736842105263157}"
T1220,CWE-112,0.1816,,"{""title_sim"": 0.5116279069767442, ""desc_sim"": 0.0809714244380596, ""kw_tactic_jaccard"": 0.0, ""mitigation_overlap"": 0.01910828025477707}"
T1220,CWE-85,0.1735,boost_common_term:script,"{""title_sim"": 0.3571428571428571, ""desc_sim"": 0.037705545339785575, ""kw_tactic_jaccard"": 0.0, ""mitigation_overlap"": 0.02531645569620253}"
T1220,CWE-87,0.1578,boost_common_term:script,"{""title_sim"": 0.32352941176470595, ""desc_sim"": 0.027427628183658268, ""kw_tactic_jaccard"": 0.0, ""mitigation_overlap"": 0.012738853503184714}"
T1596.005,CWE-1094,0.2205,boost_common_term:scan,"{""title_sim"": 0.4444444444444444, ""desc_sim"": 0.1104009102091127, ""kw_tactic_jaccard"": 0.0, ""mitigation_overlap"": 0.02}"
T1596.005,CWE-779,0.1378,,"{""title_sim"": 0.4102564102564103, ""desc_sim"": 0.04273248513873154, ""kw_tactic_jaccard"": 0.0, ""mitigation_overlap"": 0.009433962264150943}"
T1596.005,CWE-23,0.1300,,"{""title_sim"": 0.3783783783783784, ""desc_sim"": 0.02383444103068003, ""kw_tactic_jaccard"": 0.0, ""mitigation_overlap"": 0.04672897196261682}"
T1564.001,CWE-552,0.3383,"boost_common_term:files,directories;boost_subtech_title_match","{""title_sim"": 0.7555555555555555, ""desc_sim"": 0.09169107715740028, ""kw_tactic_jaccard"": 0.0, ""mitigation_overlap"": 0.02054794520547945}"
T1564.001,CWE-507,0.2135,boost_common_term:hidden,"{""title_sim"": 0.35, ""desc_sim"": 0.15931327946146823, ""kw_tactic_jaccard"": 0.0, ""mitigation_overlap"": 0.053691275167785234}"
T1564.001,CWE-538,0.2087,"boost_common_term:files,directories","{""title_sim"": 0.3925233644859813, ""desc_sim"": 0.10445709866009725, ""kw_tactic_jaccard"": 0.0, ""mitigation_overlap"": 0.04794520547945205}"
T1578.001,CWE-638,0.1835,boost_common_term:create,"{""title_sim"": 0.37209302325581395, ""desc_sim"": 0.04944420542853595, ""kw_tactic_jaccard"": 0.0, ""mitigation_overlap"": 0.03529411764705882}"
T1578.001,CWE-243,0.1682,boost_common_term:create,"{""title_sim"": 0.3013698630136986, ""desc_sim"": 0.06868499899244312, ""kw_tactic_jaccard"": 0.0, ""mitigation_overlap"": 0.03614457831325301}"
T1578.001,CWE-1242,0.1590,boost_common_term:create,"{""title_sim"": 0.3076923076923077, ""desc_sim"": 0.03838733986112147, ""kw_tactic_jaccard"": 0.0, ""mitigation_overlap"": 0.025974025974025976}"
T1591.001,CWE-1300,0.2388,boost_common_term:physical,"{""title_sim"": 0.5205479452054794, ""desc_sim"": 0.09056003243675778, ""kw_tactic_jaccard"": 0.0, ""mitigation_overlap"": 0.02727272727272727}"
T1591.001,CWE-1263,0.2245,boost_common_term:physical,"{""title_sim"": 0.4666666666666666, ""desc_sim"": 0.09484893521836006, ""kw_tactic_jaccard"": 0.0, ""mitigation_overlap"": 0.030303030303030304}"
T1591.001,CWE-1384,0.2181,boost_common_term:physical,"{""title_sim"": 0.4444444444444444, ""desc_sim"": 0.10217697810850422, ""kw_tactic_jaccard"": 0.0, ""mitigation_overlap"": 0.020618556701030927}"
T1137.002,CWE-1191,0.2685,boost_common_term:test,"{""title_sim"": 0.5333333333333333, ""desc_sim"": 0.17854088543784857, ""kw_tactic_jaccard"": 0.0, ""mitigation_overlap"": 0.024691358024691357}"
T1137.002,CWE-1313,0.2626,boost_common_term:test,"{""title_sim"": 0.5333333333333333, ""desc_sim"": 0.13511688512049572, ""kw_tactic_jaccard"": 0.0, ""mitigation_overlap"": 0.060240963855421686}"
T1137.002,CWE-531,0.2539,boost_common_term:test,"{""title_sim"": 0.5333333333333333, ""desc_sim"": 0.13147134946138575, ""kw_tactic_jaccard"": 0.0, ""mitigation_overlap"": 0.022222222222222223}"
T1587,CWE-1209,0.2106,"boost_common_term:develop,capabilities","{""title_sim"": 0.3846153846153846, ""desc_sim"": 0.11360044342462806, ""kw_tactic_jaccard"": 0.0, ""mitigation_overlap"": 0.05555555555555555}"
T1587,CWE-268,0.1953,boost_common_term:capabilities,"{""title_sim"": 0.368421052631579, ""desc_sim"": 0.09455015587993866, ""kw_tactic_jaccard"": 0.0, ""mitigation_overlap"": 0.03225806451612903}"
T1587,CWE-1099,0.1600,boost_common_term:capabilities,"{""title_sim"": 0.2686567164179104, ""desc_sim"": 0.08418083778659019, ""kw_tactic_jaccard"": 0.0, ""mitigation_overlap"": 0.020833333333333332}"
T1173,CWE-322,0.2347,boost_common_term:exchange,"{""title_sim"": 0.5517241379310345, ""desc_sim"": 0.05871309769420045, ""kw_tactic_jaccard"": 0.0, ""mitigation_overlap"": 0.008064516129032258}"
T1173,CWE-502,0.1891,boost_common_term:data,"{""title_sim"": 0.4074074074074074, ""desc_sim"": 0.05088923871400995, ""kw_tactic_jaccard"": 0.0, ""mitigation_overlap"": 0.008}"
T1173,CWE-1083,0.1876,boost_common_term:data,"{""title_sim"": 0.38888888888888884, ""desc_sim"": 0.0549311558719413, ""kw_tactic_jaccard"": 0.0, ""mitigation_overlap"": 0.022388059701492536}"
T1003.003,CWE-512,0.0833,,"{""title_sim"": 0.18181818181818188, ""desc_sim"": 0.05668448601880602, ""kw_tactic_jaccard"": 0.0, ""mitigation_overlap"": 0.058823529411764705}"
T1003.003,CWE-833,0.0626,,"{""title_sim"": 0.1666666666666667, ""desc_sim"": 0.02430108533501434, ""kw_tactic_jaccard"": 0.0, ""mitigation_overlap"": 0.02631578947368421}"
T1003.003,CWE-510,0.0615,,"{""title_sim"": 0.1666666666666667, ""desc_sim"": 0.02177633013795042, ""kw_tactic_jaccard"": 0.0, ""mitigation_overlap"": 0.024691358024691357}"
T1602.001,CWE-528,0.1220,boost_common_term:dump,"{""title_sim"": 0.1866666666666667, ""desc_sim"": 0.04077685831247748, ""kw_tactic_jaccard"": 0.0, ""mitigation_overlap"": 0.018867924528301886}"
T1602.001,CWE-707,0.0937,,"{""title_sim"": 0.26315789473684204, ""desc_sim"": 0.031132589217773718, ""kw_tactic_jaccard"": 0.0, ""mitigation_overlap"": 0.02702702702702703}"
T1602.001,CWE-585,0.0932,,"{""title_sim"": 0.3076923076923077, ""desc_sim"": 0.002954419115547214, ""kw_tactic_jaccard"": 0.0, ""mitigation_overlap"": 0.0}"
T1001.002,CWE-377,0.1411,,"{""title_sim"": 0.33333333333333326, ""desc_sim"": 0.07911126304659022, ""kw_tactic_jaccard"": 0.0, ""mitigation_overlap"": 0.08695652173913043}"
T1001.002,CWE-514,0.1276,,"{""title_sim"": 0.29629629629629634, ""desc_sim"": 0.07215805930983052, ""kw_tactic_jaccard"": 0.0, ""mitigation_overlap"": 0.0851063829787234}"
T1001.002,CWE-426,0.1192,,"{""title_sim"": 0.2941176470588235, ""desc_sim"": 0.04892053882152709, ""kw_tactic_jaccard"": 0.0, ""mitigation_overlap"": 0.08163265306122448}"
T1204.001,CWE-508,0.3519,boost_common_term:malicious;boost_subtech_title_match,"{""title_sim"": 0.782608695652174, ""desc_sim"": 0.08155692759278588, ""kw_tactic_jaccard"": 0.0, ""mitigation_overlap"": 0.06349206349206349}"
T1204.001,CWE-509,0.3474,boost_common_term:malicious;boost_subtech_title_match,"{""title_sim"": 0.782608695652174, ""desc_sim"": 0.06765681896879089, ""kw_tactic_jaccard"": 0.0, ""mitigation_overlap"": 0.06153846153846154}"
T1204.001,CWE-506,0.3443,boost_common_term:malicious;boost_subtech_title_match,"{""title_sim"": 0.782608695652174, ""desc_sim"": 0.06195189251467482, ""kw_tactic_jaccard"": 0.0, ""mitigation_overlap"": 0.05454545454545454}"
T1550.001,CWE-926,0.3016,"boost_common_term:access,application;boost_subtech_title_match","{""title_sim"": 0.6285714285714286, ""desc_sim"": 0.08141124587316512, ""kw_tactic_jaccard"": 0.0, ""mitigation_overlap"": 0.04326923076923077}"
T1550.001,CWE-1065,0.2973,boost_common_term:application;boost_subtech_title_match,"{""title_sim"": 0.6285714285714286, ""desc_sim"": 0.08004931950402033, ""kw_tactic_jaccard"": 0.0, ""mitigation_overlap"": 0.023696682464454975}"
T1550.001,CWE-1259,0.2557,boost_common_term:token,"{""title_sim"": 0.4931506849315068, ""desc_sim"": 0.17369093036089248, ""kw_tactic_jaccard"": 0.0, ""mitigation_overlap"": 0.02830188679245283}"
T1547.008,CWE-369,0.1199,,"{""title_sim"": 0.3846153846153846, ""desc_sim"": 0.0150563443323248, ""kw_tactic_jaccard"": 0.0, ""mitigation_overlap"": 0.0}"
T1547.008,CWE-942,0.1154,,"{""title_sim"": 0.1891891891891892, ""desc_sim"": 0.16481153142013388, ""kw_tactic_jaccard"": 0.0, ""mitigation_overlap"": 0.04597701149425287}"
T1547.008,CWE-468,0.1138,,"{""title_sim"": 0.32432432432432434, ""desc_sim"": 0.03870475567327957, ""kw_tactic_jaccard"": 0.0, ""mitigation_overlap"": 0.024390243902439025}"
T1569.002,CWE-1423,0.3052,boost_common_term:execution;boost_subtech_title_match,"{""title_sim"": 0.6923076923076923, ""desc_sim"": 0.036757150715639515, ""kw_tactic_jaccard"": 0.0, ""mitigation_overlap"": 0.03260869565217391}"
T1569.002,CWE-1342,0.3019,boost_common_term:execution;boost_subtech_title_match,"{""title_sim"": 0.6923076923076923, ""desc_sim"": 0.032125389699145065, ""kw_tactic_jaccard"": 0.0, ""mitigation_overlap"": 0.022988505747126436}"
T1569.002,CWE-1112,0.2599,boost_subtech_title_match,"{""title_sim"": 0.6923076923076923, ""desc_sim"": 0.050423034034658615, ""kw_tactic_jaccard"": 0.0, ""mitigation_overlap"": 0.03529411764705882}"
T1078.004,CWE-645,0.1795,boost_common_term:accounts,"{""title_sim"": 0.3448275862068965, ""desc_sim"": 0.06510800812841562, ""kw_tactic_jaccard"": 0.0, ""mitigation_overlap"": 0.03278688524590164}"
T1078.004,CWE-797,0.1474,boost_common_term:accounts,"{""title_sim"": 0.26086956521739124, ""desc_sim"": 0.04950492762986653, ""kw_tactic_jaccard"": 0.0, ""mitigation_overlap"": 0.021505376344086023}"
T1078.004,CWE-284,0.1440,,"{""title_sim"": 0.4324324324324324, ""desc_sim"": 0.03983580161074652, ""kw_tactic_jaccard"": 0.0, ""mitigation_overlap"": 0.011560693641618497}"
T1480.001,CWE-1384,0.3987,boost_common_term:environmental;boost_subtech_title_match,"{""title_sim"": 0.7878787878787878, ""desc_sim"": 0.25492446912454186, ""kw_tactic_jaccard"": 0.0, ""mitigation_overlap"": 0.029239766081871343}"
T1480.001,CWE-323,0.1570,,"{""title_sim"": 0.44067796610169496, ""desc_sim"": 0.07045755880523846, ""kw_tactic_jaccard"": 0.0, ""mitigation_overlap"": 0.018072289156626505}"
T1480.001,CWE-187,0.1500,,"{""title_sim"": 0.4444444444444444, ""desc_sim"": 0.03649911512876702, ""kw_tactic_jaccard"": 0.0, ""mitigation_overlap"": 0.02857142857142857}"
T1008,CWE-1300,0.2836,boost_common_term:channels,"{""title_sim"": 0.64, ""desc_sim"": 0.12461654535435734, ""kw_tactic_jaccard"": 0.0, ""mitigation_overlap"": 0.02127659574468085}"
T1008,CWE-1264,0.2374,,"{""title_sim"": 0.64, ""desc_sim"": 0.13043418309084803, ""kw_tactic_jaccard"": 0.0, ""mitigation_overlap"": 0.03125}"
T1008,CWE-385,0.2066,boost_common_term:channels,"{""title_sim"": 0.4210526315789474, ""desc_sim"": 0.08401689305348824, ""kw_tactic_jaccard"": 0.0, ""mitigation_overlap"": 0.02564102564102564}"
T1680,CWE-515,0.2362,boost_common_term:storage,"{""title_sim"": 0.5333333333333333, ""desc_sim"": 0.06388458918583408, ""kw_tactic_jaccard"": 0.0, ""mitigation_overlap"": 0.035211267605633804}"
T1680,CWE-257,0.2069,boost_common_term:storage,"{""title_sim"": 0.4375, ""desc_sim"": 0.051652408499676214, ""kw_tactic_jaccard"": 0.0, ""mitigation_overlap"": 0.05063291139240506}"
T1680,CWE-1108,0.1764,boost_common_term:local,"{""title_sim"": 0.36065573770491804, ""desc_sim"": 0.0465676376596361, ""kw_tactic_jaccard"": 0.0, ""mitigation_overlap"": 0.02112676056338028}"
T1564.004,CWE-915,0.3240,boost_common_term:attributes;boost_subtech_title_match,"{""title_sim"": 0.6666666666666665, ""desc_sim"": 0.12659574790939368, ""kw_tactic_jaccard"": 0.0, ""mitigation_overlap"": 0.030303030303030304}"
T1564.004,CWE-82,0.3211,boost_common_term:attributes;boost_subtech_title_match,"{""title_sim"": 0.6666666666666665, ""desc_sim"": 0.11575110939377913, ""kw_tactic_jaccard"": 0.0, ""mitigation_overlap"": 0.031914893617021274}"
T1564.004,CWE-1321,0.3202,boost_common_term:attributes;boost_subtech_title_match,"{""title_sim"": 0.6666666666666665, ""desc_sim"": 0.12027466440721479, ""kw_tactic_jaccard"": 0.0, ""mitigation_overlap"": 0.020833333333333332}"
T1558.003,CWE-507,0.1500,,"{""title_sim"": 0.48, ""desc_sim"": 0.014941920586342266, ""kw_tactic_jaccard"": 0.0, ""mitigation_overlap"": 0.007575757575757576}"
T1558.003,CWE-667,0.1468,,"{""title_sim"": 0.48275862068965514, ""desc_sim"": 0.00659349013101525, ""kw_tactic_jaccard"": 0.0, ""mitigation_overlap"": 0.0}"
T1558.003,CWE-662,0.1428,,"{""title_sim"": 0.4324324324324324, ""desc_sim"": 0.019340251153142023, ""kw_tactic_jaccard"": 0.0, ""mitigation_overlap"": 0.036231884057971016}"
T1096,CWE-915,0.2907,boost_common_term:attributes,"{""title_sim"": 0.6666666666666665, ""desc_sim"": 0.11438009078631645, ""kw_tactic_jaccard"": 0.0, ""mitigation_overlap"": 0.031914893617021274}"
T1096,CWE-82,0.2895,boost_common_term:attributes,"{""title_sim"": 0.6666666666666665, ""desc_sim"": 0.10933076345792375, ""kw_tactic_jaccard"": 0.0, ""mitigation_overlap"": 0.033707865168539325}"
T1096,CWE-1321,0.2868,boost_common_term:attributes,"{""title_sim"": 0.6666666666666665, ""desc_sim"": 0.10797530463791148, ""kw_tactic_jaccard"": 0.0, ""mitigation_overlap"": 0.02197802197802198}"
T1003.006,CWE-512,0.1046,,"{""title_sim"": 0.3076923076923077, ""desc_sim"": 0.02524063696340483, ""kw_tactic_jaccard"": 0.0, ""mitigation_overlap"": 0.0234375}"
T1003.006,CWE-114,0.0973,,"{""title_sim"": 0.2857142857142857, ""desc_sim"": 0.027360326914788013, ""kw_tactic_jaccard"": 0.0, ""mitigation_overlap"": 0.017094017094017096}"
T1003.006,CWE-820,0.0958,,"{""title_sim"": 0.2758620689655173, ""desc_sim"": 0.03176348891402345, ""kw_tactic_jaccard"": 0.0, ""mitigation_overlap"": 0.017391304347826087}"
T1124,CWE-208,0.2412,boost_common_term:time,"{""title_sim"": 0.52, ""desc_sim"": 0.10511135745791374, ""kw_tactic_jaccard"": 0.0, ""mitigation_overlap"": 0.018518518518518517}"
T1124,CWE-385,0.2228,"boost_common_term:system,time","{""title_sim"": 0.42857142857142855, ""desc_sim"": 0.130221748815009, ""kw_tactic_jaccard"": 0.0, ""mitigation_overlap"": 0.02564102564102564}"
T1124,CWE-511,0.2194,boost_common_term:time,"{""title_sim"": 0.38888888888888884, ""desc_sim"": 0.17142579345981868, ""kw_tactic_jaccard"": 0.0, ""mitigation_overlap"": 0.00641025641025641}"
T1053.002,CWE-416,0.0959,,"{""title_sim"": 0.25, ""desc_sim"": 0.04908885809788773, ""kw_tactic_jaccard"": 0.0, ""mitigation_overlap"": 0.031055900621118012}"
T1053.002,CWE-1390,0.0706,,"{""title_sim"": 0.19047619047619052, ""desc_sim"": 0.026379293353673634, ""kw_tactic_jaccard"": 0.0, ""mitigation_overlap"": 0.027586206896551724}"
T1053.002,CWE-489,0.0692,,"{""title_sim"": 0.2105263157894737, ""desc_sim"": 0.02013141985416989, ""kw_tactic_jaccard"": 0.0, ""mitigation_overlap"": 0.0}"
T1035,CWE-1423,0.2760,boost_common_term:execution,"{""title_sim"": 0.6923076923076923, ""desc_sim"": 0.02655165157153292, ""kw_tactic_jaccard"": 0.0, ""mitigation_overlap"": 0.05172413793103448}"
T1035,CWE-1342,0.2729,boost_common_term:execution,"{""title_sim"": 0.6923076923076923, ""desc_sim"": 0.038512205186083594, ""kw_tactic_jaccard"": 0.0, ""mitigation_overlap"": 0.018518518518518517}"
T1035,CWE-250,0.2373,,"{""title_sim"": 0.6923076923076923, ""desc_sim"": 0.06180599565130769, ""kw_tactic_jaccard"": 0.0, ""mitigation_overlap"": 0.05555555555555555}"
T1055.001,CWE-1319,0.2177,boost_common_term:injection,"{""title_sim"": 0.4615384615384615, ""desc_sim"": 0.08774864398572182, ""kw_tactic_jaccard"": 0.0, ""mitigation_overlap"": 0.014388489208633094}"
T1055.001,CWE-91,0.1871,,"{""title_sim"": 0.5070422535211268, ""desc_sim"": 0.10739951713076581, ""kw_tactic_jaccard"": 0.0, ""mitigation_overlap"": 0.0136986301369863}"
T1055.001,CWE-96,0.1819,boost_common_term:library,"{""title_sim"": 0.3185840707964601, ""desc_sim"": 0.09825430417106994, ""kw_tactic_jaccard"": 0.0, ""mitigation_overlap"": 0.03424657534246575}"
T1086,CWE-1164,0.1306,,"{""title_sim"": 0.4, ""desc_sim"": 0.02992932741681757, ""kw_tactic_jaccard"": 0.0, ""mitigation_overlap"": 0.008333333333333333}"
T1086,CWE-468,0.1226,,"{""title_sim"": 0.3428571428571429, ""desc_sim"": 0.05337669292314469, ""kw_tactic_jaccard"": 0.0, ""mitigation_overlap"": 0.018518518518518517}"
T1086,CWE-561,0.1226,,"{""title_sim"": 0.31578947368421056, ""desc_sim"": 0.07967317613657626, ""kw_tactic_jaccard"": 0.0, ""mitigation_overlap"": 0.0196078431372549}"
T1588.005,CWE-248,0.1277,,"{""title_sim"": 0.3846153846153846, ""desc_sim"": 0.04099603217278171, ""kw_tactic_jaccard"": 0.0, ""mitigation_overlap"": 0.0}"
T1588.005,CWE-1061,0.1158,,"{""title_sim"": 0.35294117647058826, ""desc_sim"": 0.024073847451222537, ""kw_tactic_jaccard"": 0.0, ""mitigation_overlap"": 0.013422818791946308}"
T1588.005,CWE-613,0.1154,,"{""title_sim"": 0.358974358974359, ""desc_sim"": 0.020944302817216237, ""kw_tactic_jaccard"": 0.0, ""mitigation_overlap"": 0.0072992700729927005}"
T1556,CWE-1390,0.3541,boost_common_term:authentication,"{""title_sim"": 0.8484848484848484, ""desc_sim"": 0.1505859797450275, ""kw_tactic_jaccard"": 0.0, ""mitigation_overlap"": 0.02197802197802198}"
T1556,CWE-603,0.3037,boost_common_term:authentication,"{""title_sim"": 0.6511627906976745, ""desc_sim"": 0.1720069702258116, ""kw_tactic_jaccard"": 0.0, ""mitigation_overlap"": 0.033707865168539325}"
T1556,CWE-305,0.3006,boost_common_term:authentication,"{""title_sim"": 0.6511627906976745, ""desc_sim"": 0.17665792123517357, ""kw_tactic_jaccard"": 0.0, ""mitigation_overlap"": 0.011363636363636364}"
T1546.017,CWE-127,0.1460,,"{""title_sim"": 0.4444444444444444, ""desc_sim"": 0.022024280086654892, ""kw_tactic_jaccard"": 0.0, ""mitigation_overlap"": 0.03007518796992481}"
T1546.017,CWE-415,0.1455,,"{""title_sim"": 0.4761904761904762, ""desc_sim"": 0.008677235233449232, ""kw_tactic_jaccard"": 0.0, ""mitigation_overlap"": 0.0}"
T1546.017,CWE-710,0.1247,boost_common_term:rules,"{""title_sim"": 0.1666666666666667, ""desc_sim"": 0.07758983188192667, ""kw_tactic_jaccard"": 0.0, ""mitigation_overlap"": 0.0072992700729927005}"
T1056.004,CWE-1273,0.2353,boost_subtech_title_match,"{""title_sim"": 0.625, ""desc_sim"": 0.0434785176916733, ""kw_tactic_jaccard"": 0.0, ""mitigation_overlap"": 0.023809523809523808}"
T1056.004,CWE-622,0.2207,boost_common_term:api,"{""title_sim"": 0.38235294117647056, ""desc_sim"": 0.1662036143641549, ""kw_tactic_jaccard"": 0.0, ""mitigation_overlap"": 0.03076923076923077}"
T1056.004,CWE-589,0.2061,boost_common_term:api,"{""title_sim"": 0.41666666666666663, ""desc_sim"": 0.08415219664972799, ""kw_tactic_jaccard"": 0.0, ""mitigation_overlap"": 0.029411764705882353}"
T1495,CWE-1277,0.2902,boost_common_term:firmware,"{""title_sim"": 0.5925925925925926, ""desc_sim"": 0.18407344652870372, ""kw_tactic_jaccard"": 0.0, ""mitigation_overlap"": 0.03614457831325301}"
T1495,CWE-1351,0.2084,boost_common_term:firmware,"{""title_sim"": 0.3260869565217391, ""desc_sim"": 0.1702834533437965, ""kw_tactic_jaccard"": 0.0, ""mitigation_overlap"": 0.047619047619047616}"
T1495,CWE-1193,0.1813,boost_common_term:firmware,"{""title_sim"": 0.32258064516129037, ""desc_sim"": 0.09037408486728106, ""kw_tactic_jaccard"": 0.0, ""mitigation_overlap"": 0.037037037037037035}"
T1490,CWE-15,0.1934,boost_common_term:system,"{""title_sim"": 0.41379310344827586, ""desc_sim"": 0.05301990767098669, ""kw_tactic_jaccard"": 0.0, ""mitigation_overlap"": 0.016574585635359115}"
T1490,CWE-497,0.1920,boost_common_term:system,"{""title_sim"": 0.41379310344827586, ""desc_sim"": 0.04200349709818339, ""kw_tactic_jaccard"": 0.0, ""mitigation_overlap"": 0.026455026455026454}"
T1490,CWE-1276,0.1908,boost_common_term:system,"{""title_sim"": 0.41379310344827586, ""desc_sim"": 0.04458956979816694, ""kw_tactic_jaccard"": 0.0, ""mitigation_overlap"": 0.016483516483516484}"
T1546.007,CWE-1124,0.1378,,"{""title_sim"": 0.4, ""desc_sim"": 0.025839640828054962, ""kw_tactic_jaccard"": 0.0, ""mitigation_overlap"": 0.05}"
T1546.007,CWE-605,0.1270,,"{""title_sim"": 0.3829787234042554, ""desc_sim"": 0.01646858073916482, ""kw_tactic_jaccard"": 0.0, ""mitigation_overlap"": 0.03571428571428571}"
T1546.007,CWE-67,0.1259,,"{""title_sim"": 0.3859649122807018, ""desc_sim"": 0.020828898344342747, ""kw_tactic_jaccard"": 0.0, ""mitigation_overlap"": 0.019230769230769232}"
T1566.003,CWE-67,0.1839,boost_common_term:service,"{""title_sim"": 0.3939393939393939, ""desc_sim"": 0.04384708242696475, ""kw_tactic_jaccard"": 0.0, ""mitigation_overlap"": 0.01282051282051282}"
T1566.003,CWE-1245,0.1767,boost_common_term:service,"{""title_sim"": 0.35, ""desc_sim"": 0.05834801408228477, ""kw_tactic_jaccard"": 0.0, ""mitigation_overlap"": 0.02097902097902098}"
T1566.003,CWE-1220,0.1664,boost_common_term:via,"{""title_sim"": 0.2985074626865672, ""desc_sim"": 0.06794219179998873, ""kw_tactic_jaccard"": 0.0, ""mitigation_overlap"": 0.03225806451612903}"
T1090.001,CWE-206,0.3409,boost_common_term:internal;boost_subtech_title_match,"{""title_sim"": 0.7272727272727272, ""desc_sim"": 0.12903149258138163, ""kw_tactic_jaccard"": 0.0, ""mitigation_overlap"": 0.020202020202020204}"
T1090.001,CWE-1244,0.3287,boost_common_term:internal;boost_subtech_title_match,"{""title_sim"": 0.7272727272727272, ""desc_sim"": 0.09496269174204072, ""kw_tactic_jaccard"": 0.0, ""mitigation_overlap"": 0.010101010101010102}"
T1090.001,CWE-45,0.3267,boost_common_term:internal;boost_subtech_title_match,"{""title_sim"": 0.7272727272727272, ""desc_sim"": 0.08250432941699988, ""kw_tactic_jaccard"": 0.0, ""mitigation_overlap"": 0.01904761904761905}"
T1216,CWE-1423,0.2136,boost_common_term:execution,"{""title_sim"": 0.4736842105263158, ""desc_sim"": 0.039270821709105036, ""kw_tactic_jaccard"": 0.0, ""mitigation_overlap"": 0.04838709677419355}"
T1216,CWE-1342,0.2100,boost_common_term:execution,"{""title_sim"": 0.4736842105263158, ""desc_sim"": 0.04805425505275716, ""kw_tactic_jaccard"": 0.0, ""mitigation_overlap"": 0.017241379310344827}"
T1216,CWE-15,0.2071,boost_common_term:system,"{""title_sim"": 0.475, ""desc_sim"": 0.03591216451892673, ""kw_tactic_jaccard"": 0.0, ""mitigation_overlap"": 0.019230769230769232}"
T1094,CWE-114,0.2188,,"{""title_sim"": 0.6363636363636364, ""desc_sim"": 0.06573140487097887, ""kw_tactic_jaccard"": 0.0, ""mitigation_overlap"": 0.04081632653061224}"
T1094,CWE-756,0.2168,boost_common_term:custom,"{""title_sim"": 0.43333333333333335, ""desc_sim"": 0.108522498828725, ""kw_tactic_jaccard"": 0.0, ""mitigation_overlap"": 0.02127659574468085}"
T1094,CWE-939,0.2167,boost_common_term:custom,"{""title_sim"": 0.4444444444444444, ""desc_sim"": 0.08509866407466136, ""kw_tactic_jaccard"": 0.0, ""mitigation_overlap"": 0.0392156862745098}"
T1102.001,CWE-561,0.3065,boost_common_term:dead;boost_subtech_title_match,"{""title_sim"": 0.6153846153846154, ""desc_sim"": 0.13321043493731638, ""kw_tactic_jaccard"": 0.0, ""mitigation_overlap"": 0.009708737864077669}"
T1102.001,CWE-273,0.2123,boost_common_term:drop,"{""title_sim"": 0.43636363636363634, ""desc_sim"": 0.09855654815292536, ""kw_tactic_jaccard"": 0.0, ""mitigation_overlap"": 0.009345794392523364}"
T1102.001,CWE-271,0.1916,boost_common_term:drop,"{""title_sim"": 0.3703703703703704, ""desc_sim"": 0.07654286043046094, ""kw_tactic_jaccard"": 0.0, ""mitigation_overlap"": 0.03773584905660377}"
T1118,CWE-912,0.1309,,"{""title_sim"": 0.3870967741935484, ""desc_sim"": 0.029375603851781597, ""kw_tactic_jaccard"": 0.0, ""mitigation_overlap"": 0.029850746268656716}"
T1118,CWE-20,0.1270,,"{""title_sim"": 0.38888888888888884, ""desc_sim"": 0.014790260298897328, ""kw_tactic_jaccard"": 0.0, ""mitigation_overlap"": 0.029411764705882353}"
T1118,CWE-665,0.1267,,"{""title_sim"": 0.411764705882353, ""desc_sim"": 0.0106714080082126, ""kw_tactic_jaccard"": 0.0, ""mitigation_overlap"": 0.0}"
T1001.001,CWE-1283,0.3152,boost_common_term:data;boost_subtech_title_match,"{""title_sim"": 0.6153846153846154, ""desc_sim"": 0.14204654999109229, ""kw_tactic_jaccard"": 0.0, ""mitigation_overlap"": 0.04}"
T1001.001,CWE-488,0.3032,boost_common_term:data;boost_subtech_title_match,"{""title_sim"": 0.6153846153846154, ""desc_sim"": 0.09098948775470128, ""kw_tactic_jaccard"": 0.0, ""mitigation_overlap"": 0.05660377358490566}"
T1001.001,CWE-1422,0.3006,boost_common_term:data;boost_subtech_title_match,"{""title_sim"": 0.6153846153846154, ""desc_sim"": 0.09535319697358176, ""kw_tactic_jaccard"": 0.0, ""mitigation_overlap"": 0.037037037037037035}"
T1598.001,CWE-67,0.1828,boost_common_term:service,"{""title_sim"": 0.3870967741935484, ""desc_sim"": 0.04207483105719145, ""kw_tactic_jaccard"": 0.0, ""mitigation_overlap"": 0.02040816326530612}"
T1598.001,CWE-1273,0.1627,,"{""title_sim"": 0.45283018867924524, ""desc_sim"": 0.06294757397697208, ""kw_tactic_jaccard"": 0.0, ""mitigation_overlap"": 0.04}"
T1598.001,CWE-1245,0.1594,boost_common_term:service,"{""title_sim"": 0.3421052631578948, ""desc_sim"": 0.02253502152600013, ""kw_tactic_jaccard"": 0.0, ""mitigation_overlap"": 0.0}"
T1043,CWE-605,0.2180,boost_common_term:port,"{""title_sim"": 0.3673469387755102, ""desc_sim"": 0.15808039816722624, ""kw_tactic_jaccard"": 0.0, ""mitigation_overlap"": 0.05194805194805195}"
T1043,CWE-515,0.2003,boost_common_term:used,"{""title_sim"": 0.45, ""desc_sim"": 0.020778116107026127, ""kw_tactic_jaccard"": 0.0, ""mitigation_overlap"": 0.045454545454545456}"
T1043,CWE-597,0.1925,boost_common_term:used,"{""title_sim"": 0.43333333333333335, ""desc_sim"": 0.02513069145677922, ""kw_tactic_jaccard"": 0.0, ""mitigation_overlap"": 0.025}"
T1505.006,CWE-276,0.1717,boost_common_term:installation,"{""title_sim"": 0.31578947368421056, ""desc_sim"": 0.07781984736293442, ""kw_tactic_jaccard"": 0.0, ""mitigation_overlap"": 0.018292682926829267}"
T1505.006,CWE-455,0.1714,,"{""title_sim"": 0.4918032786885246, ""desc_sim"": 0.05053630150848903, ""kw_tactic_jaccard"": 0.0, ""mitigation_overlap"": 0.043478260869565216}"
T1505.006,CWE-1419,0.1651,,"{""title_sim"": 0.53125, ""desc_sim"": 0.015156143260116465, ""kw_tactic_jaccard"": 0.0, ""mitigation_overlap"": 0.005813953488372093}"
T1552.007,CWE-589,0.2163,boost_common_term:api,"{""title_sim"": 0.4102564102564103, ""desc_sim"": 0.09577946427544572, ""kw_tactic_jaccard"": 0.0, ""mitigation_overlap"": 0.07246376811594203}"
T1552.007,CWE-648,0.1904,boost_common_term:api,"{""title_sim"": 0.35555555555555557, ""desc_sim"": 0.0835819237973929, ""kw_tactic_jaccard"": 0.0, ""mitigation_overlap"": 0.043478260869565216}"
T1552.007,CWE-216,0.1668,boost_common_term:container,"{""title_sim"": 0.32258064516129037, ""desc_sim"": 0.05847419920900034, ""kw_tactic_jaccard"": 0.0, ""mitigation_overlap"": 0.012345679012345678}"
T1584.001,CWE-942,0.4250,boost_common_term:domains;boost_subtech_title_match,"{""title_sim"": 1.0, ""desc_sim"": 0.1398679915476186, ""kw_tactic_jaccard"": 0.0, ""mitigation_overlap"": 0.015384615384615385}"
T1584.001,CWE-65,0.1282,,"{""title_sim"": 0.33333333333333326, ""desc_sim"": 0.06365510536559305, ""kw_tactic_jaccard"": 0.0, ""mitigation_overlap"": 0.045454545454545456}"
T1584.001,CWE-221,0.1231,,"{""title_sim"": 0.3428571428571429, ""desc_sim"": 0.05669171611377719, ""kw_tactic_jaccard"": 0.0, ""mitigation_overlap"": 0.016129032258064516}"
T1505.001,CWE-564,0.2719,boost_common_term:sql,"{""title_sim"": 0.4444444444444444, ""desc_sim"": 0.24723968616883785, ""kw_tactic_jaccard"": 0.0, ""mitigation_overlap"": 0.07216494845360824}"
T1505.001,CWE-89,0.2319,boost_common_term:sql,"{""title_sim"": 0.2857142857142857, ""desc_sim"": 0.2775606836938608, ""kw_tactic_jaccard"": 0.0, ""mitigation_overlap"": 0.06451612903225806}"
T1505.001,CWE-1060,0.2181,boost_common_term:stored,"{""title_sim"": 0.25641025641025633, ""desc_sim"": 0.2768115094410058, ""kw_tactic_jaccard"": 0.0, ""mitigation_overlap"": 0.04081632653061224}"
T1556.004,CWE-1390,0.3673,boost_common_term:authentication;boost_subtech_title_match,"{""title_sim"": 0.8484848484848484, ""desc_sim"": 0.08227948332502998, ""kw_tactic_jaccard"": 0.0, ""mitigation_overlap"": 0.04054054054054054}"
T1556.004,CWE-309,0.3268,boost_common_term:authentication;boost_subtech_title_match,"{""title_sim"": 0.6511627906976745, ""desc_sim"": 0.13343573530550956, ""kw_tactic_jaccard"": 0.0, ""mitigation_overlap"": 0.05714285714285714}"
T1556.004,CWE-603,0.3229,boost_common_term:authentication;boost_subtech_title_match,"{""title_sim"": 0.6774193548387097, ""desc_sim"": 0.10476387290406766, ""kw_tactic_jaccard"": 0.0, ""mitigation_overlap"": 0.0410958904109589}"
T1561.001,CWE-433,0.2406,boost_common_term:content,"{""title_sim"": 0.5833333333333334, ""desc_sim"": 0.046536726138951955, ""kw_tactic_jaccard"": 0.0, ""mitigation_overlap"": 0.008264462809917356}"
T1561.001,CWE-594,0.1915,boost_common_term:disk,"{""title_sim"": 0.38095238095238093, ""desc_sim"": 0.08517080865731862, ""kw_tactic_jaccard"": 0.0, ""mitigation_overlap"": 0.008333333333333333}"
T1561.001,CWE-769,0.1614,boost_common_term:content,"{""title_sim"": 0.318840579710145, ""desc_sim"": 0.028984108370539635, ""kw_tactic_jaccard"": 0.0, ""mitigation_overlap"": 0.03508771929824561}"
T1213.005,CWE-422,0.2655,boost_common_term:messaging,"{""title_sim"": 0.5806451612903225, ""desc_sim"": 0.12511961104999939, ""kw_tactic_jaccard"": 0.0, ""mitigation_overlap"": 0.018867924528301886}"
T1213.005,CWE-862,0.2293,boost_subtech_title_match,"{""title_sim"": 0.6511627906976745, ""desc_sim"": 0.013100829699055181, ""kw_tactic_jaccard"": 0.0, ""mitigation_overlap"": 0.0}"
T1213.005,CWE-384,0.2222,boost_subtech_title_match,"{""title_sim"": 0.631578947368421, ""desc_sim"": 0.008953279663460913, ""kw_tactic_jaccard"": 0.0, ""mitigation_overlap"": 0.0}"
T1048.003,CWE-1420,0.2000,boost_common_term:over,"{""title_sim"": 0.38095238095238093, ""desc_sim"": 0.07619032694644107, ""kw_tactic_jaccard"": 0.0, ""mitigation_overlap"": 0.06451612903225806}"
T1048.003,CWE-1422,0.1844,boost_common_term:over,"{""title_sim"": 0.31205673758865243, ""desc_sim"": 0.09302173110163044, ""kw_tactic_jaccard"": 0.0, ""mitigation_overlap"": 0.06451612903225806}"
T1048.003,CWE-420,0.1829,,"{""title_sim"": 0.45945945945945943, ""desc_sim"": 0.1168382742153517, ""kw_tactic_jaccard"": 0.0, ""mitigation_overlap"": 0.05}"
T1027.015,CWE-546,0.1691,,"{""title_sim"": 0.48275862068965514, ""desc_sim"": 0.06139805607975123, ""kw_tactic_jaccard"": 0.0, ""mitigation_overlap"": 0.029411764705882353}"
T1027.015,CWE-384,0.1689,,"{""title_sim"": 0.5185185185185186, ""desc_sim"": 0.03048664420929751, ""kw_tactic_jaccard"": 0.0, ""mitigation_overlap"": 0.020833333333333332}"
T1027.015,CWE-507,0.1675,,"{""title_sim"": 0.43478260869565216, ""desc_sim"": 0.08142534303980772, ""kw_tactic_jaccard"": 0.0, ""mitigation_overlap"": 0.06338028169014084}"
T1574.004,CWE-609,0.1364,,"{""title_sim"": 0.4324324324324324, ""desc_sim"": 0.022179463622332186, ""kw_tactic_jaccard"": 0.0, ""mitigation_overlap"": 0.0}"
T1574.004,CWE-627,0.1351,,"{""title_sim"": 0.33333333333333326, ""desc_sim"": 0.10122379523051457, ""kw_tactic_jaccard"": 0.0, ""mitigation_overlap"": 0.0234375}"
T1574.004,CWE-431,0.1295,,"{""title_sim"": 0.4, ""desc_sim"": 0.025791360429702714, ""kw_tactic_jaccard"": 0.0, ""mitigation_overlap"": 0.008620689655172414}"
T1601.002,CWE-1249,0.2235,boost_common_term:system,"{""title_sim"": 0.42857142857142855, ""desc_sim"": 0.13008607343990947, ""kw_tactic_jaccard"": 0.0, ""mitigation_overlap"": 0.029411764705882353}"
T1601.002,CWE-15,0.2101,boost_common_term:system,"{""title_sim"": 0.42857142857142855, ""desc_sim"": 0.0899169997508397, ""kw_tactic_jaccard"": 0.0, ""mitigation_overlap"": 0.022727272727272728}"
T1601.002,CWE-341,0.2079,boost_common_term:system,"{""title_sim"": 0.4, ""desc_sim"": 0.08233404236441666, ""kw_tactic_jaccard"": 0.0, ""mitigation_overlap"": 0.06593406593406594}"
T1078.003,CWE-645,0.2074,boost_common_term:accounts,"{""title_sim"": 0.4482758620689655, ""desc_sim"": 0.048510762464224894, ""kw_tactic_jaccard"": 0.0, ""mitigation_overlap"": 0.041666666666666664}"
T1078.003,CWE-797,0.1593,boost_common_term:accounts,"{""title_sim"": 0.318840579710145, ""desc_sim"": 0.027474117227400677, ""kw_tactic_jaccard"": 0.0, ""mitigation_overlap"": 0.02702702702702703}"
T1078.003,CWE-468,0.1506,,"{""title_sim"": 0.4615384615384615, ""desc_sim"": 0.030072710509023923, ""kw_tactic_jaccard"": 0.0, ""mitigation_overlap"": 0.015625}"
T1669,CWE-414,0.1164,,"{""title_sim"": 0.375, ""desc_sim"": 0.013005291647161063, ""kw_tactic_jaccard"": 0.0, ""mitigation_overlap"": 0.0}"
T1669,CWE-65,0.1162,,"{""title_sim"": 0.32258064516129037, ""desc_sim"": 0.0493927058961601, ""kw_tactic_jaccard"": 0.0, ""mitigation_overlap"": 0.023255813953488372}"
T1669,CWE-1393,0.1158,,"{""title_sim"": 0.3783783783783784, ""desc_sim"": 0.00767134590760158, ""kw_tactic_jaccard"": 0.0, ""mitigation_overlap"": 0.0}"
T1211,CWE-396,0.1802,,"{""title_sim"": 0.48648648648648646, ""desc_sim"": 0.0896478794337113, ""kw_tactic_jaccard"": 0.0, ""mitigation_overlap"": 0.037037037037037035}"
T1211,CWE-298,0.1754,,"{""title_sim"": 0.5194805194805194, ""desc_sim"": 0.04059577464547462, ""kw_tactic_jaccard"": 0.0, ""mitigation_overlap"": 0.037037037037037035}"
T1211,CWE-693,0.1742,boost_common_term:defense,"{""title_sim"": 0.36666666666666664, ""desc_sim"": 0.035223989163507496, ""kw_tactic_jaccard"": 0.0, ""mitigation_overlap"": 0.018018018018018018}"
T1127,CWE-1104,0.2267,"boost_common_term:developer,trusted,proxy","{""title_sim"": 0.44705882352941173, ""desc_sim"": 0.11638939840355622, ""kw_tactic_jaccard"": 0.0, ""mitigation_overlap"": 0.0380952380952381}"
T1127,CWE-349,0.2169,boost_common_term:trusted,"{""title_sim"": 0.4631578947368421, ""desc_sim"": 0.08085175719686867, ""kw_tactic_jaccard"": 0.0, ""mitigation_overlap"": 0.018691588785046728}"
T1127,CWE-501,0.2104,boost_common_term:trusted,"{""title_sim"": 0.4776119402985075, ""desc_sim"": 0.05045561802399519, ""kw_tactic_jaccard"": 0.0, ""mitigation_overlap"": 0.009708737864077669}"
T1529,CWE-1249,0.1975,boost_common_term:system,"{""title_sim"": 0.42857142857142855, ""desc_sim"": 0.04529525953845235, ""kw_tactic_jaccard"": 0.0, ""mitigation_overlap"": 0.026845637583892617}"
T1529,CWE-497,0.1967,boost_common_term:system,"{""title_sim"": 0.42857142857142855, ""desc_sim"": 0.04658243225897209, ""kw_tactic_jaccard"": 0.0, ""mitigation_overlap"": 0.020689655172413793}"
T1529,CWE-15,0.1940,boost_common_term:system,"{""title_sim"": 0.42857142857142855, ""desc_sim"": 0.046445917794857974, ""kw_tactic_jaccard"": 0.0, ""mitigation_overlap"": 0.0072992700729927005}"
T1218.014,CWE-514,0.0577,,"{""title_sim"": 0.11764705882352942, ""desc_sim"": 0.050442685936382826, ""kw_tactic_jaccard"": 0.0, ""mitigation_overlap"": 0.036231884057971016}"
T1218.014,CWE-561,0.0567,,"{""title_sim"": 0.1666666666666667, ""desc_sim"": 0.012454338012341819, ""kw_tactic_jaccard"": 0.0, ""mitigation_overlap"": 0.014705882352941176}"
T1218.014,CWE-114,0.0526,,"{""title_sim"": 0.11111111111111115, ""desc_sim"": 0.04029301170378728, ""kw_tactic_jaccard"": 0.0, ""mitigation_overlap"": 0.03571428571428571}"
T1564.010,CWE-214,0.2836,boost_common_term:process,"{""title_sim"": 0.4375, ""desc_sim"": 0.3005894711985203, ""kw_tactic_jaccard"": 0.0, ""mitigation_overlap"": 0.06086956521739131}"
T1564.010,CWE-290,0.2534,boost_common_term:spoofing,"{""title_sim"": 0.5862068965517241, ""desc_sim"": 0.07446799561970581, ""kw_tactic_jaccard"": 0.0, ""mitigation_overlap"": 0.02586206896551724}"
T1564.010,CWE-114,0.2471,boost_subtech_title_match,"{""title_sim"": 0.6363636363636364, ""desc_sim"": 0.05879955339666365, ""kw_tactic_jaccard"": 0.0, ""mitigation_overlap"": 0.042735042735042736}"
T1077,CWE-422,0.2284,boost_common_term:windows,"{""title_sim"": 0.5185185185185186, ""desc_sim"": 0.046536412526373125, ""kw_tactic_jaccard"": 0.0, ""mitigation_overlap"": 0.04424778761061947}"
T1077,CWE-58,0.2257,boost_common_term:windows,"{""title_sim"": 0.5185185185185186, ""desc_sim"": 0.04306808082166408, ""kw_tactic_jaccard"": 0.0, ""mitigation_overlap"": 0.036036036036036036}"
T1077,CWE-64,0.2242,boost_common_term:windows,"{""title_sim"": 0.5283018867924528, ""desc_sim"": 0.035225523214367796, ""kw_tactic_jaccard"": 0.0, ""mitigation_overlap"": 0.02564102564102564}"
T1574.012,CWE-352,0.0724,,"{""title_sim"": 0.1777777777777777, ""desc_sim"": 0.04077678930081487, ""kw_tactic_jaccard"": 0.0, ""mitigation_overlap"": 0.034013605442176874}"
T1574.012,CWE-365,0.0694,,"{""title_sim"": 0.2083333333333333, ""desc_sim"": 0.013663021174228837, ""kw_tactic_jaccard"": 0.0, ""mitigation_overlap"": 0.013793103448275862}"
T1574.012,CWE-1176,0.0669,,"{""title_sim"": 0.15384615384615385, ""desc_sim"": 0.05543441462398886, ""kw_tactic_jaccard"": 0.0, ""mitigation_overlap"": 0.020689655172413793}"
